sep=;
tinh;khu_vuc;loai_hinh;muc_dich;ky;gia_m2_trieu;gia_thap_trieu;gia_cao_trieu;nguon;cap_nhat;so_mau;nguon_link;mau_so;vi_tri;du_an;duong
Quảng Trị;Xã Nam Cửa Việt;Đất nền / Đất nền dự án;ban;2024-10;;;;;;;;dat;lon;;
Quảng Trị;Xã Nam Cửa Việt;Đất nền / Đất nền dự án;ban;2024-10;;;;;;;;dat;nho;;
Quảng Trị;Xã Nam Cửa Việt;Đất nền / Đất nền dự án;ban;2024-10;;;;;;;;dat;kiet;;
Quảng Trị;Xã Nam Cửa Việt;Đất nền / Đất nền dự án;ban;2024-11;;;;;;;;dat;lon;;
Quảng Trị;Xã Nam Cửa Việt;Đất nền / Đất nền dự án;ban;2024-11;;;;;;;;dat;nho;;
Quảng Trị;Xã Nam Cửa Việt;Đất nền / Đất nền dự án;ban;2024-11;;;;;;;;dat;kiet;;
Quảng Trị;Xã Nam Cửa Việt;Đất nền / Đất nền dự án;ban;2024-12;;;;;;;;dat;lon;;
Quảng Trị;Xã Nam Cửa Việt;Đất nền / Đất nền dự án;ban;2024-12;;;;;;;;dat;nho;;
Quảng Trị;Xã Nam Cửa Việt;Đất nền / Đất nền dự án;ban;2024-12;;;;;;;;dat;kiet;;
Quảng Trị;Xã Nam Cửa Việt;Đất nền / Đất nền dự án;ban;2025-01;;;;;;;;dat;lon;;
Quảng Trị;Xã Nam Cửa Việt;Đất nền / Đất nền dự án;ban;2025-01;;;;;;;;dat;nho;;
Quảng Trị;Xã Nam Cửa Việt;Đất nền / Đất nền dự án;ban;2025-01;;;;;;;;dat;kiet;;
Quảng Trị;Xã Nam Cửa Việt;Đất nền / Đất nền dự án;ban;2025-02;;;;;;;;dat;lon;;
Quảng Trị;Xã Nam Cửa Việt;Đất nền / Đất nền dự án;ban;2025-02;;;;;;;;dat;nho;;
Quảng Trị;Xã Nam Cửa Việt;Đất nền / Đất nền dự án;ban;2025-02;;;;;;;;dat;kiet;;
Quảng Trị;Xã Nam Cửa Việt;Đất nền / Đất nền dự án;ban;2025-03;;;;;;;;dat;lon;;
Quảng Trị;Xã Nam Cửa Việt;Đất nền / Đất nền dự án;ban;2025-03;;;;;;;;dat;nho;;
Quảng Trị;Xã Nam Cửa Việt;Đất nền / Đất nền dự án;ban;2025-03;;;;;;;;dat;kiet;;
Quảng Trị;Xã Nam Cửa Việt;Đất nền / Đất nền dự án;ban;2025-04;;;;;;;;dat;lon;;
Quảng Trị;Xã Nam Cửa Việt;Đất nền / Đất nền dự án;ban;2025-04;;;;;;;;dat;nho;;
Quảng Trị;Xã Nam Cửa Việt;Đất nền / Đất nền dự án;ban;2025-04;;;;;;;;dat;kiet;;
Quảng Trị;Xã Nam Cửa Việt;Đất nền / Đất nền dự án;ban;2025-05;;;;;;;;dat;lon;;
Quảng Trị;Xã Nam Cửa Việt;Đất nền / Đất nền dự án;ban;2025-05;;;;;;;;dat;nho;;
Quảng Trị;Xã Nam Cửa Việt;Đất nền / Đất nền dự án;ban;2025-05;;;;;;;;dat;kiet;;
Quảng Trị;Xã Nam Cửa Việt;Đất nền / Đất nền dự án;ban;2025-06;;;;;;;;dat;lon;;
Quảng Trị;Xã Nam Cửa Việt;Đất nền / Đất nền dự án;ban;2025-06;;;;;;;;dat;nho;;
Quảng Trị;Xã Nam Cửa Việt;Đất nền / Đất nền dự án;ban;2025-06;;;;;;;;dat;kiet;;
Quảng Trị;Xã Nam Cửa Việt;Đất nền / Đất nền dự án;ban;2025-07;;;;;;;;dat;lon;;
Quảng Trị;Xã Nam Cửa Việt;Đất nền / Đất nền dự án;ban;2025-07;;;;;;;;dat;nho;;
Quảng Trị;Xã Nam Cửa Việt;Đất nền / Đất nền dự án;ban;2025-07;;;;;;;;dat;kiet;;
Quảng Trị;Xã Nam Cửa Việt;Đất nền / Đất nền dự án;ban;2025-08;;;;;;;;dat;lon;;
Quảng Trị;Xã Nam Cửa Việt;Đất nền / Đất nền dự án;ban;2025-08;;;;;;;;dat;nho;;
Quảng Trị;Xã Nam Cửa Việt;Đất nền / Đất nền dự án;ban;2025-08;;;;;;;;dat;kiet;;
Quảng Trị;Xã Nam Cửa Việt;Đất nền / Đất nền dự án;ban;2025-09;;;;;;;;dat;lon;;
Quảng Trị;Xã Nam Cửa Việt;Đất nền / Đất nền dự án;ban;2025-09;;;;;;;;dat;nho;;
Quảng Trị;Xã Nam Cửa Việt;Đất nền / Đất nền dự án;ban;2025-09;;;;;;;;dat;kiet;;
Quảng Trị;Xã Nam Cửa Việt;Đất nền / Đất nền dự án;ban;2025-10;;;;;;;;dat;lon;;
Quảng Trị;Xã Nam Cửa Việt;Đất nền / Đất nền dự án;ban;2025-10;;;;;;;;dat;nho;;
Quảng Trị;Xã Nam Cửa Việt;Đất nền / Đất nền dự án;ban;2025-10;;;;;;;;dat;kiet;;
Quảng Trị;Xã Nam Cửa Việt;Đất nền / Đất nền dự án;ban;2025-11;;;;;;;;dat;lon;;
Quảng Trị;Xã Nam Cửa Việt;Đất nền / Đất nền dự án;ban;2025-11;;;;;;;;dat;nho;;
Quảng Trị;Xã Nam Cửa Việt;Đất nền / Đất nền dự án;ban;2025-11;;;;;;;;dat;kiet;;
Quảng Trị;Xã Nam Cửa Việt;Đất nền / Đất nền dự án;ban;2025-12;;;;;;;;dat;lon;;
Quảng Trị;Xã Nam Cửa Việt;Đất nền / Đất nền dự án;ban;2025-12;;;;;;;;dat;nho;;
Quảng Trị;Xã Nam Cửa Việt;Đất nền / Đất nền dự án;ban;2025-12;;;;;;;;dat;kiet;;
Quảng Trị;Xã Nam Cửa Việt;Đất nền / Đất nền dự án;ban;2026-01;;;;;;;;dat;lon;;
Quảng Trị;Xã Nam Cửa Việt;Đất nền / Đất nền dự án;ban;2026-01;;;;;;;;dat;nho;;
Quảng Trị;Xã Nam Cửa Việt;Đất nền / Đất nền dự án;ban;2026-01;;;;;;;;dat;kiet;;
Quảng Trị;Xã Nam Cửa Việt;Đất nền / Đất nền dự án;ban;2026-02;;;;;;;;dat;lon;;
Quảng Trị;Xã Nam Cửa Việt;Đất nền / Đất nền dự án;ban;2026-02;;;;;;;;dat;nho;;
Quảng Trị;Xã Nam Cửa Việt;Đất nền / Đất nền dự án;ban;2026-02;;;;;;;;dat;kiet;;
Quảng Trị;Xã Nam Cửa Việt;Đất nền / Đất nền dự án;ban;2026-03;;;;;;;;dat;lon;;
Quảng Trị;Xã Nam Cửa Việt;Đất nền / Đất nền dự án;ban;2026-03;;;;;;;;dat;nho;;
Quảng Trị;Xã Nam Cửa Việt;Đất nền / Đất nền dự án;ban;2026-03;;;;;;;;dat;kiet;;
Quảng Trị;Xã Nam Cửa Việt;Đất nền / Đất nền dự án;ban;2026-04;;;;;;;;dat;lon;;
Quảng Trị;Xã Nam Cửa Việt;Đất nền / Đất nền dự án;ban;2026-04;;;;;;;;dat;nho;;
Quảng Trị;Xã Nam Cửa Việt;Đất nền / Đất nền dự án;ban;2026-04;;;;;;;;dat;kiet;;
Quảng Trị;Xã Nam Cửa Việt;Đất nền / Đất nền dự án;ban;2026-05;;;;;;;;dat;lon;;
Quảng Trị;Xã Nam Cửa Việt;Đất nền / Đất nền dự án;ban;2026-05;;;;;;;;dat;nho;;
Quảng Trị;Xã Nam Cửa Việt;Đất nền / Đất nền dự án;ban;2026-05;;;;;;;;dat;kiet;;
Quảng Trị;Xã Nam Cửa Việt;Đất nền / Đất nền dự án;ban;2026-06;;;;;;;;dat;lon;;
Quảng Trị;Xã Nam Cửa Việt;Đất nền / Đất nền dự án;ban;2026-06;;;;;;;;dat;nho;;
Quảng Trị;Xã Nam Cửa Việt;Đất nền / Đất nền dự án;ban;2026-06;;;;;;;;dat;kiet;;
Quảng Trị;Xã Nam Cửa Việt;Đất nền / Đất nền dự án;ban;2026-07;;;;;;;;dat;lon;;
Quảng Trị;Xã Nam Cửa Việt;Đất nền / Đất nền dự án;ban;2026-07;;;;;;;;dat;nho;;
Quảng Trị;Xã Nam Cửa Việt;Đất nền / Đất nền dự án;ban;2026-07;;;;;;;;dat;kiet;;
Quảng Trị;Xã Nam Cửa Việt;Đất nền / Đất nền dự án;ban;2026-08;;;;;;;;dat;lon;;
Quảng Trị;Xã Nam Cửa Việt;Đất nền / Đất nền dự án;ban;2026-08;;;;;;;;dat;nho;;
Quảng Trị;Xã Nam Cửa Việt;Đất nền / Đất nền dự án;ban;2026-08;;;;;;;;dat;kiet;;
Quảng Trị;Xã Nam Cửa Việt;Đất nền / Đất nền dự án;ban;2026-09;;;;;;;;dat;lon;;
Quảng Trị;Xã Nam Cửa Việt;Đất nền / Đất nền dự án;ban;2026-09;;;;;;;;dat;nho;;
Quảng Trị;Xã Nam Cửa Việt;Đất nền / Đất nền dự án;ban;2026-09;;;;;;;;dat;kiet;;
Đà Nẵng;Phường Ngũ Hành Sơn;Căn hộ;thue;2024-10;;;;;;;;can;;;
Đà Nẵng;Phường Ngũ Hành Sơn;Căn hộ;thue;2024-11;;;;;;;;can;;;
Đà Nẵng;Phường Ngũ Hành Sơn;Căn hộ;thue;2024-12;;;;;;;;can;;;
Đà Nẵng;Phường Ngũ Hành Sơn;Căn hộ;thue;2025-01;;;;;;;;can;;;
Đà Nẵng;Phường Ngũ Hành Sơn;Căn hộ;thue;2025-02;;;;;;;;can;;;
Đà Nẵng;Phường Ngũ Hành Sơn;Căn hộ;thue;2025-03;;;;;;;;can;;;
Đà Nẵng;Phường Ngũ Hành Sơn;Căn hộ;thue;2025-04;;;;;;;;can;;;
Đà Nẵng;Phường Ngũ Hành Sơn;Căn hộ;thue;2025-05;;;;;;;;can;;;
Đà Nẵng;Phường Ngũ Hành Sơn;Căn hộ;thue;2025-06;;;;;;;;can;;;
Đà Nẵng;Phường Ngũ Hành Sơn;Căn hộ;thue;2025-07;;;;;;;;can;;;
Đà Nẵng;Phường Ngũ Hành Sơn;Căn hộ;thue;2025-08;;;;;;;;can;;;
Đà Nẵng;Phường Ngũ Hành Sơn;Căn hộ;thue;2025-09;;;;;;;;can;;;
Đà Nẵng;Phường Ngũ Hành Sơn;Căn hộ;thue;2025-10;;;;;;;;can;;;
Đà Nẵng;Phường Ngũ Hành Sơn;Căn hộ;thue;2025-11;;;;;;;;can;;;
Đà Nẵng;Phường Ngũ Hành Sơn;Căn hộ;thue;2025-12;;;;;;;;can;;;
Đà Nẵng;Phường Ngũ Hành Sơn;Căn hộ;thue;2026-01;;;;;;;;can;;;
Đà Nẵng;Phường Ngũ Hành Sơn;Căn hộ;thue;2026-02;;;;;;;;can;;;
Đà Nẵng;Phường Ngũ Hành Sơn;Căn hộ;thue;2026-03;;;;;;;;can;;;
Đà Nẵng;Phường Ngũ Hành Sơn;Căn hộ;thue;2026-04;;;;;;;;can;;;
Đà Nẵng;Phường Ngũ Hành Sơn;Căn hộ;thue;2026-05;;;;;;;;can;;;
Đà Nẵng;Phường Ngũ Hành Sơn;Căn hộ;thue;2026-06;;;;;;;;can;;;
Đà Nẵng;Phường Ngũ Hành Sơn;Căn hộ;thue;2026-07;;;;;;;;can;;;
Đà Nẵng;Phường Ngũ Hành Sơn;Căn hộ;thue;2026-08;;;;;;;;can;;;
Đà Nẵng;Phường Ngũ Hành Sơn;Căn hộ;thue;2026-09;;;;;;;;can;;;
Đà Nẵng;Phường Hòa Xuân;Nhà mặt phố;ban;2024-10;;;;;;;;san;lon;;
Đà Nẵng;Phường Hòa Xuân;Nhà mặt phố;ban;2024-10;;;;;;;;san;nho;;
Đà Nẵng;Phường Hòa Xuân;Nhà mặt phố;ban;2024-10;;;;;;;;san;kiet;;
Đà Nẵng;Phường Hòa Xuân;Nhà mặt phố;ban;2024-11;;;;;;;;san;lon;;
Đà Nẵng;Phường Hòa Xuân;Nhà mặt phố;ban;2024-11;;;;;;;;san;nho;;
Đà Nẵng;Phường Hòa Xuân;Nhà mặt phố;ban;2024-11;;;;;;;;san;kiet;;
Đà Nẵng;Phường Hòa Xuân;Nhà mặt phố;ban;2024-12;;;;;;;;san;lon;;
Đà Nẵng;Phường Hòa Xuân;Nhà mặt phố;ban;2024-12;;;;;;;;san;nho;;
Đà Nẵng;Phường Hòa Xuân;Nhà mặt phố;ban;2024-12;;;;;;;;san;kiet;;
Đà Nẵng;Phường Hòa Xuân;Nhà mặt phố;ban;2025-01;;;;;;;;san;lon;;
Đà Nẵng;Phường Hòa Xuân;Nhà mặt phố;ban;2025-01;;;;;;;;san;nho;;
Đà Nẵng;Phường Hòa Xuân;Nhà mặt phố;ban;2025-01;;;;;;;;san;kiet;;
Đà Nẵng;Phường Hòa Xuân;Nhà mặt phố;ban;2025-02;;;;;;;;san;lon;;
Đà Nẵng;Phường Hòa Xuân;Nhà mặt phố;ban;2025-02;;;;;;;;san;nho;;
Đà Nẵng;Phường Hòa Xuân;Nhà mặt phố;ban;2025-02;;;;;;;;san;kiet;;
Đà Nẵng;Phường Hòa Xuân;Nhà mặt phố;ban;2025-03;;;;;;;;san;lon;;
Đà Nẵng;Phường Hòa Xuân;Nhà mặt phố;ban;2025-03;;;;;;;;san;nho;;
Đà Nẵng;Phường Hòa Xuân;Nhà mặt phố;ban;2025-03;;;;;;;;san;kiet;;
Đà Nẵng;Phường Hòa Xuân;Nhà mặt phố;ban;2025-04;;;;;;;;san;lon;;
Đà Nẵng;Phường Hòa Xuân;Nhà mặt phố;ban;2025-04;;;;;;;;san;nho;;
Đà Nẵng;Phường Hòa Xuân;Nhà mặt phố;ban;2025-04;;;;;;;;san;kiet;;
Đà Nẵng;Phường Hòa Xuân;Nhà mặt phố;ban;2025-05;;;;;;;;san;lon;;
Đà Nẵng;Phường Hòa Xuân;Nhà mặt phố;ban;2025-05;;;;;;;;san;nho;;
Đà Nẵng;Phường Hòa Xuân;Nhà mặt phố;ban;2025-05;;;;;;;;san;kiet;;
Đà Nẵng;Phường Hòa Xuân;Nhà mặt phố;ban;2025-06;;;;;;;;san;lon;;
Đà Nẵng;Phường Hòa Xuân;Nhà mặt phố;ban;2025-06;;;;;;;;san;nho;;
Đà Nẵng;Phường Hòa Xuân;Nhà mặt phố;ban;2025-06;;;;;;;;san;kiet;;
Đà Nẵng;Phường Hòa Xuân;Nhà mặt phố;ban;2025-07;;;;;;;;san;lon;;
Đà Nẵng;Phường Hòa Xuân;Nhà mặt phố;ban;2025-07;;;;;;;;san;nho;;
Đà Nẵng;Phường Hòa Xuân;Nhà mặt phố;ban;2025-07;;;;;;;;san;kiet;;
Đà Nẵng;Phường Hòa Xuân;Nhà mặt phố;ban;2025-08;;;;;;;;san;lon;;
Đà Nẵng;Phường Hòa Xuân;Nhà mặt phố;ban;2025-08;;;;;;;;san;nho;;
Đà Nẵng;Phường Hòa Xuân;Nhà mặt phố;ban;2025-08;;;;;;;;san;kiet;;
Đà Nẵng;Phường Hòa Xuân;Nhà mặt phố;ban;2025-09;;;;;;;;san;lon;;
Đà Nẵng;Phường Hòa Xuân;Nhà mặt phố;ban;2025-09;;;;;;;;san;nho;;
Đà Nẵng;Phường Hòa Xuân;Nhà mặt phố;ban;2025-09;;;;;;;;san;kiet;;
Đà Nẵng;Phường Hòa Xuân;Nhà mặt phố;ban;2025-10;;;;;;;;san;lon;;
Đà Nẵng;Phường Hòa Xuân;Nhà mặt phố;ban;2025-10;;;;;;;;san;nho;;
Đà Nẵng;Phường Hòa Xuân;Nhà mặt phố;ban;2025-10;;;;;;;;san;kiet;;
Đà Nẵng;Phường Hòa Xuân;Nhà mặt phố;ban;2025-11;;;;;;;;san;lon;;
Đà Nẵng;Phường Hòa Xuân;Nhà mặt phố;ban;2025-11;;;;;;;;san;nho;;
Đà Nẵng;Phường Hòa Xuân;Nhà mặt phố;ban;2025-11;;;;;;;;san;kiet;;
Đà Nẵng;Phường Hòa Xuân;Nhà mặt phố;ban;2025-12;;;;;;;;san;lon;;
Đà Nẵng;Phường Hòa Xuân;Nhà mặt phố;ban;2025-12;;;;;;;;san;nho;;
Đà Nẵng;Phường Hòa Xuân;Nhà mặt phố;ban;2025-12;;;;;;;;san;kiet;;
Đà Nẵng;Phường Hòa Xuân;Nhà mặt phố;ban;2026-01;;;;;;;;san;lon;;
Đà Nẵng;Phường Hòa Xuân;Nhà mặt phố;ban;2026-01;;;;;;;;san;nho;;
Đà Nẵng;Phường Hòa Xuân;Nhà mặt phố;ban;2026-01;;;;;;;;san;kiet;;
Đà Nẵng;Phường Hòa Xuân;Nhà mặt phố;ban;2026-02;;;;;;;;san;lon;;
Đà Nẵng;Phường Hòa Xuân;Nhà mặt phố;ban;2026-02;;;;;;;;san;nho;;
Đà Nẵng;Phường Hòa Xuân;Nhà mặt phố;ban;2026-02;;;;;;;;san;kiet;;
Đà Nẵng;Phường Hòa Xuân;Nhà mặt phố;ban;2026-03;;;;;;;;san;lon;;
Đà Nẵng;Phường Hòa Xuân;Nhà mặt phố;ban;2026-03;;;;;;;;san;nho;;
Đà Nẵng;Phường Hòa Xuân;Nhà mặt phố;ban;2026-03;;;;;;;;san;kiet;;
Đà Nẵng;Phường Hòa Xuân;Nhà mặt phố;ban;2026-04;;;;;;;;san;lon;;
Đà Nẵng;Phường Hòa Xuân;Nhà mặt phố;ban;2026-04;;;;;;;;san;nho;;
Đà Nẵng;Phường Hòa Xuân;Nhà mặt phố;ban;2026-04;;;;;;;;san;kiet;;
Đà Nẵng;Phường Hòa Xuân;Nhà mặt phố;ban;2026-05;;;;;;;;san;lon;;
Đà Nẵng;Phường Hòa Xuân;Nhà mặt phố;ban;2026-05;;;;;;;;san;nho;;
Đà Nẵng;Phường Hòa Xuân;Nhà mặt phố;ban;2026-05;;;;;;;;san;kiet;;
Đà Nẵng;Phường Hòa Xuân;Nhà mặt phố;ban;2026-06;;;;;;;;san;lon;;
Đà Nẵng;Phường Hòa Xuân;Nhà mặt phố;ban;2026-06;;;;;;;;san;nho;;
Đà Nẵng;Phường Hòa Xuân;Nhà mặt phố;ban;2026-06;;;;;;;;san;kiet;;
Đà Nẵng;Phường Hòa Xuân;Nhà mặt phố;ban;2026-07;;;;;;;;san;lon;;
Đà Nẵng;Phường Hòa Xuân;Nhà mặt phố;ban;2026-07;;;;;;;;san;nho;;
Đà Nẵng;Phường Hòa Xuân;Nhà mặt phố;ban;2026-07;;;;;;;;san;kiet;;
Đà Nẵng;Phường Hòa Xuân;Nhà mặt phố;ban;2026-08;;;;;;;;san;lon;;
Đà Nẵng;Phường Hòa Xuân;Nhà mặt phố;ban;2026-08;;;;;;;;san;nho;;
Đà Nẵng;Phường Hòa Xuân;Nhà mặt phố;ban;2026-08;;;;;;;;san;kiet;;
Đà Nẵng;Phường Hòa Xuân;Nhà mặt phố;ban;2026-09;;;;;;;;san;lon;;
Đà Nẵng;Phường Hòa Xuân;Nhà mặt phố;ban;2026-09;;;;;;;;san;nho;;
Đà Nẵng;Phường Hòa Xuân;Nhà mặt phố;ban;2026-09;;;;;;;;san;kiet;;
Gia Lai;Phường Quy Nhơn Đông;Căn hộ;ban;2024-10;;;;;;;;can;;;
Gia Lai;Phường Quy Nhơn Đông;Căn hộ;ban;2024-11;;;;;;;;can;;;
Gia Lai;Phường Quy Nhơn Đông;Căn hộ;ban;2024-12;;;;;;;;can;;;
Gia Lai;Phường Quy Nhơn Đông;Căn hộ;ban;2025-01;;;;;;;;can;;;
Gia Lai;Phường Quy Nhơn Đông;Căn hộ;ban;2025-02;;;;;;;;can;;;
Gia Lai;Phường Quy Nhơn Đông;Căn hộ;ban;2025-03;;;;;;;;can;;;
Gia Lai;Phường Quy Nhơn Đông;Căn hộ;ban;2025-04;;;;;;;;can;;;
Gia Lai;Phường Quy Nhơn Đông;Căn hộ;ban;2025-05;;;;;;;;can;;;
Gia Lai;Phường Quy Nhơn Đông;Căn hộ;ban;2025-06;;;;;;;;can;;;
Gia Lai;Phường Quy Nhơn Đông;Căn hộ;ban;2025-07;;;;;;;;can;;;
Gia Lai;Phường Quy Nhơn Đông;Căn hộ;ban;2025-08;;;;;;;;can;;;
Gia Lai;Phường Quy Nhơn Đông;Căn hộ;ban;2025-09;;;;;;;;can;;;
Gia Lai;Phường Quy Nhơn Đông;Căn hộ;ban;2025-10;;;;;;;;can;;;
Gia Lai;Phường Quy Nhơn Đông;Căn hộ;ban;2025-11;;;;;;;;can;;;
Gia Lai;Phường Quy Nhơn Đông;Căn hộ;ban;2025-12;;;;;;;;can;;;
Gia Lai;Phường Quy Nhơn Đông;Căn hộ;ban;2026-01;;;;;;;;can;;;
Gia Lai;Phường Quy Nhơn Đông;Căn hộ;ban;2026-02;;;;;;;;can;;;
Gia Lai;Phường Quy Nhơn Đông;Căn hộ;ban;2026-03;;;;;;;;can;;;
Gia Lai;Phường Quy Nhơn Đông;Căn hộ;ban;2026-04;;;;;;;;can;;;
Gia Lai;Phường Quy Nhơn Đông;Căn hộ;ban;2026-05;;;;;;;;can;;;
Gia Lai;Phường Quy Nhơn Đông;Căn hộ;ban;2026-06;;;;;;;;can;;;
Gia Lai;Phường Quy Nhơn Đông;Căn hộ;ban;2026-07;;;;;;;;can;;;
Gia Lai;Phường Quy Nhơn Đông;Căn hộ;ban;2026-08;;;;;;;;can;;;
Gia Lai;Phường Quy Nhơn Đông;Căn hộ;ban;2026-09;;;;;;;;can;;;
Huế;Phường An Cựu;Nhà phố thương mại;thue;2024-10;;;;;;;;san;lon;;
Huế;Phường An Cựu;Nhà phố thương mại;thue;2024-10;;;;;;;;san;nho;;
Huế;Phường An Cựu;Nhà phố thương mại;thue;2024-10;;;;;;;;san;kiet;;
Huế;Phường An Cựu;Nhà phố thương mại;thue;2024-11;;;;;;;;san;lon;;
Huế;Phường An Cựu;Nhà phố thương mại;thue;2024-11;;;;;;;;san;nho;;
Huế;Phường An Cựu;Nhà phố thương mại;thue;2024-11;;;;;;;;san;kiet;;
Huế;Phường An Cựu;Nhà phố thương mại;thue;2024-12;;;;;;;;san;lon;;
Huế;Phường An Cựu;Nhà phố thương mại;thue;2024-12;;;;;;;;san;nho;;
Huế;Phường An Cựu;Nhà phố thương mại;thue;2024-12;;;;;;;;san;kiet;;
Huế;Phường An Cựu;Nhà phố thương mại;thue;2025-01;;;;;;;;san;lon;;
Huế;Phường An Cựu;Nhà phố thương mại;thue;2025-01;;;;;;;;san;nho;;
Huế;Phường An Cựu;Nhà phố thương mại;thue;2025-01;;;;;;;;san;kiet;;
Huế;Phường An Cựu;Nhà phố thương mại;thue;2025-02;;;;;;;;san;lon;;
Huế;Phường An Cựu;Nhà phố thương mại;thue;2025-02;;;;;;;;san;nho;;
Huế;Phường An Cựu;Nhà phố thương mại;thue;2025-02;;;;;;;;san;kiet;;
Huế;Phường An Cựu;Nhà phố thương mại;thue;2025-03;;;;;;;;san;lon;;
Huế;Phường An Cựu;Nhà phố thương mại;thue;2025-03;;;;;;;;san;nho;;
Huế;Phường An Cựu;Nhà phố thương mại;thue;2025-03;;;;;;;;san;kiet;;
Huế;Phường An Cựu;Nhà phố thương mại;thue;2025-04;;;;;;;;san;lon;;
Huế;Phường An Cựu;Nhà phố thương mại;thue;2025-04;;;;;;;;san;nho;;
Huế;Phường An Cựu;Nhà phố thương mại;thue;2025-04;;;;;;;;san;kiet;;
Huế;Phường An Cựu;Nhà phố thương mại;thue;2025-05;;;;;;;;san;lon;;
Huế;Phường An Cựu;Nhà phố thương mại;thue;2025-05;;;;;;;;san;nho;;
Huế;Phường An Cựu;Nhà phố thương mại;thue;2025-05;;;;;;;;san;kiet;;
Huế;Phường An Cựu;Nhà phố thương mại;thue;2025-06;;;;;;;;san;lon;;
Huế;Phường An Cựu;Nhà phố thương mại;thue;2025-06;;;;;;;;san;nho;;
Huế;Phường An Cựu;Nhà phố thương mại;thue;2025-06;;;;;;;;san;kiet;;
Huế;Phường An Cựu;Nhà phố thương mại;thue;2025-07;;;;;;;;san;lon;;
Huế;Phường An Cựu;Nhà phố thương mại;thue;2025-07;;;;;;;;san;nho;;
Huế;Phường An Cựu;Nhà phố thương mại;thue;2025-07;;;;;;;;san;kiet;;
Huế;Phường An Cựu;Nhà phố thương mại;thue;2025-08;;;;;;;;san;lon;;
Huế;Phường An Cựu;Nhà phố thương mại;thue;2025-08;;;;;;;;san;nho;;
Huế;Phường An Cựu;Nhà phố thương mại;thue;2025-08;;;;;;;;san;kiet;;
Huế;Phường An Cựu;Nhà phố thương mại;thue;2025-09;;;;;;;;san;lon;;
Huế;Phường An Cựu;Nhà phố thương mại;thue;2025-09;;;;;;;;san;nho;;
Huế;Phường An Cựu;Nhà phố thương mại;thue;2025-09;;;;;;;;san;kiet;;
Huế;Phường An Cựu;Nhà phố thương mại;thue;2025-10;;;;;;;;san;lon;;
Huế;Phường An Cựu;Nhà phố thương mại;thue;2025-10;;;;;;;;san;nho;;
Huế;Phường An Cựu;Nhà phố thương mại;thue;2025-10;;;;;;;;san;kiet;;
Huế;Phường An Cựu;Nhà phố thương mại;thue;2025-11;;;;;;;;san;lon;;
Huế;Phường An Cựu;Nhà phố thương mại;thue;2025-11;;;;;;;;san;nho;;
Huế;Phường An Cựu;Nhà phố thương mại;thue;2025-11;;;;;;;;san;kiet;;
Huế;Phường An Cựu;Nhà phố thương mại;thue;2025-12;;;;;;;;san;lon;;
Huế;Phường An Cựu;Nhà phố thương mại;thue;2025-12;;;;;;;;san;nho;;
Huế;Phường An Cựu;Nhà phố thương mại;thue;2025-12;;;;;;;;san;kiet;;
Huế;Phường An Cựu;Nhà phố thương mại;thue;2026-01;;;;;;;;san;lon;;
Huế;Phường An Cựu;Nhà phố thương mại;thue;2026-01;;;;;;;;san;nho;;
Huế;Phường An Cựu;Nhà phố thương mại;thue;2026-01;;;;;;;;san;kiet;;
Huế;Phường An Cựu;Nhà phố thương mại;thue;2026-02;;;;;;;;san;lon;;
Huế;Phường An Cựu;Nhà phố thương mại;thue;2026-02;;;;;;;;san;nho;;
Huế;Phường An Cựu;Nhà phố thương mại;thue;2026-02;;;;;;;;san;kiet;;
Huế;Phường An Cựu;Nhà phố thương mại;thue;2026-03;;;;;;;;san;lon;;
Huế;Phường An Cựu;Nhà phố thương mại;thue;2026-03;;;;;;;;san;nho;;
Huế;Phường An Cựu;Nhà phố thương mại;thue;2026-03;;;;;;;;san;kiet;;
Huế;Phường An Cựu;Nhà phố thương mại;thue;2026-04;;;;;;;;san;lon;;
Huế;Phường An Cựu;Nhà phố thương mại;thue;2026-04;;;;;;;;san;nho;;
Huế;Phường An Cựu;Nhà phố thương mại;thue;2026-04;;;;;;;;san;kiet;;
Huế;Phường An Cựu;Nhà phố thương mại;thue;2026-05;;;;;;;;san;lon;;
Huế;Phường An Cựu;Nhà phố thương mại;thue;2026-05;;;;;;;;san;nho;;
Huế;Phường An Cựu;Nhà phố thương mại;thue;2026-05;;;;;;;;san;kiet;;
Huế;Phường An Cựu;Nhà phố thương mại;thue;2026-06;;;;;;;;san;lon;;
Huế;Phường An Cựu;Nhà phố thương mại;thue;2026-06;;;;;;;;san;nho;;
Huế;Phường An Cựu;Nhà phố thương mại;thue;2026-06;;;;;;;;san;kiet;;
Huế;Phường An Cựu;Nhà phố thương mại;thue;2026-07;;;;;;;;san;lon;;
Huế;Phường An Cựu;Nhà phố thương mại;thue;2026-07;;;;;;;;san;nho;;
Huế;Phường An Cựu;Nhà phố thương mại;thue;2026-07;;;;;;;;san;kiet;;
Huế;Phường An Cựu;Nhà phố thương mại;thue;2026-08;;;;;;;;san;lon;;
Huế;Phường An Cựu;Nhà phố thương mại;thue;2026-08;;;;;;;;san;nho;;
Huế;Phường An Cựu;Nhà phố thương mại;thue;2026-08;;;;;;;;san;kiet;;
Huế;Phường An Cựu;Nhà phố thương mại;thue;2026-09;;;;;;;;san;lon;;
Huế;Phường An Cựu;Nhà phố thương mại;thue;2026-09;;;;;;;;san;nho;;
Huế;Phường An Cựu;Nhà phố thương mại;thue;2026-09;;;;;;;;san;kiet;;
Lâm Đồng;Phường Tiến Thành;Nhà biệt thự / Liền kề;ban;2024-10;;;;;;;;san;lon;;
Lâm Đồng;Phường Tiến Thành;Nhà biệt thự / Liền kề;ban;2024-10;;;;;;;;san;nho;;
Lâm Đồng;Phường Tiến Thành;Nhà biệt thự / Liền kề;ban;2024-10;;;;;;;;san;kiet;;
Lâm Đồng;Phường Tiến Thành;Nhà biệt thự / Liền kề;ban;2024-11;;;;;;;;san;lon;;
Lâm Đồng;Phường Tiến Thành;Nhà biệt thự / Liền kề;ban;2024-11;;;;;;;;san;nho;;
Lâm Đồng;Phường Tiến Thành;Nhà biệt thự / Liền kề;ban;2024-11;;;;;;;;san;kiet;;
Lâm Đồng;Phường Tiến Thành;Nhà biệt thự / Liền kề;ban;2024-12;;;;;;;;san;lon;;
Lâm Đồng;Phường Tiến Thành;Nhà biệt thự / Liền kề;ban;2024-12;;;;;;;;san;nho;;
Lâm Đồng;Phường Tiến Thành;Nhà biệt thự / Liền kề;ban;2024-12;;;;;;;;san;kiet;;
Lâm Đồng;Phường Tiến Thành;Nhà biệt thự / Liền kề;ban;2025-01;;;;;;;;san;lon;;
Lâm Đồng;Phường Tiến Thành;Nhà biệt thự / Liền kề;ban;2025-01;;;;;;;;san;nho;;
Lâm Đồng;Phường Tiến Thành;Nhà biệt thự / Liền kề;ban;2025-01;;;;;;;;san;kiet;;
Lâm Đồng;Phường Tiến Thành;Nhà biệt thự / Liền kề;ban;2025-02;;;;;;;;san;lon;;
Lâm Đồng;Phường Tiến Thành;Nhà biệt thự / Liền kề;ban;2025-02;;;;;;;;san;nho;;
Lâm Đồng;Phường Tiến Thành;Nhà biệt thự / Liền kề;ban;2025-02;;;;;;;;san;kiet;;
Lâm Đồng;Phường Tiến Thành;Nhà biệt thự / Liền kề;ban;2025-03;;;;;;;;san;lon;;
Lâm Đồng;Phường Tiến Thành;Nhà biệt thự / Liền kề;ban;2025-03;;;;;;;;san;nho;;
Lâm Đồng;Phường Tiến Thành;Nhà biệt thự / Liền kề;ban;2025-03;;;;;;;;san;kiet;;
Lâm Đồng;Phường Tiến Thành;Nhà biệt thự / Liền kề;ban;2025-04;;;;;;;;san;lon;;
Lâm Đồng;Phường Tiến Thành;Nhà biệt thự / Liền kề;ban;2025-04;;;;;;;;san;nho;;
Lâm Đồng;Phường Tiến Thành;Nhà biệt thự / Liền kề;ban;2025-04;;;;;;;;san;kiet;;
Lâm Đồng;Phường Tiến Thành;Nhà biệt thự / Liền kề;ban;2025-05;;;;;;;;san;lon;;
Lâm Đồng;Phường Tiến Thành;Nhà biệt thự / Liền kề;ban;2025-05;;;;;;;;san;nho;;
Lâm Đồng;Phường Tiến Thành;Nhà biệt thự / Liền kề;ban;2025-05;;;;;;;;san;kiet;;
Lâm Đồng;Phường Tiến Thành;Nhà biệt thự / Liền kề;ban;2025-06;;;;;;;;san;lon;;
Lâm Đồng;Phường Tiến Thành;Nhà biệt thự / Liền kề;ban;2025-06;;;;;;;;san;nho;;
Lâm Đồng;Phường Tiến Thành;Nhà biệt thự / Liền kề;ban;2025-06;;;;;;;;san;kiet;;
Lâm Đồng;Phường Tiến Thành;Nhà biệt thự / Liền kề;ban;2025-07;;;;;;;;san;lon;;
Lâm Đồng;Phường Tiến Thành;Nhà biệt thự / Liền kề;ban;2025-07;;;;;;;;san;nho;;
Lâm Đồng;Phường Tiến Thành;Nhà biệt thự / Liền kề;ban;2025-07;;;;;;;;san;kiet;;
Lâm Đồng;Phường Tiến Thành;Nhà biệt thự / Liền kề;ban;2025-08;;;;;;;;san;lon;;
Lâm Đồng;Phường Tiến Thành;Nhà biệt thự / Liền kề;ban;2025-08;;;;;;;;san;nho;;
Lâm Đồng;Phường Tiến Thành;Nhà biệt thự / Liền kề;ban;2025-08;;;;;;;;san;kiet;;
Lâm Đồng;Phường Tiến Thành;Nhà biệt thự / Liền kề;ban;2025-09;;;;;;;;san;lon;;
Lâm Đồng;Phường Tiến Thành;Nhà biệt thự / Liền kề;ban;2025-09;;;;;;;;san;nho;;
Lâm Đồng;Phường Tiến Thành;Nhà biệt thự / Liền kề;ban;2025-09;;;;;;;;san;kiet;;
Lâm Đồng;Phường Tiến Thành;Nhà biệt thự / Liền kề;ban;2025-10;;;;;;;;san;lon;;
Lâm Đồng;Phường Tiến Thành;Nhà biệt thự / Liền kề;ban;2025-10;;;;;;;;san;nho;;
Lâm Đồng;Phường Tiến Thành;Nhà biệt thự / Liền kề;ban;2025-10;;;;;;;;san;kiet;;
Lâm Đồng;Phường Tiến Thành;Nhà biệt thự / Liền kề;ban;2025-11;;;;;;;;san;lon;;
Lâm Đồng;Phường Tiến Thành;Nhà biệt thự / Liền kề;ban;2025-11;;;;;;;;san;nho;;
Lâm Đồng;Phường Tiến Thành;Nhà biệt thự / Liền kề;ban;2025-11;;;;;;;;san;kiet;;
Lâm Đồng;Phường Tiến Thành;Nhà biệt thự / Liền kề;ban;2025-12;;;;;;;;san;lon;;
Lâm Đồng;Phường Tiến Thành;Nhà biệt thự / Liền kề;ban;2025-12;;;;;;;;san;nho;;
Lâm Đồng;Phường Tiến Thành;Nhà biệt thự / Liền kề;ban;2025-12;;;;;;;;san;kiet;;
Lâm Đồng;Phường Tiến Thành;Nhà biệt thự / Liền kề;ban;2026-01;;;;;;;;san;lon;;
Lâm Đồng;Phường Tiến Thành;Nhà biệt thự / Liền kề;ban;2026-01;;;;;;;;san;nho;;
Lâm Đồng;Phường Tiến Thành;Nhà biệt thự / Liền kề;ban;2026-01;;;;;;;;san;kiet;;
Lâm Đồng;Phường Tiến Thành;Nhà biệt thự / Liền kề;ban;2026-02;;;;;;;;san;lon;;
Lâm Đồng;Phường Tiến Thành;Nhà biệt thự / Liền kề;ban;2026-02;;;;;;;;san;nho;;
Lâm Đồng;Phường Tiến Thành;Nhà biệt thự / Liền kề;ban;2026-02;;;;;;;;san;kiet;;
Lâm Đồng;Phường Tiến Thành;Nhà biệt thự / Liền kề;ban;2026-03;;;;;;;;san;lon;;
Lâm Đồng;Phường Tiến Thành;Nhà biệt thự / Liền kề;ban;2026-03;;;;;;;;san;nho;;
Lâm Đồng;Phường Tiến Thành;Nhà biệt thự / Liền kề;ban;2026-03;;;;;;;;san;kiet;;
Lâm Đồng;Phường Tiến Thành;Nhà biệt thự / Liền kề;ban;2026-04;;;;;;;;san;lon;;
Lâm Đồng;Phường Tiến Thành;Nhà biệt thự / Liền kề;ban;2026-04;;;;;;;;san;nho;;
Lâm Đồng;Phường Tiến Thành;Nhà biệt thự / Liền kề;ban;2026-04;;;;;;;;san;kiet;;
Lâm Đồng;Phường Tiến Thành;Nhà biệt thự / Liền kề;ban;2026-05;;;;;;;;san;lon;;
Lâm Đồng;Phường Tiến Thành;Nhà biệt thự / Liền kề;ban;2026-05;;;;;;;;san;nho;;
Lâm Đồng;Phường Tiến Thành;Nhà biệt thự / Liền kề;ban;2026-05;;;;;;;;san;kiet;;
Lâm Đồng;Phường Tiến Thành;Nhà biệt thự / Liền kề;ban;2026-06;;;;;;;;san;lon;;
Lâm Đồng;Phường Tiến Thành;Nhà biệt thự / Liền kề;ban;2026-06;;;;;;;;san;nho;;
Lâm Đồng;Phường Tiến Thành;Nhà biệt thự / Liền kề;ban;2026-06;;;;;;;;san;kiet;;
Lâm Đồng;Phường Tiến Thành;Nhà biệt thự / Liền kề;ban;2026-07;;;;;;;;san;lon;;
Lâm Đồng;Phường Tiến Thành;Nhà biệt thự / Liền kề;ban;2026-07;;;;;;;;san;nho;;
Lâm Đồng;Phường Tiến Thành;Nhà biệt thự / Liền kề;ban;2026-07;;;;;;;;san;kiet;;
Lâm Đồng;Phường Tiến Thành;Nhà biệt thự / Liền kề;ban;2026-08;;;;;;;;san;lon;;
Lâm Đồng;Phường Tiến Thành;Nhà biệt thự / Liền kề;ban;2026-08;;;;;;;;san;nho;;
Lâm Đồng;Phường Tiến Thành;Nhà biệt thự / Liền kề;ban;2026-08;;;;;;;;san;kiet;;
Lâm Đồng;Phường Tiến Thành;Nhà biệt thự / Liền kề;ban;2026-09;;;;;;;;san;lon;;
Lâm Đồng;Phường Tiến Thành;Nhà biệt thự / Liền kề;ban;2026-09;;;;;;;;san;nho;;
Lâm Đồng;Phường Tiến Thành;Nhà biệt thự / Liền kề;ban;2026-09;;;;;;;;san;kiet;;
Đà Nẵng;Phường Ngũ Hành Sơn;Căn hộ;ban;2024-10;;;;;;;;can;;;
Đà Nẵng;Phường Ngũ Hành Sơn;Căn hộ;ban;2024-11;;;;;;;;can;;;
Đà Nẵng;Phường Ngũ Hành Sơn;Căn hộ;ban;2024-12;;;;;;;;can;;;
Đà Nẵng;Phường Ngũ Hành Sơn;Căn hộ;ban;2025-01;;;;;;;;can;;;
Đà Nẵng;Phường Ngũ Hành Sơn;Căn hộ;ban;2025-02;;;;;;;;can;;;
Đà Nẵng;Phường Ngũ Hành Sơn;Căn hộ;ban;2025-03;;;;;;;;can;;;
Đà Nẵng;Phường Ngũ Hành Sơn;Căn hộ;ban;2025-04;;;;;;;;can;;;
Đà Nẵng;Phường Ngũ Hành Sơn;Căn hộ;ban;2025-05;;;;;;;;can;;;
Đà Nẵng;Phường Ngũ Hành Sơn;Căn hộ;ban;2025-06;;;;;;;;can;;;
Đà Nẵng;Phường Ngũ Hành Sơn;Căn hộ;ban;2025-07;;;;;;;;can;;;
Đà Nẵng;Phường Ngũ Hành Sơn;Căn hộ;ban;2025-08;;;;;;;;can;;;
Đà Nẵng;Phường Ngũ Hành Sơn;Căn hộ;ban;2025-09;;;;;;;;can;;;
Đà Nẵng;Phường Ngũ Hành Sơn;Căn hộ;ban;2025-10;;;;;;;;can;;;
Đà Nẵng;Phường Ngũ Hành Sơn;Căn hộ;ban;2025-11;;;;;;;;can;;;
Đà Nẵng;Phường Ngũ Hành Sơn;Căn hộ;ban;2025-12;;;;;;;;can;;;
Đà Nẵng;Phường Ngũ Hành Sơn;Căn hộ;ban;2026-01;;;;;;;;can;;;
Đà Nẵng;Phường Ngũ Hành Sơn;Căn hộ;ban;2026-02;;;;;;;;can;;;
Đà Nẵng;Phường Ngũ Hành Sơn;Căn hộ;ban;2026-03;;;;;;;;can;;;
Đà Nẵng;Phường Ngũ Hành Sơn;Căn hộ;ban;2026-04;;;;;;;;can;;;
Đà Nẵng;Phường Ngũ Hành Sơn;Căn hộ;ban;2026-05;;;;;;;;can;;;
Đà Nẵng;Phường Ngũ Hành Sơn;Căn hộ;ban;2026-06;;;;;;;;can;;;
Đà Nẵng;Phường Ngũ Hành Sơn;Căn hộ;ban;2026-07;;;;;;;;can;;;
Đà Nẵng;Phường Ngũ Hành Sơn;Căn hộ;ban;2026-08;;;;;;;;can;;;
Đà Nẵng;Phường Ngũ Hành Sơn;Căn hộ;ban;2026-09;;;;;;;;can;;;
Đà Nẵng;Phường An Hải;Đất nền / Đất nền dự án;ban;2024-10;;;;;;;;dat;lon;;
Đà Nẵng;Phường An Hải;Đất nền / Đất nền dự án;ban;2024-10;;;;;;;;dat;nho;;
Đà Nẵng;Phường An Hải;Đất nền / Đất nền dự án;ban;2024-10;;;;;;;;dat;kiet;;
Đà Nẵng;Phường An Hải;Đất nền / Đất nền dự án;ban;2024-11;;;;;;;;dat;lon;;
Đà Nẵng;Phường An Hải;Đất nền / Đất nền dự án;ban;2024-11;;;;;;;;dat;nho;;
Đà Nẵng;Phường An Hải;Đất nền / Đất nền dự án;ban;2024-11;;;;;;;;dat;kiet;;
Đà Nẵng;Phường An Hải;Đất nền / Đất nền dự án;ban;2024-12;;;;;;;;dat;lon;;
Đà Nẵng;Phường An Hải;Đất nền / Đất nền dự án;ban;2024-12;;;;;;;;dat;nho;;
Đà Nẵng;Phường An Hải;Đất nền / Đất nền dự án;ban;2024-12;;;;;;;;dat;kiet;;
Đà Nẵng;Phường An Hải;Đất nền / Đất nền dự án;ban;2025-01;;;;;;;;dat;lon;;
Đà Nẵng;Phường An Hải;Đất nền / Đất nền dự án;ban;2025-01;;;;;;;;dat;nho;;
Đà Nẵng;Phường An Hải;Đất nền / Đất nền dự án;ban;2025-01;;;;;;;;dat;kiet;;
Đà Nẵng;Phường An Hải;Đất nền / Đất nền dự án;ban;2025-02;;;;;;;;dat;lon;;
Đà Nẵng;Phường An Hải;Đất nền / Đất nền dự án;ban;2025-02;;;;;;;;dat;nho;;
Đà Nẵng;Phường An Hải;Đất nền / Đất nền dự án;ban;2025-02;;;;;;;;dat;kiet;;
Đà Nẵng;Phường An Hải;Đất nền / Đất nền dự án;ban;2025-03;;;;;;;;dat;lon;;
Đà Nẵng;Phường An Hải;Đất nền / Đất nền dự án;ban;2025-03;;;;;;;;dat;nho;;
Đà Nẵng;Phường An Hải;Đất nền / Đất nền dự án;ban;2025-03;;;;;;;;dat;kiet;;
Đà Nẵng;Phường An Hải;Đất nền / Đất nền dự án;ban;2025-04;;;;;;;;dat;lon;;
Đà Nẵng;Phường An Hải;Đất nền / Đất nền dự án;ban;2025-04;;;;;;;;dat;nho;;
Đà Nẵng;Phường An Hải;Đất nền / Đất nền dự án;ban;2025-04;;;;;;;;dat;kiet;;
Đà Nẵng;Phường An Hải;Đất nền / Đất nền dự án;ban;2025-05;;;;;;;;dat;lon;;
Đà Nẵng;Phường An Hải;Đất nền / Đất nền dự án;ban;2025-05;;;;;;;;dat;nho;;
Đà Nẵng;Phường An Hải;Đất nền / Đất nền dự án;ban;2025-05;;;;;;;;dat;kiet;;
Đà Nẵng;Phường An Hải;Đất nền / Đất nền dự án;ban;2025-06;;;;;;;;dat;lon;;
Đà Nẵng;Phường An Hải;Đất nền / Đất nền dự án;ban;2025-06;;;;;;;;dat;nho;;
Đà Nẵng;Phường An Hải;Đất nền / Đất nền dự án;ban;2025-06;;;;;;;;dat;kiet;;
Đà Nẵng;Phường An Hải;Đất nền / Đất nền dự án;ban;2025-07;;;;;;;;dat;lon;;
Đà Nẵng;Phường An Hải;Đất nền / Đất nền dự án;ban;2025-07;;;;;;;;dat;nho;;
Đà Nẵng;Phường An Hải;Đất nền / Đất nền dự án;ban;2025-07;;;;;;;;dat;kiet;;
Đà Nẵng;Phường An Hải;Đất nền / Đất nền dự án;ban;2025-08;;;;;;;;dat;lon;;
Đà Nẵng;Phường An Hải;Đất nền / Đất nền dự án;ban;2025-08;;;;;;;;dat;nho;;
Đà Nẵng;Phường An Hải;Đất nền / Đất nền dự án;ban;2025-08;;;;;;;;dat;kiet;;
Đà Nẵng;Phường An Hải;Đất nền / Đất nền dự án;ban;2025-09;;;;;;;;dat;lon;;
Đà Nẵng;Phường An Hải;Đất nền / Đất nền dự án;ban;2025-09;;;;;;;;dat;nho;;
Đà Nẵng;Phường An Hải;Đất nền / Đất nền dự án;ban;2025-09;;;;;;;;dat;kiet;;
Đà Nẵng;Phường An Hải;Đất nền / Đất nền dự án;ban;2025-10;;;;;;;;dat;lon;;
Đà Nẵng;Phường An Hải;Đất nền / Đất nền dự án;ban;2025-10;;;;;;;;dat;nho;;
Đà Nẵng;Phường An Hải;Đất nền / Đất nền dự án;ban;2025-10;;;;;;;;dat;kiet;;
Đà Nẵng;Phường An Hải;Đất nền / Đất nền dự án;ban;2025-11;;;;;;;;dat;lon;;
Đà Nẵng;Phường An Hải;Đất nền / Đất nền dự án;ban;2025-11;;;;;;;;dat;nho;;
Đà Nẵng;Phường An Hải;Đất nền / Đất nền dự án;ban;2025-11;;;;;;;;dat;kiet;;
Đà Nẵng;Phường An Hải;Đất nền / Đất nền dự án;ban;2025-12;;;;;;;;dat;lon;;
Đà Nẵng;Phường An Hải;Đất nền / Đất nền dự án;ban;2025-12;;;;;;;;dat;nho;;
Đà Nẵng;Phường An Hải;Đất nền / Đất nền dự án;ban;2025-12;;;;;;;;dat;kiet;;
Đà Nẵng;Phường An Hải;Đất nền / Đất nền dự án;ban;2026-01;;;;;;;;dat;lon;;
Đà Nẵng;Phường An Hải;Đất nền / Đất nền dự án;ban;2026-01;;;;;;;;dat;nho;;
Đà Nẵng;Phường An Hải;Đất nền / Đất nền dự án;ban;2026-01;;;;;;;;dat;kiet;;
Đà Nẵng;Phường An Hải;Đất nền / Đất nền dự án;ban;2026-02;;;;;;;;dat;lon;;
Đà Nẵng;Phường An Hải;Đất nền / Đất nền dự án;ban;2026-02;;;;;;;;dat;nho;;
Đà Nẵng;Phường An Hải;Đất nền / Đất nền dự án;ban;2026-02;;;;;;;;dat;kiet;;
Đà Nẵng;Phường An Hải;Đất nền / Đất nền dự án;ban;2026-03;;;;;;;;dat;lon;;
Đà Nẵng;Phường An Hải;Đất nền / Đất nền dự án;ban;2026-03;;;;;;;;dat;nho;;
Đà Nẵng;Phường An Hải;Đất nền / Đất nền dự án;ban;2026-03;;;;;;;;dat;kiet;;
Đà Nẵng;Phường An Hải;Đất nền / Đất nền dự án;ban;2026-04;;;;;;;;dat;lon;;
Đà Nẵng;Phường An Hải;Đất nền / Đất nền dự án;ban;2026-04;;;;;;;;dat;nho;;
Đà Nẵng;Phường An Hải;Đất nền / Đất nền dự án;ban;2026-04;;;;;;;;dat;kiet;;
Đà Nẵng;Phường An Hải;Đất nền / Đất nền dự án;ban;2026-05;;;;;;;;dat;lon;;
Đà Nẵng;Phường An Hải;Đất nền / Đất nền dự án;ban;2026-05;;;;;;;;dat;nho;;
Đà Nẵng;Phường An Hải;Đất nền / Đất nền dự án;ban;2026-05;;;;;;;;dat;kiet;;
Đà Nẵng;Phường An Hải;Đất nền / Đất nền dự án;ban;2026-06;;;;;;;;dat;lon;;
Đà Nẵng;Phường An Hải;Đất nền / Đất nền dự án;ban;2026-06;;;;;;;;dat;nho;;
Đà Nẵng;Phường An Hải;Đất nền / Đất nền dự án;ban;2026-06;;;;;;;;dat;kiet;;
Đà Nẵng;Phường An Hải;Đất nền / Đất nền dự án;ban;2026-07;;;;;;;;dat;lon;;
Đà Nẵng;Phường An Hải;Đất nền / Đất nền dự án;ban;2026-07;;;;;;;;dat;nho;;
Đà Nẵng;Phường An Hải;Đất nền / Đất nền dự án;ban;2026-07;;;;;;;;dat;kiet;;
Đà Nẵng;Phường An Hải;Đất nền / Đất nền dự án;ban;2026-08;;;;;;;;dat;lon;;
Đà Nẵng;Phường An Hải;Đất nền / Đất nền dự án;ban;2026-08;;;;;;;;dat;nho;;
Đà Nẵng;Phường An Hải;Đất nền / Đất nền dự án;ban;2026-08;;;;;;;;dat;kiet;;
Đà Nẵng;Phường An Hải;Đất nền / Đất nền dự án;ban;2026-09;;;;;;;;dat;lon;;
Đà Nẵng;Phường An Hải;Đất nền / Đất nền dự án;ban;2026-09;;;;;;;;dat;nho;;
Đà Nẵng;Phường An Hải;Đất nền / Đất nền dự án;ban;2026-09;;;;;;;;dat;kiet;;
Đà Nẵng;Phường Ngũ Hành Sơn;Đất nền / Đất nền dự án;ban;2024-10;;;;;;;;dat;lon;;
Đà Nẵng;Phường Ngũ Hành Sơn;Đất nền / Đất nền dự án;ban;2024-10;;;;;;;;dat;nho;;
Đà Nẵng;Phường Ngũ Hành Sơn;Đất nền / Đất nền dự án;ban;2024-10;;;;;;;;dat;kiet;;
Đà Nẵng;Phường Ngũ Hành Sơn;Đất nền / Đất nền dự án;ban;2024-11;;;;;;;;dat;lon;;
Đà Nẵng;Phường Ngũ Hành Sơn;Đất nền / Đất nền dự án;ban;2024-11;;;;;;;;dat;nho;;
Đà Nẵng;Phường Ngũ Hành Sơn;Đất nền / Đất nền dự án;ban;2024-11;;;;;;;;dat;kiet;;
Đà Nẵng;Phường Ngũ Hành Sơn;Đất nền / Đất nền dự án;ban;2024-12;;;;;;;;dat;lon;;
Đà Nẵng;Phường Ngũ Hành Sơn;Đất nền / Đất nền dự án;ban;2024-12;;;;;;;;dat;nho;;
Đà Nẵng;Phường Ngũ Hành Sơn;Đất nền / Đất nền dự án;ban;2024-12;;;;;;;;dat;kiet;;
Đà Nẵng;Phường Ngũ Hành Sơn;Đất nền / Đất nền dự án;ban;2025-01;;;;;;;;dat;lon;;
Đà Nẵng;Phường Ngũ Hành Sơn;Đất nền / Đất nền dự án;ban;2025-01;;;;;;;;dat;nho;;
Đà Nẵng;Phường Ngũ Hành Sơn;Đất nền / Đất nền dự án;ban;2025-01;;;;;;;;dat;kiet;;
Đà Nẵng;Phường Ngũ Hành Sơn;Đất nền / Đất nền dự án;ban;2025-02;;;;;;;;dat;lon;;
Đà Nẵng;Phường Ngũ Hành Sơn;Đất nền / Đất nền dự án;ban;2025-02;;;;;;;;dat;nho;;
Đà Nẵng;Phường Ngũ Hành Sơn;Đất nền / Đất nền dự án;ban;2025-02;;;;;;;;dat;kiet;;
Đà Nẵng;Phường Ngũ Hành Sơn;Đất nền / Đất nền dự án;ban;2025-03;;;;;;;;dat;lon;;
Đà Nẵng;Phường Ngũ Hành Sơn;Đất nền / Đất nền dự án;ban;2025-03;;;;;;;;dat;nho;;
Đà Nẵng;Phường Ngũ Hành Sơn;Đất nền / Đất nền dự án;ban;2025-03;;;;;;;;dat;kiet;;
Đà Nẵng;Phường Ngũ Hành Sơn;Đất nền / Đất nền dự án;ban;2025-04;;;;;;;;dat;lon;;
Đà Nẵng;Phường Ngũ Hành Sơn;Đất nền / Đất nền dự án;ban;2025-04;;;;;;;;dat;nho;;
Đà Nẵng;Phường Ngũ Hành Sơn;Đất nền / Đất nền dự án;ban;2025-04;;;;;;;;dat;kiet;;
Đà Nẵng;Phường Ngũ Hành Sơn;Đất nền / Đất nền dự án;ban;2025-05;;;;;;;;dat;lon;;
Đà Nẵng;Phường Ngũ Hành Sơn;Đất nền / Đất nền dự án;ban;2025-05;;;;;;;;dat;nho;;
Đà Nẵng;Phường Ngũ Hành Sơn;Đất nền / Đất nền dự án;ban;2025-05;;;;;;;;dat;kiet;;
Đà Nẵng;Phường Ngũ Hành Sơn;Đất nền / Đất nền dự án;ban;2025-06;;;;;;;;dat;lon;;
Đà Nẵng;Phường Ngũ Hành Sơn;Đất nền / Đất nền dự án;ban;2025-06;;;;;;;;dat;nho;;
Đà Nẵng;Phường Ngũ Hành Sơn;Đất nền / Đất nền dự án;ban;2025-06;;;;;;;;dat;kiet;;
Đà Nẵng;Phường Ngũ Hành Sơn;Đất nền / Đất nền dự án;ban;2025-07;;;;;;;;dat;lon;;
Đà Nẵng;Phường Ngũ Hành Sơn;Đất nền / Đất nền dự án;ban;2025-07;;;;;;;;dat;nho;;
Đà Nẵng;Phường Ngũ Hành Sơn;Đất nền / Đất nền dự án;ban;2025-07;;;;;;;;dat;kiet;;
Đà Nẵng;Phường Ngũ Hành Sơn;Đất nền / Đất nền dự án;ban;2025-08;;;;;;;;dat;lon;;
Đà Nẵng;Phường Ngũ Hành Sơn;Đất nền / Đất nền dự án;ban;2025-08;;;;;;;;dat;nho;;
Đà Nẵng;Phường Ngũ Hành Sơn;Đất nền / Đất nền dự án;ban;2025-08;;;;;;;;dat;kiet;;
Đà Nẵng;Phường Ngũ Hành Sơn;Đất nền / Đất nền dự án;ban;2025-09;;;;;;;;dat;lon;;
Đà Nẵng;Phường Ngũ Hành Sơn;Đất nền / Đất nền dự án;ban;2025-09;;;;;;;;dat;nho;;
Đà Nẵng;Phường Ngũ Hành Sơn;Đất nền / Đất nền dự án;ban;2025-09;;;;;;;;dat;kiet;;
Đà Nẵng;Phường Ngũ Hành Sơn;Đất nền / Đất nền dự án;ban;2025-10;;;;;;;;dat;lon;;
Đà Nẵng;Phường Ngũ Hành Sơn;Đất nền / Đất nền dự án;ban;2025-10;;;;;;;;dat;nho;;
Đà Nẵng;Phường Ngũ Hành Sơn;Đất nền / Đất nền dự án;ban;2025-10;;;;;;;;dat;kiet;;
Đà Nẵng;Phường Ngũ Hành Sơn;Đất nền / Đất nền dự án;ban;2025-11;;;;;;;;dat;lon;;
Đà Nẵng;Phường Ngũ Hành Sơn;Đất nền / Đất nền dự án;ban;2025-11;;;;;;;;dat;nho;;
Đà Nẵng;Phường Ngũ Hành Sơn;Đất nền / Đất nền dự án;ban;2025-11;;;;;;;;dat;kiet;;
Đà Nẵng;Phường Ngũ Hành Sơn;Đất nền / Đất nền dự án;ban;2025-12;;;;;;;;dat;lon;;
Đà Nẵng;Phường Ngũ Hành Sơn;Đất nền / Đất nền dự án;ban;2025-12;;;;;;;;dat;nho;;
Đà Nẵng;Phường Ngũ Hành Sơn;Đất nền / Đất nền dự án;ban;2025-12;;;;;;;;dat;kiet;;
Đà Nẵng;Phường Ngũ Hành Sơn;Đất nền / Đất nền dự án;ban;2026-01;;;;;;;;dat;lon;;
Đà Nẵng;Phường Ngũ Hành Sơn;Đất nền / Đất nền dự án;ban;2026-01;;;;;;;;dat;nho;;
Đà Nẵng;Phường Ngũ Hành Sơn;Đất nền / Đất nền dự án;ban;2026-01;;;;;;;;dat;kiet;;
Đà Nẵng;Phường Ngũ Hành Sơn;Đất nền / Đất nền dự án;ban;2026-02;;;;;;;;dat;lon;;
Đà Nẵng;Phường Ngũ Hành Sơn;Đất nền / Đất nền dự án;ban;2026-02;;;;;;;;dat;nho;;
Đà Nẵng;Phường Ngũ Hành Sơn;Đất nền / Đất nền dự án;ban;2026-02;;;;;;;;dat;kiet;;
Đà Nẵng;Phường Ngũ Hành Sơn;Đất nền / Đất nền dự án;ban;2026-03;;;;;;;;dat;lon;;
Đà Nẵng;Phường Ngũ Hành Sơn;Đất nền / Đất nền dự án;ban;2026-03;;;;;;;;dat;nho;;
Đà Nẵng;Phường Ngũ Hành Sơn;Đất nền / Đất nền dự án;ban;2026-03;;;;;;;;dat;kiet;;
Đà Nẵng;Phường Ngũ Hành Sơn;Đất nền / Đất nền dự án;ban;2026-04;;;;;;;;dat;lon;;
Đà Nẵng;Phường Ngũ Hành Sơn;Đất nền / Đất nền dự án;ban;2026-04;;;;;;;;dat;nho;;
Đà Nẵng;Phường Ngũ Hành Sơn;Đất nền / Đất nền dự án;ban;2026-04;;;;;;;;dat;kiet;;
Đà Nẵng;Phường Ngũ Hành Sơn;Đất nền / Đất nền dự án;ban;2026-05;;;;;;;;dat;lon;;
Đà Nẵng;Phường Ngũ Hành Sơn;Đất nền / Đất nền dự án;ban;2026-05;;;;;;;;dat;nho;;
Đà Nẵng;Phường Ngũ Hành Sơn;Đất nền / Đất nền dự án;ban;2026-05;;;;;;;;dat;kiet;;
Đà Nẵng;Phường Ngũ Hành Sơn;Đất nền / Đất nền dự án;ban;2026-06;;;;;;;;dat;lon;;
Đà Nẵng;Phường Ngũ Hành Sơn;Đất nền / Đất nền dự án;ban;2026-06;;;;;;;;dat;nho;;
Đà Nẵng;Phường Ngũ Hành Sơn;Đất nền / Đất nền dự án;ban;2026-06;;;;;;;;dat;kiet;;
Đà Nẵng;Phường Ngũ Hành Sơn;Đất nền / Đất nền dự án;ban;2026-07;;;;;;;;dat;lon;;
Đà Nẵng;Phường Ngũ Hành Sơn;Đất nền / Đất nền dự án;ban;2026-07;;;;;;;;dat;nho;;
Đà Nẵng;Phường Ngũ Hành Sơn;Đất nền / Đất nền dự án;ban;2026-07;;;;;;;;dat;kiet;;
Đà Nẵng;Phường Ngũ Hành Sơn;Đất nền / Đất nền dự án;ban;2026-08;;;;;;;;dat;lon;;
Đà Nẵng;Phường Ngũ Hành Sơn;Đất nền / Đất nền dự án;ban;2026-08;;;;;;;;dat;nho;;
Đà Nẵng;Phường Ngũ Hành Sơn;Đất nền / Đất nền dự án;ban;2026-08;;;;;;;;dat;kiet;;
Đà Nẵng;Phường Ngũ Hành Sơn;Đất nền / Đất nền dự án;ban;2026-09;;;;;;;;dat;lon;;
Đà Nẵng;Phường Ngũ Hành Sơn;Đất nền / Đất nền dự án;ban;2026-09;;;;;;;;dat;nho;;
Đà Nẵng;Phường Ngũ Hành Sơn;Đất nền / Đất nền dự án;ban;2026-09;;;;;;;;dat;kiet;;
Đà Nẵng;Phường Thanh Khê;Nhà mặt phố;ban;2024-10;;;;;;;;san;lon;;
Đà Nẵng;Phường Thanh Khê;Nhà mặt phố;ban;2024-10;;;;;;;;san;nho;;
Đà Nẵng;Phường Thanh Khê;Nhà mặt phố;ban;2024-10;;;;;;;;san;kiet;;
Đà Nẵng;Phường Thanh Khê;Nhà mặt phố;ban;2024-11;;;;;;;;san;lon;;
Đà Nẵng;Phường Thanh Khê;Nhà mặt phố;ban;2024-11;;;;;;;;san;nho;;
Đà Nẵng;Phường Thanh Khê;Nhà mặt phố;ban;2024-11;;;;;;;;san;kiet;;
Đà Nẵng;Phường Thanh Khê;Nhà mặt phố;ban;2024-12;;;;;;;;san;lon;;
Đà Nẵng;Phường Thanh Khê;Nhà mặt phố;ban;2024-12;;;;;;;;san;nho;;
Đà Nẵng;Phường Thanh Khê;Nhà mặt phố;ban;2024-12;;;;;;;;san;kiet;;
Đà Nẵng;Phường Thanh Khê;Nhà mặt phố;ban;2025-01;;;;;;;;san;lon;;
Đà Nẵng;Phường Thanh Khê;Nhà mặt phố;ban;2025-01;;;;;;;;san;nho;;
Đà Nẵng;Phường Thanh Khê;Nhà mặt phố;ban;2025-01;;;;;;;;san;kiet;;
Đà Nẵng;Phường Thanh Khê;Nhà mặt phố;ban;2025-02;;;;;;;;san;lon;;
Đà Nẵng;Phường Thanh Khê;Nhà mặt phố;ban;2025-02;;;;;;;;san;nho;;
Đà Nẵng;Phường Thanh Khê;Nhà mặt phố;ban;2025-02;;;;;;;;san;kiet;;
Đà Nẵng;Phường Thanh Khê;Nhà mặt phố;ban;2025-03;;;;;;;;san;lon;;
Đà Nẵng;Phường Thanh Khê;Nhà mặt phố;ban;2025-03;;;;;;;;san;nho;;
Đà Nẵng;Phường Thanh Khê;Nhà mặt phố;ban;2025-03;;;;;;;;san;kiet;;
Đà Nẵng;Phường Thanh Khê;Nhà mặt phố;ban;2025-04;;;;;;;;san;lon;;
Đà Nẵng;Phường Thanh Khê;Nhà mặt phố;ban;2025-04;;;;;;;;san;nho;;
Đà Nẵng;Phường Thanh Khê;Nhà mặt phố;ban;2025-04;;;;;;;;san;kiet;;
Đà Nẵng;Phường Thanh Khê;Nhà mặt phố;ban;2025-05;;;;;;;;san;lon;;
Đà Nẵng;Phường Thanh Khê;Nhà mặt phố;ban;2025-05;;;;;;;;san;nho;;
Đà Nẵng;Phường Thanh Khê;Nhà mặt phố;ban;2025-05;;;;;;;;san;kiet;;
Đà Nẵng;Phường Thanh Khê;Nhà mặt phố;ban;2025-06;;;;;;;;san;lon;;
Đà Nẵng;Phường Thanh Khê;Nhà mặt phố;ban;2025-06;;;;;;;;san;nho;;
Đà Nẵng;Phường Thanh Khê;Nhà mặt phố;ban;2025-06;;;;;;;;san;kiet;;
Đà Nẵng;Phường Thanh Khê;Nhà mặt phố;ban;2025-07;;;;;;;;san;lon;;
Đà Nẵng;Phường Thanh Khê;Nhà mặt phố;ban;2025-07;;;;;;;;san;nho;;
Đà Nẵng;Phường Thanh Khê;Nhà mặt phố;ban;2025-07;;;;;;;;san;kiet;;
Đà Nẵng;Phường Thanh Khê;Nhà mặt phố;ban;2025-08;;;;;;;;san;lon;;
Đà Nẵng;Phường Thanh Khê;Nhà mặt phố;ban;2025-08;;;;;;;;san;nho;;
Đà Nẵng;Phường Thanh Khê;Nhà mặt phố;ban;2025-08;;;;;;;;san;kiet;;
Đà Nẵng;Phường Thanh Khê;Nhà mặt phố;ban;2025-09;;;;;;;;san;lon;;
Đà Nẵng;Phường Thanh Khê;Nhà mặt phố;ban;2025-09;;;;;;;;san;nho;;
Đà Nẵng;Phường Thanh Khê;Nhà mặt phố;ban;2025-09;;;;;;;;san;kiet;;
Đà Nẵng;Phường Thanh Khê;Nhà mặt phố;ban;2025-10;;;;;;;;san;lon;;
Đà Nẵng;Phường Thanh Khê;Nhà mặt phố;ban;2025-10;;;;;;;;san;nho;;
Đà Nẵng;Phường Thanh Khê;Nhà mặt phố;ban;2025-10;;;;;;;;san;kiet;;
Đà Nẵng;Phường Thanh Khê;Nhà mặt phố;ban;2025-11;;;;;;;;san;lon;;
Đà Nẵng;Phường Thanh Khê;Nhà mặt phố;ban;2025-11;;;;;;;;san;nho;;
Đà Nẵng;Phường Thanh Khê;Nhà mặt phố;ban;2025-11;;;;;;;;san;kiet;;
Đà Nẵng;Phường Thanh Khê;Nhà mặt phố;ban;2025-12;;;;;;;;san;lon;;
Đà Nẵng;Phường Thanh Khê;Nhà mặt phố;ban;2025-12;;;;;;;;san;nho;;
Đà Nẵng;Phường Thanh Khê;Nhà mặt phố;ban;2025-12;;;;;;;;san;kiet;;
Đà Nẵng;Phường Thanh Khê;Nhà mặt phố;ban;2026-01;;;;;;;;san;lon;;
Đà Nẵng;Phường Thanh Khê;Nhà mặt phố;ban;2026-01;;;;;;;;san;nho;;
Đà Nẵng;Phường Thanh Khê;Nhà mặt phố;ban;2026-01;;;;;;;;san;kiet;;
Đà Nẵng;Phường Thanh Khê;Nhà mặt phố;ban;2026-02;;;;;;;;san;lon;;
Đà Nẵng;Phường Thanh Khê;Nhà mặt phố;ban;2026-02;;;;;;;;san;nho;;
Đà Nẵng;Phường Thanh Khê;Nhà mặt phố;ban;2026-02;;;;;;;;san;kiet;;
Đà Nẵng;Phường Thanh Khê;Nhà mặt phố;ban;2026-03;;;;;;;;san;lon;;
Đà Nẵng;Phường Thanh Khê;Nhà mặt phố;ban;2026-03;;;;;;;;san;nho;;
Đà Nẵng;Phường Thanh Khê;Nhà mặt phố;ban;2026-03;;;;;;;;san;kiet;;
Đà Nẵng;Phường Thanh Khê;Nhà mặt phố;ban;2026-04;;;;;;;;san;lon;;
Đà Nẵng;Phường Thanh Khê;Nhà mặt phố;ban;2026-04;;;;;;;;san;nho;;
Đà Nẵng;Phường Thanh Khê;Nhà mặt phố;ban;2026-04;;;;;;;;san;kiet;;
Đà Nẵng;Phường Thanh Khê;Nhà mặt phố;ban;2026-05;;;;;;;;san;lon;;
Đà Nẵng;Phường Thanh Khê;Nhà mặt phố;ban;2026-05;;;;;;;;san;nho;;
Đà Nẵng;Phường Thanh Khê;Nhà mặt phố;ban;2026-05;;;;;;;;san;kiet;;
Đà Nẵng;Phường Thanh Khê;Nhà mặt phố;ban;2026-06;;;;;;;;san;lon;;
Đà Nẵng;Phường Thanh Khê;Nhà mặt phố;ban;2026-06;;;;;;;;san;nho;;
Đà Nẵng;Phường Thanh Khê;Nhà mặt phố;ban;2026-06;;;;;;;;san;kiet;;
Đà Nẵng;Phường Thanh Khê;Nhà mặt phố;ban;2026-07;;;;;;;;san;lon;;
Đà Nẵng;Phường Thanh Khê;Nhà mặt phố;ban;2026-07;;;;;;;;san;nho;;
Đà Nẵng;Phường Thanh Khê;Nhà mặt phố;ban;2026-07;;;;;;;;san;kiet;;
Đà Nẵng;Phường Thanh Khê;Nhà mặt phố;ban;2026-08;;;;;;;;san;lon;;
Đà Nẵng;Phường Thanh Khê;Nhà mặt phố;ban;2026-08;;;;;;;;san;nho;;
Đà Nẵng;Phường Thanh Khê;Nhà mặt phố;ban;2026-08;;;;;;;;san;kiet;;
Đà Nẵng;Phường Thanh Khê;Nhà mặt phố;ban;2026-09;;;;;;;;san;lon;;
Đà Nẵng;Phường Thanh Khê;Nhà mặt phố;ban;2026-09;;;;;;;;san;nho;;
Đà Nẵng;Phường Thanh Khê;Nhà mặt phố;ban;2026-09;;;;;;;;san;kiet;;
Đà Nẵng;An Hải Bắc;Nhà mặt phố;ban;2024-10;;;;;;;;san;lon;;
Đà Nẵng;An Hải Bắc;Nhà mặt phố;ban;2024-10;;;;;;;;san;nho;;
Đà Nẵng;An Hải Bắc;Nhà mặt phố;ban;2024-10;;;;;;;;san;kiet;;
Đà Nẵng;An Hải Bắc;Nhà mặt phố;ban;2024-11;;;;;;;;san;lon;;
Đà Nẵng;An Hải Bắc;Nhà mặt phố;ban;2024-11;;;;;;;;san;nho;;
Đà Nẵng;An Hải Bắc;Nhà mặt phố;ban;2024-11;;;;;;;;san;kiet;;
Đà Nẵng;An Hải Bắc;Nhà mặt phố;ban;2024-12;;;;;;;;san;lon;;
Đà Nẵng;An Hải Bắc;Nhà mặt phố;ban;2024-12;;;;;;;;san;nho;;
Đà Nẵng;An Hải Bắc;Nhà mặt phố;ban;2024-12;;;;;;;;san;kiet;;
Đà Nẵng;An Hải Bắc;Nhà mặt phố;ban;2025-01;;;;;;;;san;lon;;
Đà Nẵng;An Hải Bắc;Nhà mặt phố;ban;2025-01;;;;;;;;san;nho;;
Đà Nẵng;An Hải Bắc;Nhà mặt phố;ban;2025-01;;;;;;;;san;kiet;;
Đà Nẵng;An Hải Bắc;Nhà mặt phố;ban;2025-02;;;;;;;;san;lon;;
Đà Nẵng;An Hải Bắc;Nhà mặt phố;ban;2025-02;;;;;;;;san;nho;;
Đà Nẵng;An Hải Bắc;Nhà mặt phố;ban;2025-02;;;;;;;;san;kiet;;
Đà Nẵng;An Hải Bắc;Nhà mặt phố;ban;2025-03;;;;;;;;san;lon;;
Đà Nẵng;An Hải Bắc;Nhà mặt phố;ban;2025-03;;;;;;;;san;nho;;
Đà Nẵng;An Hải Bắc;Nhà mặt phố;ban;2025-03;;;;;;;;san;kiet;;
Đà Nẵng;An Hải Bắc;Nhà mặt phố;ban;2025-04;;;;;;;;san;lon;;
Đà Nẵng;An Hải Bắc;Nhà mặt phố;ban;2025-04;;;;;;;;san;nho;;
Đà Nẵng;An Hải Bắc;Nhà mặt phố;ban;2025-04;;;;;;;;san;kiet;;
Đà Nẵng;An Hải Bắc;Nhà mặt phố;ban;2025-05;;;;;;;;san;lon;;
Đà Nẵng;An Hải Bắc;Nhà mặt phố;ban;2025-05;;;;;;;;san;nho;;
Đà Nẵng;An Hải Bắc;Nhà mặt phố;ban;2025-05;;;;;;;;san;kiet;;
Đà Nẵng;An Hải Bắc;Nhà mặt phố;ban;2025-06;;;;;;;;san;lon;;
Đà Nẵng;An Hải Bắc;Nhà mặt phố;ban;2025-06;;;;;;;;san;nho;;
Đà Nẵng;An Hải Bắc;Nhà mặt phố;ban;2025-06;;;;;;;;san;kiet;;
Đà Nẵng;An Hải Bắc;Nhà mặt phố;ban;2025-07;;;;;;;;san;lon;;
Đà Nẵng;An Hải Bắc;Nhà mặt phố;ban;2025-07;;;;;;;;san;nho;;
Đà Nẵng;An Hải Bắc;Nhà mặt phố;ban;2025-07;;;;;;;;san;kiet;;
Đà Nẵng;An Hải Bắc;Nhà mặt phố;ban;2025-08;;;;;;;;san;lon;;
Đà Nẵng;An Hải Bắc;Nhà mặt phố;ban;2025-08;;;;;;;;san;nho;;
Đà Nẵng;An Hải Bắc;Nhà mặt phố;ban;2025-08;;;;;;;;san;kiet;;
Đà Nẵng;An Hải Bắc;Nhà mặt phố;ban;2025-09;;;;;;;;san;lon;;
Đà Nẵng;An Hải Bắc;Nhà mặt phố;ban;2025-09;;;;;;;;san;nho;;
Đà Nẵng;An Hải Bắc;Nhà mặt phố;ban;2025-09;;;;;;;;san;kiet;;
Đà Nẵng;An Hải Bắc;Nhà mặt phố;ban;2025-10;;;;;;;;san;lon;;
Đà Nẵng;An Hải Bắc;Nhà mặt phố;ban;2025-10;;;;;;;;san;nho;;
Đà Nẵng;An Hải Bắc;Nhà mặt phố;ban;2025-10;;;;;;;;san;kiet;;
Đà Nẵng;An Hải Bắc;Nhà mặt phố;ban;2025-11;;;;;;;;san;lon;;
Đà Nẵng;An Hải Bắc;Nhà mặt phố;ban;2025-11;;;;;;;;san;nho;;
Đà Nẵng;An Hải Bắc;Nhà mặt phố;ban;2025-11;;;;;;;;san;kiet;;
Đà Nẵng;An Hải Bắc;Nhà mặt phố;ban;2025-12;;;;;;;;san;lon;;
Đà Nẵng;An Hải Bắc;Nhà mặt phố;ban;2025-12;;;;;;;;san;nho;;
Đà Nẵng;An Hải Bắc;Nhà mặt phố;ban;2025-12;;;;;;;;san;kiet;;
Đà Nẵng;An Hải Bắc;Nhà mặt phố;ban;2026-01;;;;;;;;san;lon;;
Đà Nẵng;An Hải Bắc;Nhà mặt phố;ban;2026-01;;;;;;;;san;nho;;
Đà Nẵng;An Hải Bắc;Nhà mặt phố;ban;2026-01;;;;;;;;san;kiet;;
Đà Nẵng;An Hải Bắc;Nhà mặt phố;ban;2026-02;;;;;;;;san;lon;;
Đà Nẵng;An Hải Bắc;Nhà mặt phố;ban;2026-02;;;;;;;;san;nho;;
Đà Nẵng;An Hải Bắc;Nhà mặt phố;ban;2026-02;;;;;;;;san;kiet;;
Đà Nẵng;An Hải Bắc;Nhà mặt phố;ban;2026-03;;;;;;;;san;lon;;
Đà Nẵng;An Hải Bắc;Nhà mặt phố;ban;2026-03;;;;;;;;san;nho;;
Đà Nẵng;An Hải Bắc;Nhà mặt phố;ban;2026-03;;;;;;;;san;kiet;;
Đà Nẵng;An Hải Bắc;Nhà mặt phố;ban;2026-04;;;;;;;;san;lon;;
Đà Nẵng;An Hải Bắc;Nhà mặt phố;ban;2026-04;;;;;;;;san;nho;;
Đà Nẵng;An Hải Bắc;Nhà mặt phố;ban;2026-04;;;;;;;;san;kiet;;
Đà Nẵng;An Hải Bắc;Nhà mặt phố;ban;2026-05;;;;;;;;san;lon;;
Đà Nẵng;An Hải Bắc;Nhà mặt phố;ban;2026-05;;;;;;;;san;nho;;
Đà Nẵng;An Hải Bắc;Nhà mặt phố;ban;2026-05;;;;;;;;san;kiet;;
Đà Nẵng;An Hải Bắc;Nhà mặt phố;ban;2026-06;;;;;;;;san;lon;;
Đà Nẵng;An Hải Bắc;Nhà mặt phố;ban;2026-06;;;;;;;;san;nho;;
Đà Nẵng;An Hải Bắc;Nhà mặt phố;ban;2026-06;;;;;;;;san;kiet;;
Đà Nẵng;An Hải Bắc;Nhà mặt phố;ban;2026-07;;;;;;;;san;lon;;
Đà Nẵng;An Hải Bắc;Nhà mặt phố;ban;2026-07;;;;;;;;san;nho;;
Đà Nẵng;An Hải Bắc;Nhà mặt phố;ban;2026-07;;;;;;;;san;kiet;;
Đà Nẵng;An Hải Bắc;Nhà mặt phố;ban;2026-08;;;;;;;;san;lon;;
Đà Nẵng;An Hải Bắc;Nhà mặt phố;ban;2026-08;;;;;;;;san;nho;;
Đà Nẵng;An Hải Bắc;Nhà mặt phố;ban;2026-08;;;;;;;;san;kiet;;
Đà Nẵng;An Hải Bắc;Nhà mặt phố;ban;2026-09;;;;;;;;san;lon;;
Đà Nẵng;An Hải Bắc;Nhà mặt phố;ban;2026-09;;;;;;;;san;nho;;
Đà Nẵng;An Hải Bắc;Nhà mặt phố;ban;2026-09;;;;;;;;san;kiet;;
Đà Nẵng;Phường Thanh Khê;Nhà riêng;ban;2024-10;;;;;;;;san;lon;;
Đà Nẵng;Phường Thanh Khê;Nhà riêng;ban;2024-10;;;;;;;;san;nho;;
Đà Nẵng;Phường Thanh Khê;Nhà riêng;ban;2024-10;;;;;;;;san;kiet;;
Đà Nẵng;Phường Thanh Khê;Nhà riêng;ban;2024-11;;;;;;;;san;lon;;
Đà Nẵng;Phường Thanh Khê;Nhà riêng;ban;2024-11;;;;;;;;san;nho;;
Đà Nẵng;Phường Thanh Khê;Nhà riêng;ban;2024-11;;;;;;;;san;kiet;;
Đà Nẵng;Phường Thanh Khê;Nhà riêng;ban;2024-12;;;;;;;;san;lon;;
Đà Nẵng;Phường Thanh Khê;Nhà riêng;ban;2024-12;;;;;;;;san;nho;;
Đà Nẵng;Phường Thanh Khê;Nhà riêng;ban;2024-12;;;;;;;;san;kiet;;
Đà Nẵng;Phường Thanh Khê;Nhà riêng;ban;2025-01;;;;;;;;san;lon;;
Đà Nẵng;Phường Thanh Khê;Nhà riêng;ban;2025-01;;;;;;;;san;nho;;
Đà Nẵng;Phường Thanh Khê;Nhà riêng;ban;2025-01;;;;;;;;san;kiet;;
Đà Nẵng;Phường Thanh Khê;Nhà riêng;ban;2025-02;;;;;;;;san;lon;;
Đà Nẵng;Phường Thanh Khê;Nhà riêng;ban;2025-02;;;;;;;;san;nho;;
Đà Nẵng;Phường Thanh Khê;Nhà riêng;ban;2025-02;;;;;;;;san;kiet;;
Đà Nẵng;Phường Thanh Khê;Nhà riêng;ban;2025-03;;;;;;;;san;lon;;
Đà Nẵng;Phường Thanh Khê;Nhà riêng;ban;2025-03;;;;;;;;san;nho;;
Đà Nẵng;Phường Thanh Khê;Nhà riêng;ban;2025-03;;;;;;;;san;kiet;;
Đà Nẵng;Phường Thanh Khê;Nhà riêng;ban;2025-04;;;;;;;;san;lon;;
Đà Nẵng;Phường Thanh Khê;Nhà riêng;ban;2025-04;;;;;;;;san;nho;;
Đà Nẵng;Phường Thanh Khê;Nhà riêng;ban;2025-04;;;;;;;;san;kiet;;
Đà Nẵng;Phường Thanh Khê;Nhà riêng;ban;2025-05;;;;;;;;san;lon;;
Đà Nẵng;Phường Thanh Khê;Nhà riêng;ban;2025-05;;;;;;;;san;nho;;
Đà Nẵng;Phường Thanh Khê;Nhà riêng;ban;2025-05;;;;;;;;san;kiet;;
Đà Nẵng;Phường Thanh Khê;Nhà riêng;ban;2025-06;;;;;;;;san;lon;;
Đà Nẵng;Phường Thanh Khê;Nhà riêng;ban;2025-06;;;;;;;;san;nho;;
Đà Nẵng;Phường Thanh Khê;Nhà riêng;ban;2025-06;;;;;;;;san;kiet;;
Đà Nẵng;Phường Thanh Khê;Nhà riêng;ban;2025-07;;;;;;;;san;lon;;
Đà Nẵng;Phường Thanh Khê;Nhà riêng;ban;2025-07;;;;;;;;san;nho;;
Đà Nẵng;Phường Thanh Khê;Nhà riêng;ban;2025-07;;;;;;;;san;kiet;;
Đà Nẵng;Phường Thanh Khê;Nhà riêng;ban;2025-08;;;;;;;;san;lon;;
Đà Nẵng;Phường Thanh Khê;Nhà riêng;ban;2025-08;;;;;;;;san;nho;;
Đà Nẵng;Phường Thanh Khê;Nhà riêng;ban;2025-08;;;;;;;;san;kiet;;
Đà Nẵng;Phường Thanh Khê;Nhà riêng;ban;2025-09;;;;;;;;san;lon;;
Đà Nẵng;Phường Thanh Khê;Nhà riêng;ban;2025-09;;;;;;;;san;nho;;
Đà Nẵng;Phường Thanh Khê;Nhà riêng;ban;2025-09;;;;;;;;san;kiet;;
Đà Nẵng;Phường Thanh Khê;Nhà riêng;ban;2025-10;;;;;;;;san;lon;;
Đà Nẵng;Phường Thanh Khê;Nhà riêng;ban;2025-10;;;;;;;;san;nho;;
Đà Nẵng;Phường Thanh Khê;Nhà riêng;ban;2025-10;;;;;;;;san;kiet;;
Đà Nẵng;Phường Thanh Khê;Nhà riêng;ban;2025-11;;;;;;;;san;lon;;
Đà Nẵng;Phường Thanh Khê;Nhà riêng;ban;2025-11;;;;;;;;san;nho;;
Đà Nẵng;Phường Thanh Khê;Nhà riêng;ban;2025-11;;;;;;;;san;kiet;;
Đà Nẵng;Phường Thanh Khê;Nhà riêng;ban;2025-12;;;;;;;;san;lon;;
Đà Nẵng;Phường Thanh Khê;Nhà riêng;ban;2025-12;;;;;;;;san;nho;;
Đà Nẵng;Phường Thanh Khê;Nhà riêng;ban;2025-12;;;;;;;;san;kiet;;
Đà Nẵng;Phường Thanh Khê;Nhà riêng;ban;2026-01;;;;;;;;san;lon;;
Đà Nẵng;Phường Thanh Khê;Nhà riêng;ban;2026-01;;;;;;;;san;nho;;
Đà Nẵng;Phường Thanh Khê;Nhà riêng;ban;2026-01;;;;;;;;san;kiet;;
Đà Nẵng;Phường Thanh Khê;Nhà riêng;ban;2026-02;;;;;;;;san;lon;;
Đà Nẵng;Phường Thanh Khê;Nhà riêng;ban;2026-02;;;;;;;;san;nho;;
Đà Nẵng;Phường Thanh Khê;Nhà riêng;ban;2026-02;;;;;;;;san;kiet;;
Đà Nẵng;Phường Thanh Khê;Nhà riêng;ban;2026-03;;;;;;;;san;lon;;
Đà Nẵng;Phường Thanh Khê;Nhà riêng;ban;2026-03;;;;;;;;san;nho;;
Đà Nẵng;Phường Thanh Khê;Nhà riêng;ban;2026-03;;;;;;;;san;kiet;;
Đà Nẵng;Phường Thanh Khê;Nhà riêng;ban;2026-04;;;;;;;;san;lon;;
Đà Nẵng;Phường Thanh Khê;Nhà riêng;ban;2026-04;;;;;;;;san;nho;;
Đà Nẵng;Phường Thanh Khê;Nhà riêng;ban;2026-04;;;;;;;;san;kiet;;
Đà Nẵng;Phường Thanh Khê;Nhà riêng;ban;2026-05;;;;;;;;san;lon;;
Đà Nẵng;Phường Thanh Khê;Nhà riêng;ban;2026-05;;;;;;;;san;nho;;
Đà Nẵng;Phường Thanh Khê;Nhà riêng;ban;2026-05;;;;;;;;san;kiet;;
Đà Nẵng;Phường Thanh Khê;Nhà riêng;ban;2026-06;;;;;;;;san;lon;;
Đà Nẵng;Phường Thanh Khê;Nhà riêng;ban;2026-06;;;;;;;;san;nho;;
Đà Nẵng;Phường Thanh Khê;Nhà riêng;ban;2026-06;;;;;;;;san;kiet;;
Đà Nẵng;Phường Thanh Khê;Nhà riêng;ban;2026-07;;;;;;;;san;lon;;
Đà Nẵng;Phường Thanh Khê;Nhà riêng;ban;2026-07;;;;;;;;san;nho;;
Đà Nẵng;Phường Thanh Khê;Nhà riêng;ban;2026-07;;;;;;;;san;kiet;;
Đà Nẵng;Phường Thanh Khê;Nhà riêng;ban;2026-08;;;;;;;;san;lon;;
Đà Nẵng;Phường Thanh Khê;Nhà riêng;ban;2026-08;;;;;;;;san;nho;;
Đà Nẵng;Phường Thanh Khê;Nhà riêng;ban;2026-08;;;;;;;;san;kiet;;
Đà Nẵng;Phường Thanh Khê;Nhà riêng;ban;2026-09;;;;;;;;san;lon;;
Đà Nẵng;Phường Thanh Khê;Nhà riêng;ban;2026-09;;;;;;;;san;nho;;
Đà Nẵng;Phường Thanh Khê;Nhà riêng;ban;2026-09;;;;;;;;san;kiet;;
Gia Lai;Phường Quy Nhơn;Căn hộ;thue;2024-10;;;;;;;;can;;;
Gia Lai;Phường Quy Nhơn;Căn hộ;thue;2024-11;;;;;;;;can;;;
Gia Lai;Phường Quy Nhơn;Căn hộ;thue;2024-12;;;;;;;;can;;;
Gia Lai;Phường Quy Nhơn;Căn hộ;thue;2025-01;;;;;;;;can;;;
Gia Lai;Phường Quy Nhơn;Căn hộ;thue;2025-02;;;;;;;;can;;;
Gia Lai;Phường Quy Nhơn;Căn hộ;thue;2025-03;;;;;;;;can;;;
Gia Lai;Phường Quy Nhơn;Căn hộ;thue;2025-04;;;;;;;;can;;;
Gia Lai;Phường Quy Nhơn;Căn hộ;thue;2025-05;;;;;;;;can;;;
Gia Lai;Phường Quy Nhơn;Căn hộ;thue;2025-06;;;;;;;;can;;;
Gia Lai;Phường Quy Nhơn;Căn hộ;thue;2025-07;;;;;;;;can;;;
Gia Lai;Phường Quy Nhơn;Căn hộ;thue;2025-08;;;;;;;;can;;;
Gia Lai;Phường Quy Nhơn;Căn hộ;thue;2025-09;;;;;;;;can;;;
Gia Lai;Phường Quy Nhơn;Căn hộ;thue;2025-10;;;;;;;;can;;;
Gia Lai;Phường Quy Nhơn;Căn hộ;thue;2025-11;;;;;;;;can;;;
Gia Lai;Phường Quy Nhơn;Căn hộ;thue;2025-12;;;;;;;;can;;;
Gia Lai;Phường Quy Nhơn;Căn hộ;thue;2026-01;;;;;;;;can;;;
Gia Lai;Phường Quy Nhơn;Căn hộ;thue;2026-02;;;;;;;;can;;;
Gia Lai;Phường Quy Nhơn;Căn hộ;thue;2026-03;;;;;;;;can;;;
Gia Lai;Phường Quy Nhơn;Căn hộ;thue;2026-04;;;;;;;;can;;;
Gia Lai;Phường Quy Nhơn;Căn hộ;thue;2026-05;;;;;;;;can;;;
Gia Lai;Phường Quy Nhơn;Căn hộ;thue;2026-06;;;;;;;;can;;;
Gia Lai;Phường Quy Nhơn;Căn hộ;thue;2026-07;;;;;;;;can;;;
Gia Lai;Phường Quy Nhơn;Căn hộ;thue;2026-08;;;;;;;;can;;;
Gia Lai;Phường Quy Nhơn;Căn hộ;thue;2026-09;;;;;;;;can;;;
Gia Lai;Phường Quy Nhơn Đông;Đất nền / Đất nền dự án;ban;2024-10;;;;;;;;dat;lon;;
Gia Lai;Phường Quy Nhơn Đông;Đất nền / Đất nền dự án;ban;2024-10;;;;;;;;dat;nho;;
Gia Lai;Phường Quy Nhơn Đông;Đất nền / Đất nền dự án;ban;2024-10;;;;;;;;dat;kiet;;
Gia Lai;Phường Quy Nhơn Đông;Đất nền / Đất nền dự án;ban;2024-11;;;;;;;;dat;lon;;
Gia Lai;Phường Quy Nhơn Đông;Đất nền / Đất nền dự án;ban;2024-11;;;;;;;;dat;nho;;
Gia Lai;Phường Quy Nhơn Đông;Đất nền / Đất nền dự án;ban;2024-11;;;;;;;;dat;kiet;;
Gia Lai;Phường Quy Nhơn Đông;Đất nền / Đất nền dự án;ban;2024-12;;;;;;;;dat;lon;;
Gia Lai;Phường Quy Nhơn Đông;Đất nền / Đất nền dự án;ban;2024-12;;;;;;;;dat;nho;;
Gia Lai;Phường Quy Nhơn Đông;Đất nền / Đất nền dự án;ban;2024-12;;;;;;;;dat;kiet;;
Gia Lai;Phường Quy Nhơn Đông;Đất nền / Đất nền dự án;ban;2025-01;;;;;;;;dat;lon;;
Gia Lai;Phường Quy Nhơn Đông;Đất nền / Đất nền dự án;ban;2025-01;;;;;;;;dat;nho;;
Gia Lai;Phường Quy Nhơn Đông;Đất nền / Đất nền dự án;ban;2025-01;;;;;;;;dat;kiet;;
Gia Lai;Phường Quy Nhơn Đông;Đất nền / Đất nền dự án;ban;2025-02;;;;;;;;dat;lon;;
Gia Lai;Phường Quy Nhơn Đông;Đất nền / Đất nền dự án;ban;2025-02;;;;;;;;dat;nho;;
Gia Lai;Phường Quy Nhơn Đông;Đất nền / Đất nền dự án;ban;2025-02;;;;;;;;dat;kiet;;
Gia Lai;Phường Quy Nhơn Đông;Đất nền / Đất nền dự án;ban;2025-03;;;;;;;;dat;lon;;
Gia Lai;Phường Quy Nhơn Đông;Đất nền / Đất nền dự án;ban;2025-03;;;;;;;;dat;nho;;
Gia Lai;Phường Quy Nhơn Đông;Đất nền / Đất nền dự án;ban;2025-03;;;;;;;;dat;kiet;;
Gia Lai;Phường Quy Nhơn Đông;Đất nền / Đất nền dự án;ban;2025-04;;;;;;;;dat;lon;;
Gia Lai;Phường Quy Nhơn Đông;Đất nền / Đất nền dự án;ban;2025-04;;;;;;;;dat;nho;;
Gia Lai;Phường Quy Nhơn Đông;Đất nền / Đất nền dự án;ban;2025-04;;;;;;;;dat;kiet;;
Gia Lai;Phường Quy Nhơn Đông;Đất nền / Đất nền dự án;ban;2025-05;;;;;;;;dat;lon;;
Gia Lai;Phường Quy Nhơn Đông;Đất nền / Đất nền dự án;ban;2025-05;;;;;;;;dat;nho;;
Gia Lai;Phường Quy Nhơn Đông;Đất nền / Đất nền dự án;ban;2025-05;;;;;;;;dat;kiet;;
Gia Lai;Phường Quy Nhơn Đông;Đất nền / Đất nền dự án;ban;2025-06;;;;;;;;dat;lon;;
Gia Lai;Phường Quy Nhơn Đông;Đất nền / Đất nền dự án;ban;2025-06;;;;;;;;dat;nho;;
Gia Lai;Phường Quy Nhơn Đông;Đất nền / Đất nền dự án;ban;2025-06;;;;;;;;dat;kiet;;
Gia Lai;Phường Quy Nhơn Đông;Đất nền / Đất nền dự án;ban;2025-07;;;;;;;;dat;lon;;
Gia Lai;Phường Quy Nhơn Đông;Đất nền / Đất nền dự án;ban;2025-07;;;;;;;;dat;nho;;
Gia Lai;Phường Quy Nhơn Đông;Đất nền / Đất nền dự án;ban;2025-07;;;;;;;;dat;kiet;;
Gia Lai;Phường Quy Nhơn Đông;Đất nền / Đất nền dự án;ban;2025-08;;;;;;;;dat;lon;;
Gia Lai;Phường Quy Nhơn Đông;Đất nền / Đất nền dự án;ban;2025-08;;;;;;;;dat;nho;;
Gia Lai;Phường Quy Nhơn Đông;Đất nền / Đất nền dự án;ban;2025-08;;;;;;;;dat;kiet;;
Gia Lai;Phường Quy Nhơn Đông;Đất nền / Đất nền dự án;ban;2025-09;;;;;;;;dat;lon;;
Gia Lai;Phường Quy Nhơn Đông;Đất nền / Đất nền dự án;ban;2025-09;;;;;;;;dat;nho;;
Gia Lai;Phường Quy Nhơn Đông;Đất nền / Đất nền dự án;ban;2025-09;;;;;;;;dat;kiet;;
Gia Lai;Phường Quy Nhơn Đông;Đất nền / Đất nền dự án;ban;2025-10;;;;;;;;dat;lon;;
Gia Lai;Phường Quy Nhơn Đông;Đất nền / Đất nền dự án;ban;2025-10;;;;;;;;dat;nho;;
Gia Lai;Phường Quy Nhơn Đông;Đất nền / Đất nền dự án;ban;2025-10;;;;;;;;dat;kiet;;
Gia Lai;Phường Quy Nhơn Đông;Đất nền / Đất nền dự án;ban;2025-11;;;;;;;;dat;lon;;
Gia Lai;Phường Quy Nhơn Đông;Đất nền / Đất nền dự án;ban;2025-11;;;;;;;;dat;nho;;
Gia Lai;Phường Quy Nhơn Đông;Đất nền / Đất nền dự án;ban;2025-11;;;;;;;;dat;kiet;;
Gia Lai;Phường Quy Nhơn Đông;Đất nền / Đất nền dự án;ban;2025-12;;;;;;;;dat;lon;;
Gia Lai;Phường Quy Nhơn Đông;Đất nền / Đất nền dự án;ban;2025-12;;;;;;;;dat;nho;;
Gia Lai;Phường Quy Nhơn Đông;Đất nền / Đất nền dự án;ban;2025-12;;;;;;;;dat;kiet;;
Gia Lai;Phường Quy Nhơn Đông;Đất nền / Đất nền dự án;ban;2026-01;;;;;;;;dat;lon;;
Gia Lai;Phường Quy Nhơn Đông;Đất nền / Đất nền dự án;ban;2026-01;;;;;;;;dat;nho;;
Gia Lai;Phường Quy Nhơn Đông;Đất nền / Đất nền dự án;ban;2026-01;;;;;;;;dat;kiet;;
Gia Lai;Phường Quy Nhơn Đông;Đất nền / Đất nền dự án;ban;2026-02;;;;;;;;dat;lon;;
Gia Lai;Phường Quy Nhơn Đông;Đất nền / Đất nền dự án;ban;2026-02;;;;;;;;dat;nho;;
Gia Lai;Phường Quy Nhơn Đông;Đất nền / Đất nền dự án;ban;2026-02;;;;;;;;dat;kiet;;
Gia Lai;Phường Quy Nhơn Đông;Đất nền / Đất nền dự án;ban;2026-03;;;;;;;;dat;lon;;
Gia Lai;Phường Quy Nhơn Đông;Đất nền / Đất nền dự án;ban;2026-03;;;;;;;;dat;nho;;
Gia Lai;Phường Quy Nhơn Đông;Đất nền / Đất nền dự án;ban;2026-03;;;;;;;;dat;kiet;;
Gia Lai;Phường Quy Nhơn Đông;Đất nền / Đất nền dự án;ban;2026-04;;;;;;;;dat;lon;;
Gia Lai;Phường Quy Nhơn Đông;Đất nền / Đất nền dự án;ban;2026-04;;;;;;;;dat;nho;;
Gia Lai;Phường Quy Nhơn Đông;Đất nền / Đất nền dự án;ban;2026-04;;;;;;;;dat;kiet;;
Gia Lai;Phường Quy Nhơn Đông;Đất nền / Đất nền dự án;ban;2026-05;;;;;;;;dat;lon;;
Gia Lai;Phường Quy Nhơn Đông;Đất nền / Đất nền dự án;ban;2026-05;;;;;;;;dat;nho;;
Gia Lai;Phường Quy Nhơn Đông;Đất nền / Đất nền dự án;ban;2026-05;;;;;;;;dat;kiet;;
Gia Lai;Phường Quy Nhơn Đông;Đất nền / Đất nền dự án;ban;2026-06;;;;;;;;dat;lon;;
Gia Lai;Phường Quy Nhơn Đông;Đất nền / Đất nền dự án;ban;2026-06;;;;;;;;dat;nho;;
Gia Lai;Phường Quy Nhơn Đông;Đất nền / Đất nền dự án;ban;2026-06;;;;;;;;dat;kiet;;
Gia Lai;Phường Quy Nhơn Đông;Đất nền / Đất nền dự án;ban;2026-07;;;;;;;;dat;lon;;
Gia Lai;Phường Quy Nhơn Đông;Đất nền / Đất nền dự án;ban;2026-07;;;;;;;;dat;nho;;
Gia Lai;Phường Quy Nhơn Đông;Đất nền / Đất nền dự án;ban;2026-07;;;;;;;;dat;kiet;;
Gia Lai;Phường Quy Nhơn Đông;Đất nền / Đất nền dự án;ban;2026-08;;;;;;;;dat;lon;;
Gia Lai;Phường Quy Nhơn Đông;Đất nền / Đất nền dự án;ban;2026-08;;;;;;;;dat;nho;;
Gia Lai;Phường Quy Nhơn Đông;Đất nền / Đất nền dự án;ban;2026-08;;;;;;;;dat;kiet;;
Gia Lai;Phường Quy Nhơn Đông;Đất nền / Đất nền dự án;ban;2026-09;;;;;;;;dat;lon;;
Gia Lai;Phường Quy Nhơn Đông;Đất nền / Đất nền dự án;ban;2026-09;;;;;;;;dat;nho;;
Gia Lai;Phường Quy Nhơn Đông;Đất nền / Đất nền dự án;ban;2026-09;;;;;;;;dat;kiet;;
Huế;Phường Thuận An;Đất nền / Đất nền dự án;ban;2024-10;;;;;;;;dat;lon;;
Huế;Phường Thuận An;Đất nền / Đất nền dự án;ban;2024-10;;;;;;;;dat;nho;;
Huế;Phường Thuận An;Đất nền / Đất nền dự án;ban;2024-10;;;;;;;;dat;kiet;;
Huế;Phường Thuận An;Đất nền / Đất nền dự án;ban;2024-11;;;;;;;;dat;lon;;
Huế;Phường Thuận An;Đất nền / Đất nền dự án;ban;2024-11;;;;;;;;dat;nho;;
Huế;Phường Thuận An;Đất nền / Đất nền dự án;ban;2024-11;;;;;;;;dat;kiet;;
Huế;Phường Thuận An;Đất nền / Đất nền dự án;ban;2024-12;;;;;;;;dat;lon;;
Huế;Phường Thuận An;Đất nền / Đất nền dự án;ban;2024-12;;;;;;;;dat;nho;;
Huế;Phường Thuận An;Đất nền / Đất nền dự án;ban;2024-12;;;;;;;;dat;kiet;;
Huế;Phường Thuận An;Đất nền / Đất nền dự án;ban;2025-01;;;;;;;;dat;lon;;
Huế;Phường Thuận An;Đất nền / Đất nền dự án;ban;2025-01;;;;;;;;dat;nho;;
Huế;Phường Thuận An;Đất nền / Đất nền dự án;ban;2025-01;;;;;;;;dat;kiet;;
Huế;Phường Thuận An;Đất nền / Đất nền dự án;ban;2025-02;;;;;;;;dat;lon;;
Huế;Phường Thuận An;Đất nền / Đất nền dự án;ban;2025-02;;;;;;;;dat;nho;;
Huế;Phường Thuận An;Đất nền / Đất nền dự án;ban;2025-02;;;;;;;;dat;kiet;;
Huế;Phường Thuận An;Đất nền / Đất nền dự án;ban;2025-03;;;;;;;;dat;lon;;
Huế;Phường Thuận An;Đất nền / Đất nền dự án;ban;2025-03;;;;;;;;dat;nho;;
Huế;Phường Thuận An;Đất nền / Đất nền dự án;ban;2025-03;;;;;;;;dat;kiet;;
Huế;Phường Thuận An;Đất nền / Đất nền dự án;ban;2025-04;;;;;;;;dat;lon;;
Huế;Phường Thuận An;Đất nền / Đất nền dự án;ban;2025-04;;;;;;;;dat;nho;;
Huế;Phường Thuận An;Đất nền / Đất nền dự án;ban;2025-04;;;;;;;;dat;kiet;;
Huế;Phường Thuận An;Đất nền / Đất nền dự án;ban;2025-05;;;;;;;;dat;lon;;
Huế;Phường Thuận An;Đất nền / Đất nền dự án;ban;2025-05;;;;;;;;dat;nho;;
Huế;Phường Thuận An;Đất nền / Đất nền dự án;ban;2025-05;;;;;;;;dat;kiet;;
Huế;Phường Thuận An;Đất nền / Đất nền dự án;ban;2025-06;;;;;;;;dat;lon;;
Huế;Phường Thuận An;Đất nền / Đất nền dự án;ban;2025-06;;;;;;;;dat;nho;;
Huế;Phường Thuận An;Đất nền / Đất nền dự án;ban;2025-06;;;;;;;;dat;kiet;;
Huế;Phường Thuận An;Đất nền / Đất nền dự án;ban;2025-07;;;;;;;;dat;lon;;
Huế;Phường Thuận An;Đất nền / Đất nền dự án;ban;2025-07;;;;;;;;dat;nho;;
Huế;Phường Thuận An;Đất nền / Đất nền dự án;ban;2025-07;;;;;;;;dat;kiet;;
Huế;Phường Thuận An;Đất nền / Đất nền dự án;ban;2025-08;;;;;;;;dat;lon;;
Huế;Phường Thuận An;Đất nền / Đất nền dự án;ban;2025-08;;;;;;;;dat;nho;;
Huế;Phường Thuận An;Đất nền / Đất nền dự án;ban;2025-08;;;;;;;;dat;kiet;;
Huế;Phường Thuận An;Đất nền / Đất nền dự án;ban;2025-09;;;;;;;;dat;lon;;
Huế;Phường Thuận An;Đất nền / Đất nền dự án;ban;2025-09;;;;;;;;dat;nho;;
Huế;Phường Thuận An;Đất nền / Đất nền dự án;ban;2025-09;;;;;;;;dat;kiet;;
Huế;Phường Thuận An;Đất nền / Đất nền dự án;ban;2025-10;;;;;;;;dat;lon;;
Huế;Phường Thuận An;Đất nền / Đất nền dự án;ban;2025-10;;;;;;;;dat;nho;;
Huế;Phường Thuận An;Đất nền / Đất nền dự án;ban;2025-10;;;;;;;;dat;kiet;;
Huế;Phường Thuận An;Đất nền / Đất nền dự án;ban;2025-11;;;;;;;;dat;lon;;
Huế;Phường Thuận An;Đất nền / Đất nền dự án;ban;2025-11;;;;;;;;dat;nho;;
Huế;Phường Thuận An;Đất nền / Đất nền dự án;ban;2025-11;;;;;;;;dat;kiet;;
Huế;Phường Thuận An;Đất nền / Đất nền dự án;ban;2025-12;;;;;;;;dat;lon;;
Huế;Phường Thuận An;Đất nền / Đất nền dự án;ban;2025-12;;;;;;;;dat;nho;;
Huế;Phường Thuận An;Đất nền / Đất nền dự án;ban;2025-12;;;;;;;;dat;kiet;;
Huế;Phường Thuận An;Đất nền / Đất nền dự án;ban;2026-01;;;;;;;;dat;lon;;
Huế;Phường Thuận An;Đất nền / Đất nền dự án;ban;2026-01;;;;;;;;dat;nho;;
Huế;Phường Thuận An;Đất nền / Đất nền dự án;ban;2026-01;;;;;;;;dat;kiet;;
Huế;Phường Thuận An;Đất nền / Đất nền dự án;ban;2026-02;;;;;;;;dat;lon;;
Huế;Phường Thuận An;Đất nền / Đất nền dự án;ban;2026-02;;;;;;;;dat;nho;;
Huế;Phường Thuận An;Đất nền / Đất nền dự án;ban;2026-02;;;;;;;;dat;kiet;;
Huế;Phường Thuận An;Đất nền / Đất nền dự án;ban;2026-03;;;;;;;;dat;lon;;
Huế;Phường Thuận An;Đất nền / Đất nền dự án;ban;2026-03;;;;;;;;dat;nho;;
Huế;Phường Thuận An;Đất nền / Đất nền dự án;ban;2026-03;;;;;;;;dat;kiet;;
Huế;Phường Thuận An;Đất nền / Đất nền dự án;ban;2026-04;;;;;;;;dat;lon;;
Huế;Phường Thuận An;Đất nền / Đất nền dự án;ban;2026-04;;;;;;;;dat;nho;;
Huế;Phường Thuận An;Đất nền / Đất nền dự án;ban;2026-04;;;;;;;;dat;kiet;;
Huế;Phường Thuận An;Đất nền / Đất nền dự án;ban;2026-05;;;;;;;;dat;lon;;
Huế;Phường Thuận An;Đất nền / Đất nền dự án;ban;2026-05;;;;;;;;dat;nho;;
Huế;Phường Thuận An;Đất nền / Đất nền dự án;ban;2026-05;;;;;;;;dat;kiet;;
Huế;Phường Thuận An;Đất nền / Đất nền dự án;ban;2026-06;;;;;;;;dat;lon;;
Huế;Phường Thuận An;Đất nền / Đất nền dự án;ban;2026-06;;;;;;;;dat;nho;;
Huế;Phường Thuận An;Đất nền / Đất nền dự án;ban;2026-06;;;;;;;;dat;kiet;;
Huế;Phường Thuận An;Đất nền / Đất nền dự án;ban;2026-07;;;;;;;;dat;lon;;
Huế;Phường Thuận An;Đất nền / Đất nền dự án;ban;2026-07;;;;;;;;dat;nho;;
Huế;Phường Thuận An;Đất nền / Đất nền dự án;ban;2026-07;;;;;;;;dat;kiet;;
Huế;Phường Thuận An;Đất nền / Đất nền dự án;ban;2026-08;;;;;;;;dat;lon;;
Huế;Phường Thuận An;Đất nền / Đất nền dự án;ban;2026-08;;;;;;;;dat;nho;;
Huế;Phường Thuận An;Đất nền / Đất nền dự án;ban;2026-08;;;;;;;;dat;kiet;;
Huế;Phường Thuận An;Đất nền / Đất nền dự án;ban;2026-09;;;;;;;;dat;lon;;
Huế;Phường Thuận An;Đất nền / Đất nền dự án;ban;2026-09;;;;;;;;dat;nho;;
Huế;Phường Thuận An;Đất nền / Đất nền dự án;ban;2026-09;;;;;;;;dat;kiet;;
Huế;Phường An Cựu;Shophouse / Nhà phố thương mại;ban;2024-10;;;;;;;;san;lon;;
Huế;Phường An Cựu;Shophouse / Nhà phố thương mại;ban;2024-10;;;;;;;;san;nho;;
Huế;Phường An Cựu;Shophouse / Nhà phố thương mại;ban;2024-10;;;;;;;;san;kiet;;
Huế;Phường An Cựu;Shophouse / Nhà phố thương mại;ban;2024-11;;;;;;;;san;lon;;
Huế;Phường An Cựu;Shophouse / Nhà phố thương mại;ban;2024-11;;;;;;;;san;nho;;
Huế;Phường An Cựu;Shophouse / Nhà phố thương mại;ban;2024-11;;;;;;;;san;kiet;;
Huế;Phường An Cựu;Shophouse / Nhà phố thương mại;ban;2024-12;;;;;;;;san;lon;;
Huế;Phường An Cựu;Shophouse / Nhà phố thương mại;ban;2024-12;;;;;;;;san;nho;;
Huế;Phường An Cựu;Shophouse / Nhà phố thương mại;ban;2024-12;;;;;;;;san;kiet;;
Huế;Phường An Cựu;Shophouse / Nhà phố thương mại;ban;2025-01;;;;;;;;san;lon;;
Huế;Phường An Cựu;Shophouse / Nhà phố thương mại;ban;2025-01;;;;;;;;san;nho;;
Huế;Phường An Cựu;Shophouse / Nhà phố thương mại;ban;2025-01;;;;;;;;san;kiet;;
Huế;Phường An Cựu;Shophouse / Nhà phố thương mại;ban;2025-02;;;;;;;;san;lon;;
Huế;Phường An Cựu;Shophouse / Nhà phố thương mại;ban;2025-02;;;;;;;;san;nho;;
Huế;Phường An Cựu;Shophouse / Nhà phố thương mại;ban;2025-02;;;;;;;;san;kiet;;
Huế;Phường An Cựu;Shophouse / Nhà phố thương mại;ban;2025-03;;;;;;;;san;lon;;
Huế;Phường An Cựu;Shophouse / Nhà phố thương mại;ban;2025-03;;;;;;;;san;nho;;
Huế;Phường An Cựu;Shophouse / Nhà phố thương mại;ban;2025-03;;;;;;;;san;kiet;;
Huế;Phường An Cựu;Shophouse / Nhà phố thương mại;ban;2025-04;;;;;;;;san;lon;;
Huế;Phường An Cựu;Shophouse / Nhà phố thương mại;ban;2025-04;;;;;;;;san;nho;;
Huế;Phường An Cựu;Shophouse / Nhà phố thương mại;ban;2025-04;;;;;;;;san;kiet;;
Huế;Phường An Cựu;Shophouse / Nhà phố thương mại;ban;2025-05;;;;;;;;san;lon;;
Huế;Phường An Cựu;Shophouse / Nhà phố thương mại;ban;2025-05;;;;;;;;san;nho;;
Huế;Phường An Cựu;Shophouse / Nhà phố thương mại;ban;2025-05;;;;;;;;san;kiet;;
Huế;Phường An Cựu;Shophouse / Nhà phố thương mại;ban;2025-06;;;;;;;;san;lon;;
Huế;Phường An Cựu;Shophouse / Nhà phố thương mại;ban;2025-06;;;;;;;;san;nho;;
Huế;Phường An Cựu;Shophouse / Nhà phố thương mại;ban;2025-06;;;;;;;;san;kiet;;
Huế;Phường An Cựu;Shophouse / Nhà phố thương mại;ban;2025-07;;;;;;;;san;lon;;
Huế;Phường An Cựu;Shophouse / Nhà phố thương mại;ban;2025-07;;;;;;;;san;nho;;
Huế;Phường An Cựu;Shophouse / Nhà phố thương mại;ban;2025-07;;;;;;;;san;kiet;;
Huế;Phường An Cựu;Shophouse / Nhà phố thương mại;ban;2025-08;;;;;;;;san;lon;;
Huế;Phường An Cựu;Shophouse / Nhà phố thương mại;ban;2025-08;;;;;;;;san;nho;;
Huế;Phường An Cựu;Shophouse / Nhà phố thương mại;ban;2025-08;;;;;;;;san;kiet;;
Huế;Phường An Cựu;Shophouse / Nhà phố thương mại;ban;2025-09;;;;;;;;san;lon;;
Huế;Phường An Cựu;Shophouse / Nhà phố thương mại;ban;2025-09;;;;;;;;san;nho;;
Huế;Phường An Cựu;Shophouse / Nhà phố thương mại;ban;2025-09;;;;;;;;san;kiet;;
Huế;Phường An Cựu;Shophouse / Nhà phố thương mại;ban;2025-10;;;;;;;;san;lon;;
Huế;Phường An Cựu;Shophouse / Nhà phố thương mại;ban;2025-10;;;;;;;;san;nho;;
Huế;Phường An Cựu;Shophouse / Nhà phố thương mại;ban;2025-10;;;;;;;;san;kiet;;
Huế;Phường An Cựu;Shophouse / Nhà phố thương mại;ban;2025-11;;;;;;;;san;lon;;
Huế;Phường An Cựu;Shophouse / Nhà phố thương mại;ban;2025-11;;;;;;;;san;nho;;
Huế;Phường An Cựu;Shophouse / Nhà phố thương mại;ban;2025-11;;;;;;;;san;kiet;;
Huế;Phường An Cựu;Shophouse / Nhà phố thương mại;ban;2025-12;;;;;;;;san;lon;;
Huế;Phường An Cựu;Shophouse / Nhà phố thương mại;ban;2025-12;;;;;;;;san;nho;;
Huế;Phường An Cựu;Shophouse / Nhà phố thương mại;ban;2025-12;;;;;;;;san;kiet;;
Huế;Phường An Cựu;Shophouse / Nhà phố thương mại;ban;2026-01;;;;;;;;san;lon;;
Huế;Phường An Cựu;Shophouse / Nhà phố thương mại;ban;2026-01;;;;;;;;san;nho;;
Huế;Phường An Cựu;Shophouse / Nhà phố thương mại;ban;2026-01;;;;;;;;san;kiet;;
Huế;Phường An Cựu;Shophouse / Nhà phố thương mại;ban;2026-02;;;;;;;;san;lon;;
Huế;Phường An Cựu;Shophouse / Nhà phố thương mại;ban;2026-02;;;;;;;;san;nho;;
Huế;Phường An Cựu;Shophouse / Nhà phố thương mại;ban;2026-02;;;;;;;;san;kiet;;
Huế;Phường An Cựu;Shophouse / Nhà phố thương mại;ban;2026-03;;;;;;;;san;lon;;
Huế;Phường An Cựu;Shophouse / Nhà phố thương mại;ban;2026-03;;;;;;;;san;nho;;
Huế;Phường An Cựu;Shophouse / Nhà phố thương mại;ban;2026-03;;;;;;;;san;kiet;;
Huế;Phường An Cựu;Shophouse / Nhà phố thương mại;ban;2026-04;;;;;;;;san;lon;;
Huế;Phường An Cựu;Shophouse / Nhà phố thương mại;ban;2026-04;;;;;;;;san;nho;;
Huế;Phường An Cựu;Shophouse / Nhà phố thương mại;ban;2026-04;;;;;;;;san;kiet;;
Huế;Phường An Cựu;Shophouse / Nhà phố thương mại;ban;2026-05;;;;;;;;san;lon;;
Huế;Phường An Cựu;Shophouse / Nhà phố thương mại;ban;2026-05;;;;;;;;san;nho;;
Huế;Phường An Cựu;Shophouse / Nhà phố thương mại;ban;2026-05;;;;;;;;san;kiet;;
Huế;Phường An Cựu;Shophouse / Nhà phố thương mại;ban;2026-06;;;;;;;;san;lon;;
Huế;Phường An Cựu;Shophouse / Nhà phố thương mại;ban;2026-06;;;;;;;;san;nho;;
Huế;Phường An Cựu;Shophouse / Nhà phố thương mại;ban;2026-06;;;;;;;;san;kiet;;
Huế;Phường An Cựu;Shophouse / Nhà phố thương mại;ban;2026-07;;;;;;;;san;lon;;
Huế;Phường An Cựu;Shophouse / Nhà phố thương mại;ban;2026-07;;;;;;;;san;nho;;
Huế;Phường An Cựu;Shophouse / Nhà phố thương mại;ban;2026-07;;;;;;;;san;kiet;;
Huế;Phường An Cựu;Shophouse / Nhà phố thương mại;ban;2026-08;;;;;;;;san;lon;;
Huế;Phường An Cựu;Shophouse / Nhà phố thương mại;ban;2026-08;;;;;;;;san;nho;;
Huế;Phường An Cựu;Shophouse / Nhà phố thương mại;ban;2026-08;;;;;;;;san;kiet;;
Huế;Phường An Cựu;Shophouse / Nhà phố thương mại;ban;2026-09;;;;;;;;san;lon;;
Huế;Phường An Cựu;Shophouse / Nhà phố thương mại;ban;2026-09;;;;;;;;san;nho;;
Huế;Phường An Cựu;Shophouse / Nhà phố thương mại;ban;2026-09;;;;;;;;san;kiet;;
Khánh Hòa;Phường Nha Trang;Nhà mặt phố;ban;2024-10;;;;;;;;san;lon;;
Khánh Hòa;Phường Nha Trang;Nhà mặt phố;ban;2024-10;;;;;;;;san;nho;;
Khánh Hòa;Phường Nha Trang;Nhà mặt phố;ban;2024-10;;;;;;;;san;kiet;;
Khánh Hòa;Phường Nha Trang;Nhà mặt phố;ban;2024-11;;;;;;;;san;lon;;
Khánh Hòa;Phường Nha Trang;Nhà mặt phố;ban;2024-11;;;;;;;;san;nho;;
Khánh Hòa;Phường Nha Trang;Nhà mặt phố;ban;2024-11;;;;;;;;san;kiet;;
Khánh Hòa;Phường Nha Trang;Nhà mặt phố;ban;2024-12;;;;;;;;san;lon;;
Khánh Hòa;Phường Nha Trang;Nhà mặt phố;ban;2024-12;;;;;;;;san;nho;;
Khánh Hòa;Phường Nha Trang;Nhà mặt phố;ban;2024-12;;;;;;;;san;kiet;;
Khánh Hòa;Phường Nha Trang;Nhà mặt phố;ban;2025-01;;;;;;;;san;lon;;
Khánh Hòa;Phường Nha Trang;Nhà mặt phố;ban;2025-01;;;;;;;;san;nho;;
Khánh Hòa;Phường Nha Trang;Nhà mặt phố;ban;2025-01;;;;;;;;san;kiet;;
Khánh Hòa;Phường Nha Trang;Nhà mặt phố;ban;2025-02;;;;;;;;san;lon;;
Khánh Hòa;Phường Nha Trang;Nhà mặt phố;ban;2025-02;;;;;;;;san;nho;;
Khánh Hòa;Phường Nha Trang;Nhà mặt phố;ban;2025-02;;;;;;;;san;kiet;;
Khánh Hòa;Phường Nha Trang;Nhà mặt phố;ban;2025-03;;;;;;;;san;lon;;
Khánh Hòa;Phường Nha Trang;Nhà mặt phố;ban;2025-03;;;;;;;;san;nho;;
Khánh Hòa;Phường Nha Trang;Nhà mặt phố;ban;2025-03;;;;;;;;san;kiet;;
Khánh Hòa;Phường Nha Trang;Nhà mặt phố;ban;2025-04;;;;;;;;san;lon;;
Khánh Hòa;Phường Nha Trang;Nhà mặt phố;ban;2025-04;;;;;;;;san;nho;;
Khánh Hòa;Phường Nha Trang;Nhà mặt phố;ban;2025-04;;;;;;;;san;kiet;;
Khánh Hòa;Phường Nha Trang;Nhà mặt phố;ban;2025-05;;;;;;;;san;lon;;
Khánh Hòa;Phường Nha Trang;Nhà mặt phố;ban;2025-05;;;;;;;;san;nho;;
Khánh Hòa;Phường Nha Trang;Nhà mặt phố;ban;2025-05;;;;;;;;san;kiet;;
Khánh Hòa;Phường Nha Trang;Nhà mặt phố;ban;2025-06;;;;;;;;san;lon;;
Khánh Hòa;Phường Nha Trang;Nhà mặt phố;ban;2025-06;;;;;;;;san;nho;;
Khánh Hòa;Phường Nha Trang;Nhà mặt phố;ban;2025-06;;;;;;;;san;kiet;;
Khánh Hòa;Phường Nha Trang;Nhà mặt phố;ban;2025-07;;;;;;;;san;lon;;
Khánh Hòa;Phường Nha Trang;Nhà mặt phố;ban;2025-07;;;;;;;;san;nho;;
Khánh Hòa;Phường Nha Trang;Nhà mặt phố;ban;2025-07;;;;;;;;san;kiet;;
Khánh Hòa;Phường Nha Trang;Nhà mặt phố;ban;2025-08;;;;;;;;san;lon;;
Khánh Hòa;Phường Nha Trang;Nhà mặt phố;ban;2025-08;;;;;;;;san;nho;;
Khánh Hòa;Phường Nha Trang;Nhà mặt phố;ban;2025-08;;;;;;;;san;kiet;;
Khánh Hòa;Phường Nha Trang;Nhà mặt phố;ban;2025-09;;;;;;;;san;lon;;
Khánh Hòa;Phường Nha Trang;Nhà mặt phố;ban;2025-09;;;;;;;;san;nho;;
Khánh Hòa;Phường Nha Trang;Nhà mặt phố;ban;2025-09;;;;;;;;san;kiet;;
Khánh Hòa;Phường Nha Trang;Nhà mặt phố;ban;2025-10;;;;;;;;san;lon;;
Khánh Hòa;Phường Nha Trang;Nhà mặt phố;ban;2025-10;;;;;;;;san;nho;;
Khánh Hòa;Phường Nha Trang;Nhà mặt phố;ban;2025-10;;;;;;;;san;kiet;;
Khánh Hòa;Phường Nha Trang;Nhà mặt phố;ban;2025-11;;;;;;;;san;lon;;
Khánh Hòa;Phường Nha Trang;Nhà mặt phố;ban;2025-11;;;;;;;;san;nho;;
Khánh Hòa;Phường Nha Trang;Nhà mặt phố;ban;2025-11;;;;;;;;san;kiet;;
Khánh Hòa;Phường Nha Trang;Nhà mặt phố;ban;2025-12;;;;;;;;san;lon;;
Khánh Hòa;Phường Nha Trang;Nhà mặt phố;ban;2025-12;;;;;;;;san;nho;;
Khánh Hòa;Phường Nha Trang;Nhà mặt phố;ban;2025-12;;;;;;;;san;kiet;;
Khánh Hòa;Phường Nha Trang;Nhà mặt phố;ban;2026-01;;;;;;;;san;lon;;
Khánh Hòa;Phường Nha Trang;Nhà mặt phố;ban;2026-01;;;;;;;;san;nho;;
Khánh Hòa;Phường Nha Trang;Nhà mặt phố;ban;2026-01;;;;;;;;san;kiet;;
Khánh Hòa;Phường Nha Trang;Nhà mặt phố;ban;2026-02;;;;;;;;san;lon;;
Khánh Hòa;Phường Nha Trang;Nhà mặt phố;ban;2026-02;;;;;;;;san;nho;;
Khánh Hòa;Phường Nha Trang;Nhà mặt phố;ban;2026-02;;;;;;;;san;kiet;;
Khánh Hòa;Phường Nha Trang;Nhà mặt phố;ban;2026-03;;;;;;;;san;lon;;
Khánh Hòa;Phường Nha Trang;Nhà mặt phố;ban;2026-03;;;;;;;;san;nho;;
Khánh Hòa;Phường Nha Trang;Nhà mặt phố;ban;2026-03;;;;;;;;san;kiet;;
Khánh Hòa;Phường Nha Trang;Nhà mặt phố;ban;2026-04;;;;;;;;san;lon;;
Khánh Hòa;Phường Nha Trang;Nhà mặt phố;ban;2026-04;;;;;;;;san;nho;;
Khánh Hòa;Phường Nha Trang;Nhà mặt phố;ban;2026-04;;;;;;;;san;kiet;;
Khánh Hòa;Phường Nha Trang;Nhà mặt phố;ban;2026-05;;;;;;;;san;lon;;
Khánh Hòa;Phường Nha Trang;Nhà mặt phố;ban;2026-05;;;;;;;;san;nho;;
Khánh Hòa;Phường Nha Trang;Nhà mặt phố;ban;2026-05;;;;;;;;san;kiet;;
Khánh Hòa;Phường Nha Trang;Nhà mặt phố;ban;2026-06;;;;;;;;san;lon;;
Khánh Hòa;Phường Nha Trang;Nhà mặt phố;ban;2026-06;;;;;;;;san;nho;;
Khánh Hòa;Phường Nha Trang;Nhà mặt phố;ban;2026-06;;;;;;;;san;kiet;;
Khánh Hòa;Phường Nha Trang;Nhà mặt phố;ban;2026-07;;;;;;;;san;lon;;
Khánh Hòa;Phường Nha Trang;Nhà mặt phố;ban;2026-07;;;;;;;;san;nho;;
Khánh Hòa;Phường Nha Trang;Nhà mặt phố;ban;2026-07;;;;;;;;san;kiet;;
Khánh Hòa;Phường Nha Trang;Nhà mặt phố;ban;2026-08;;;;;;;;san;lon;;
Khánh Hòa;Phường Nha Trang;Nhà mặt phố;ban;2026-08;;;;;;;;san;nho;;
Khánh Hòa;Phường Nha Trang;Nhà mặt phố;ban;2026-08;;;;;;;;san;kiet;;
Khánh Hòa;Phường Nha Trang;Nhà mặt phố;ban;2026-09;;;;;;;;san;lon;;
Khánh Hòa;Phường Nha Trang;Nhà mặt phố;ban;2026-09;;;;;;;;san;nho;;
Khánh Hòa;Phường Nha Trang;Nhà mặt phố;ban;2026-09;;;;;;;;san;kiet;;
Khánh Hòa;Phường Nha Trang;Nhà riêng;ban;2024-10;;;;;;;;san;lon;;
Khánh Hòa;Phường Nha Trang;Nhà riêng;ban;2024-10;;;;;;;;san;nho;;
Khánh Hòa;Phường Nha Trang;Nhà riêng;ban;2024-10;;;;;;;;san;kiet;;
Khánh Hòa;Phường Nha Trang;Nhà riêng;ban;2024-11;;;;;;;;san;lon;;
Khánh Hòa;Phường Nha Trang;Nhà riêng;ban;2024-11;;;;;;;;san;nho;;
Khánh Hòa;Phường Nha Trang;Nhà riêng;ban;2024-11;;;;;;;;san;kiet;;
Khánh Hòa;Phường Nha Trang;Nhà riêng;ban;2024-12;;;;;;;;san;lon;;
Khánh Hòa;Phường Nha Trang;Nhà riêng;ban;2024-12;;;;;;;;san;nho;;
Khánh Hòa;Phường Nha Trang;Nhà riêng;ban;2024-12;;;;;;;;san;kiet;;
Khánh Hòa;Phường Nha Trang;Nhà riêng;ban;2025-01;;;;;;;;san;lon;;
Khánh Hòa;Phường Nha Trang;Nhà riêng;ban;2025-01;;;;;;;;san;nho;;
Khánh Hòa;Phường Nha Trang;Nhà riêng;ban;2025-01;;;;;;;;san;kiet;;
Khánh Hòa;Phường Nha Trang;Nhà riêng;ban;2025-02;;;;;;;;san;lon;;
Khánh Hòa;Phường Nha Trang;Nhà riêng;ban;2025-02;;;;;;;;san;nho;;
Khánh Hòa;Phường Nha Trang;Nhà riêng;ban;2025-02;;;;;;;;san;kiet;;
Khánh Hòa;Phường Nha Trang;Nhà riêng;ban;2025-03;;;;;;;;san;lon;;
Khánh Hòa;Phường Nha Trang;Nhà riêng;ban;2025-03;;;;;;;;san;nho;;
Khánh Hòa;Phường Nha Trang;Nhà riêng;ban;2025-03;;;;;;;;san;kiet;;
Khánh Hòa;Phường Nha Trang;Nhà riêng;ban;2025-04;;;;;;;;san;lon;;
Khánh Hòa;Phường Nha Trang;Nhà riêng;ban;2025-04;;;;;;;;san;nho;;
Khánh Hòa;Phường Nha Trang;Nhà riêng;ban;2025-04;;;;;;;;san;kiet;;
Khánh Hòa;Phường Nha Trang;Nhà riêng;ban;2025-05;;;;;;;;san;lon;;
Khánh Hòa;Phường Nha Trang;Nhà riêng;ban;2025-05;;;;;;;;san;nho;;
Khánh Hòa;Phường Nha Trang;Nhà riêng;ban;2025-05;;;;;;;;san;kiet;;
Khánh Hòa;Phường Nha Trang;Nhà riêng;ban;2025-06;;;;;;;;san;lon;;
Khánh Hòa;Phường Nha Trang;Nhà riêng;ban;2025-06;;;;;;;;san;nho;;
Khánh Hòa;Phường Nha Trang;Nhà riêng;ban;2025-06;;;;;;;;san;kiet;;
Khánh Hòa;Phường Nha Trang;Nhà riêng;ban;2025-07;;;;;;;;san;lon;;
Khánh Hòa;Phường Nha Trang;Nhà riêng;ban;2025-07;;;;;;;;san;nho;;
Khánh Hòa;Phường Nha Trang;Nhà riêng;ban;2025-07;;;;;;;;san;kiet;;
Khánh Hòa;Phường Nha Trang;Nhà riêng;ban;2025-08;;;;;;;;san;lon;;
Khánh Hòa;Phường Nha Trang;Nhà riêng;ban;2025-08;;;;;;;;san;nho;;
Khánh Hòa;Phường Nha Trang;Nhà riêng;ban;2025-08;;;;;;;;san;kiet;;
Khánh Hòa;Phường Nha Trang;Nhà riêng;ban;2025-09;;;;;;;;san;lon;;
Khánh Hòa;Phường Nha Trang;Nhà riêng;ban;2025-09;;;;;;;;san;nho;;
Khánh Hòa;Phường Nha Trang;Nhà riêng;ban;2025-09;;;;;;;;san;kiet;;
Khánh Hòa;Phường Nha Trang;Nhà riêng;ban;2025-10;;;;;;;;san;lon;;
Khánh Hòa;Phường Nha Trang;Nhà riêng;ban;2025-10;;;;;;;;san;nho;;
Khánh Hòa;Phường Nha Trang;Nhà riêng;ban;2025-10;;;;;;;;san;kiet;;
Khánh Hòa;Phường Nha Trang;Nhà riêng;ban;2025-11;;;;;;;;san;lon;;
Khánh Hòa;Phường Nha Trang;Nhà riêng;ban;2025-11;;;;;;;;san;nho;;
Khánh Hòa;Phường Nha Trang;Nhà riêng;ban;2025-11;;;;;;;;san;kiet;;
Khánh Hòa;Phường Nha Trang;Nhà riêng;ban;2025-12;;;;;;;;san;lon;;
Khánh Hòa;Phường Nha Trang;Nhà riêng;ban;2025-12;;;;;;;;san;nho;;
Khánh Hòa;Phường Nha Trang;Nhà riêng;ban;2025-12;;;;;;;;san;kiet;;
Khánh Hòa;Phường Nha Trang;Nhà riêng;ban;2026-01;;;;;;;;san;lon;;
Khánh Hòa;Phường Nha Trang;Nhà riêng;ban;2026-01;;;;;;;;san;nho;;
Khánh Hòa;Phường Nha Trang;Nhà riêng;ban;2026-01;;;;;;;;san;kiet;;
Khánh Hòa;Phường Nha Trang;Nhà riêng;ban;2026-02;;;;;;;;san;lon;;
Khánh Hòa;Phường Nha Trang;Nhà riêng;ban;2026-02;;;;;;;;san;nho;;
Khánh Hòa;Phường Nha Trang;Nhà riêng;ban;2026-02;;;;;;;;san;kiet;;
Khánh Hòa;Phường Nha Trang;Nhà riêng;ban;2026-03;;;;;;;;san;lon;;
Khánh Hòa;Phường Nha Trang;Nhà riêng;ban;2026-03;;;;;;;;san;nho;;
Khánh Hòa;Phường Nha Trang;Nhà riêng;ban;2026-03;;;;;;;;san;kiet;;
Khánh Hòa;Phường Nha Trang;Nhà riêng;ban;2026-04;;;;;;;;san;lon;;
Khánh Hòa;Phường Nha Trang;Nhà riêng;ban;2026-04;;;;;;;;san;nho;;
Khánh Hòa;Phường Nha Trang;Nhà riêng;ban;2026-04;;;;;;;;san;kiet;;
Khánh Hòa;Phường Nha Trang;Nhà riêng;ban;2026-05;;;;;;;;san;lon;;
Khánh Hòa;Phường Nha Trang;Nhà riêng;ban;2026-05;;;;;;;;san;nho;;
Khánh Hòa;Phường Nha Trang;Nhà riêng;ban;2026-05;;;;;;;;san;kiet;;
Khánh Hòa;Phường Nha Trang;Nhà riêng;ban;2026-06;;;;;;;;san;lon;;
Khánh Hòa;Phường Nha Trang;Nhà riêng;ban;2026-06;;;;;;;;san;nho;;
Khánh Hòa;Phường Nha Trang;Nhà riêng;ban;2026-06;;;;;;;;san;kiet;;
Khánh Hòa;Phường Nha Trang;Nhà riêng;ban;2026-07;;;;;;;;san;lon;;
Khánh Hòa;Phường Nha Trang;Nhà riêng;ban;2026-07;;;;;;;;san;nho;;
Khánh Hòa;Phường Nha Trang;Nhà riêng;ban;2026-07;;;;;;;;san;kiet;;
Khánh Hòa;Phường Nha Trang;Nhà riêng;ban;2026-08;;;;;;;;san;lon;;
Khánh Hòa;Phường Nha Trang;Nhà riêng;ban;2026-08;;;;;;;;san;nho;;
Khánh Hòa;Phường Nha Trang;Nhà riêng;ban;2026-08;;;;;;;;san;kiet;;
Khánh Hòa;Phường Nha Trang;Nhà riêng;ban;2026-09;;;;;;;;san;lon;;
Khánh Hòa;Phường Nha Trang;Nhà riêng;ban;2026-09;;;;;;;;san;nho;;
Khánh Hòa;Phường Nha Trang;Nhà riêng;ban;2026-09;;;;;;;;san;kiet;;
Lâm Đồng;Phường Phú Thủy;Đất nền / Đất nền dự án;ban;2024-10;;;;;;;;dat;lon;;
Lâm Đồng;Phường Phú Thủy;Đất nền / Đất nền dự án;ban;2024-10;;;;;;;;dat;nho;;
Lâm Đồng;Phường Phú Thủy;Đất nền / Đất nền dự án;ban;2024-10;;;;;;;;dat;kiet;;
Lâm Đồng;Phường Phú Thủy;Đất nền / Đất nền dự án;ban;2024-11;;;;;;;;dat;lon;;
Lâm Đồng;Phường Phú Thủy;Đất nền / Đất nền dự án;ban;2024-11;;;;;;;;dat;nho;;
Lâm Đồng;Phường Phú Thủy;Đất nền / Đất nền dự án;ban;2024-11;;;;;;;;dat;kiet;;
Lâm Đồng;Phường Phú Thủy;Đất nền / Đất nền dự án;ban;2024-12;;;;;;;;dat;lon;;
Lâm Đồng;Phường Phú Thủy;Đất nền / Đất nền dự án;ban;2024-12;;;;;;;;dat;nho;;
Lâm Đồng;Phường Phú Thủy;Đất nền / Đất nền dự án;ban;2024-12;;;;;;;;dat;kiet;;
Lâm Đồng;Phường Phú Thủy;Đất nền / Đất nền dự án;ban;2025-01;;;;;;;;dat;lon;;
Lâm Đồng;Phường Phú Thủy;Đất nền / Đất nền dự án;ban;2025-01;;;;;;;;dat;nho;;
Lâm Đồng;Phường Phú Thủy;Đất nền / Đất nền dự án;ban;2025-01;;;;;;;;dat;kiet;;
Lâm Đồng;Phường Phú Thủy;Đất nền / Đất nền dự án;ban;2025-02;;;;;;;;dat;lon;;
Lâm Đồng;Phường Phú Thủy;Đất nền / Đất nền dự án;ban;2025-02;;;;;;;;dat;nho;;
Lâm Đồng;Phường Phú Thủy;Đất nền / Đất nền dự án;ban;2025-02;;;;;;;;dat;kiet;;
Lâm Đồng;Phường Phú Thủy;Đất nền / Đất nền dự án;ban;2025-03;;;;;;;;dat;lon;;
Lâm Đồng;Phường Phú Thủy;Đất nền / Đất nền dự án;ban;2025-03;;;;;;;;dat;nho;;
Lâm Đồng;Phường Phú Thủy;Đất nền / Đất nền dự án;ban;2025-03;;;;;;;;dat;kiet;;
Lâm Đồng;Phường Phú Thủy;Đất nền / Đất nền dự án;ban;2025-04;;;;;;;;dat;lon;;
Lâm Đồng;Phường Phú Thủy;Đất nền / Đất nền dự án;ban;2025-04;;;;;;;;dat;nho;;
Lâm Đồng;Phường Phú Thủy;Đất nền / Đất nền dự án;ban;2025-04;;;;;;;;dat;kiet;;
Lâm Đồng;Phường Phú Thủy;Đất nền / Đất nền dự án;ban;2025-05;;;;;;;;dat;lon;;
Lâm Đồng;Phường Phú Thủy;Đất nền / Đất nền dự án;ban;2025-05;;;;;;;;dat;nho;;
Lâm Đồng;Phường Phú Thủy;Đất nền / Đất nền dự án;ban;2025-05;;;;;;;;dat;kiet;;
Lâm Đồng;Phường Phú Thủy;Đất nền / Đất nền dự án;ban;2025-06;;;;;;;;dat;lon;;
Lâm Đồng;Phường Phú Thủy;Đất nền / Đất nền dự án;ban;2025-06;;;;;;;;dat;nho;;
Lâm Đồng;Phường Phú Thủy;Đất nền / Đất nền dự án;ban;2025-06;;;;;;;;dat;kiet;;
Lâm Đồng;Phường Phú Thủy;Đất nền / Đất nền dự án;ban;2025-07;;;;;;;;dat;lon;;
Lâm Đồng;Phường Phú Thủy;Đất nền / Đất nền dự án;ban;2025-07;;;;;;;;dat;nho;;
Lâm Đồng;Phường Phú Thủy;Đất nền / Đất nền dự án;ban;2025-07;;;;;;;;dat;kiet;;
Lâm Đồng;Phường Phú Thủy;Đất nền / Đất nền dự án;ban;2025-08;;;;;;;;dat;lon;;
Lâm Đồng;Phường Phú Thủy;Đất nền / Đất nền dự án;ban;2025-08;;;;;;;;dat;nho;;
Lâm Đồng;Phường Phú Thủy;Đất nền / Đất nền dự án;ban;2025-08;;;;;;;;dat;kiet;;
Lâm Đồng;Phường Phú Thủy;Đất nền / Đất nền dự án;ban;2025-09;;;;;;;;dat;lon;;
Lâm Đồng;Phường Phú Thủy;Đất nền / Đất nền dự án;ban;2025-09;;;;;;;;dat;nho;;
Lâm Đồng;Phường Phú Thủy;Đất nền / Đất nền dự án;ban;2025-09;;;;;;;;dat;kiet;;
Lâm Đồng;Phường Phú Thủy;Đất nền / Đất nền dự án;ban;2025-10;;;;;;;;dat;lon;;
Lâm Đồng;Phường Phú Thủy;Đất nền / Đất nền dự án;ban;2025-10;;;;;;;;dat;nho;;
Lâm Đồng;Phường Phú Thủy;Đất nền / Đất nền dự án;ban;2025-10;;;;;;;;dat;kiet;;
Lâm Đồng;Phường Phú Thủy;Đất nền / Đất nền dự án;ban;2025-11;;;;;;;;dat;lon;;
Lâm Đồng;Phường Phú Thủy;Đất nền / Đất nền dự án;ban;2025-11;;;;;;;;dat;nho;;
Lâm Đồng;Phường Phú Thủy;Đất nền / Đất nền dự án;ban;2025-11;;;;;;;;dat;kiet;;
Lâm Đồng;Phường Phú Thủy;Đất nền / Đất nền dự án;ban;2025-12;;;;;;;;dat;lon;;
Lâm Đồng;Phường Phú Thủy;Đất nền / Đất nền dự án;ban;2025-12;;;;;;;;dat;nho;;
Lâm Đồng;Phường Phú Thủy;Đất nền / Đất nền dự án;ban;2025-12;;;;;;;;dat;kiet;;
Lâm Đồng;Phường Phú Thủy;Đất nền / Đất nền dự án;ban;2026-01;;;;;;;;dat;lon;;
Lâm Đồng;Phường Phú Thủy;Đất nền / Đất nền dự án;ban;2026-01;;;;;;;;dat;nho;;
Lâm Đồng;Phường Phú Thủy;Đất nền / Đất nền dự án;ban;2026-01;;;;;;;;dat;kiet;;
Lâm Đồng;Phường Phú Thủy;Đất nền / Đất nền dự án;ban;2026-02;;;;;;;;dat;lon;;
Lâm Đồng;Phường Phú Thủy;Đất nền / Đất nền dự án;ban;2026-02;;;;;;;;dat;nho;;
Lâm Đồng;Phường Phú Thủy;Đất nền / Đất nền dự án;ban;2026-02;;;;;;;;dat;kiet;;
Lâm Đồng;Phường Phú Thủy;Đất nền / Đất nền dự án;ban;2026-03;;;;;;;;dat;lon;;
Lâm Đồng;Phường Phú Thủy;Đất nền / Đất nền dự án;ban;2026-03;;;;;;;;dat;nho;;
Lâm Đồng;Phường Phú Thủy;Đất nền / Đất nền dự án;ban;2026-03;;;;;;;;dat;kiet;;
Lâm Đồng;Phường Phú Thủy;Đất nền / Đất nền dự án;ban;2026-04;;;;;;;;dat;lon;;
Lâm Đồng;Phường Phú Thủy;Đất nền / Đất nền dự án;ban;2026-04;;;;;;;;dat;nho;;
Lâm Đồng;Phường Phú Thủy;Đất nền / Đất nền dự án;ban;2026-04;;;;;;;;dat;kiet;;
Lâm Đồng;Phường Phú Thủy;Đất nền / Đất nền dự án;ban;2026-05;;;;;;;;dat;lon;;
Lâm Đồng;Phường Phú Thủy;Đất nền / Đất nền dự án;ban;2026-05;;;;;;;;dat;nho;;
Lâm Đồng;Phường Phú Thủy;Đất nền / Đất nền dự án;ban;2026-05;;;;;;;;dat;kiet;;
Lâm Đồng;Phường Phú Thủy;Đất nền / Đất nền dự án;ban;2026-06;;;;;;;;dat;lon;;
Lâm Đồng;Phường Phú Thủy;Đất nền / Đất nền dự án;ban;2026-06;;;;;;;;dat;nho;;
Lâm Đồng;Phường Phú Thủy;Đất nền / Đất nền dự án;ban;2026-06;;;;;;;;dat;kiet;;
Lâm Đồng;Phường Phú Thủy;Đất nền / Đất nền dự án;ban;2026-07;;;;;;;;dat;lon;;
Lâm Đồng;Phường Phú Thủy;Đất nền / Đất nền dự án;ban;2026-07;;;;;;;;dat;nho;;
Lâm Đồng;Phường Phú Thủy;Đất nền / Đất nền dự án;ban;2026-07;;;;;;;;dat;kiet;;
Lâm Đồng;Phường Phú Thủy;Đất nền / Đất nền dự án;ban;2026-08;;;;;;;;dat;lon;;
Lâm Đồng;Phường Phú Thủy;Đất nền / Đất nền dự án;ban;2026-08;;;;;;;;dat;nho;;
Lâm Đồng;Phường Phú Thủy;Đất nền / Đất nền dự án;ban;2026-08;;;;;;;;dat;kiet;;
Lâm Đồng;Phường Phú Thủy;Đất nền / Đất nền dự án;ban;2026-09;;;;;;;;dat;lon;;
Lâm Đồng;Phường Phú Thủy;Đất nền / Đất nền dự án;ban;2026-09;;;;;;;;dat;nho;;
Lâm Đồng;Phường Phú Thủy;Đất nền / Đất nền dự án;ban;2026-09;;;;;;;;dat;kiet;;
Quảng Ngãi;Xã Tịnh Khê;Đất nền / Đất nền dự án;ban;2024-10;;;;;;;;dat;lon;;
Quảng Ngãi;Xã Tịnh Khê;Đất nền / Đất nền dự án;ban;2024-10;;;;;;;;dat;nho;;
Quảng Ngãi;Xã Tịnh Khê;Đất nền / Đất nền dự án;ban;2024-10;;;;;;;;dat;kiet;;
Quảng Ngãi;Xã Tịnh Khê;Đất nền / Đất nền dự án;ban;2024-11;;;;;;;;dat;lon;;
Quảng Ngãi;Xã Tịnh Khê;Đất nền / Đất nền dự án;ban;2024-11;;;;;;;;dat;nho;;
Quảng Ngãi;Xã Tịnh Khê;Đất nền / Đất nền dự án;ban;2024-11;;;;;;;;dat;kiet;;
Quảng Ngãi;Xã Tịnh Khê;Đất nền / Đất nền dự án;ban;2024-12;;;;;;;;dat;lon;;
Quảng Ngãi;Xã Tịnh Khê;Đất nền / Đất nền dự án;ban;2024-12;;;;;;;;dat;nho;;
Quảng Ngãi;Xã Tịnh Khê;Đất nền / Đất nền dự án;ban;2024-12;;;;;;;;dat;kiet;;
Quảng Ngãi;Xã Tịnh Khê;Đất nền / Đất nền dự án;ban;2025-01;;;;;;;;dat;lon;;
Quảng Ngãi;Xã Tịnh Khê;Đất nền / Đất nền dự án;ban;2025-01;;;;;;;;dat;nho;;
Quảng Ngãi;Xã Tịnh Khê;Đất nền / Đất nền dự án;ban;2025-01;;;;;;;;dat;kiet;;
Quảng Ngãi;Xã Tịnh Khê;Đất nền / Đất nền dự án;ban;2025-02;;;;;;;;dat;lon;;
Quảng Ngãi;Xã Tịnh Khê;Đất nền / Đất nền dự án;ban;2025-02;;;;;;;;dat;nho;;
Quảng Ngãi;Xã Tịnh Khê;Đất nền / Đất nền dự án;ban;2025-02;;;;;;;;dat;kiet;;
Quảng Ngãi;Xã Tịnh Khê;Đất nền / Đất nền dự án;ban;2025-03;;;;;;;;dat;lon;;
Quảng Ngãi;Xã Tịnh Khê;Đất nền / Đất nền dự án;ban;2025-03;;;;;;;;dat;nho;;
Quảng Ngãi;Xã Tịnh Khê;Đất nền / Đất nền dự án;ban;2025-03;;;;;;;;dat;kiet;;
Quảng Ngãi;Xã Tịnh Khê;Đất nền / Đất nền dự án;ban;2025-04;;;;;;;;dat;lon;;
Quảng Ngãi;Xã Tịnh Khê;Đất nền / Đất nền dự án;ban;2025-04;;;;;;;;dat;nho;;
Quảng Ngãi;Xã Tịnh Khê;Đất nền / Đất nền dự án;ban;2025-04;;;;;;;;dat;kiet;;
Quảng Ngãi;Xã Tịnh Khê;Đất nền / Đất nền dự án;ban;2025-05;;;;;;;;dat;lon;;
Quảng Ngãi;Xã Tịnh Khê;Đất nền / Đất nền dự án;ban;2025-05;;;;;;;;dat;nho;;
Quảng Ngãi;Xã Tịnh Khê;Đất nền / Đất nền dự án;ban;2025-05;;;;;;;;dat;kiet;;
Quảng Ngãi;Xã Tịnh Khê;Đất nền / Đất nền dự án;ban;2025-06;;;;;;;;dat;lon;;
Quảng Ngãi;Xã Tịnh Khê;Đất nền / Đất nền dự án;ban;2025-06;;;;;;;;dat;nho;;
Quảng Ngãi;Xã Tịnh Khê;Đất nền / Đất nền dự án;ban;2025-06;;;;;;;;dat;kiet;;
Quảng Ngãi;Xã Tịnh Khê;Đất nền / Đất nền dự án;ban;2025-07;;;;;;;;dat;lon;;
Quảng Ngãi;Xã Tịnh Khê;Đất nền / Đất nền dự án;ban;2025-07;;;;;;;;dat;nho;;
Quảng Ngãi;Xã Tịnh Khê;Đất nền / Đất nền dự án;ban;2025-07;;;;;;;;dat;kiet;;
Quảng Ngãi;Xã Tịnh Khê;Đất nền / Đất nền dự án;ban;2025-08;;;;;;;;dat;lon;;
Quảng Ngãi;Xã Tịnh Khê;Đất nền / Đất nền dự án;ban;2025-08;;;;;;;;dat;nho;;
Quảng Ngãi;Xã Tịnh Khê;Đất nền / Đất nền dự án;ban;2025-08;;;;;;;;dat;kiet;;
Quảng Ngãi;Xã Tịnh Khê;Đất nền / Đất nền dự án;ban;2025-09;;;;;;;;dat;lon;;
Quảng Ngãi;Xã Tịnh Khê;Đất nền / Đất nền dự án;ban;2025-09;;;;;;;;dat;nho;;
Quảng Ngãi;Xã Tịnh Khê;Đất nền / Đất nền dự án;ban;2025-09;;;;;;;;dat;kiet;;
Quảng Ngãi;Xã Tịnh Khê;Đất nền / Đất nền dự án;ban;2025-10;;;;;;;;dat;lon;;
Quảng Ngãi;Xã Tịnh Khê;Đất nền / Đất nền dự án;ban;2025-10;;;;;;;;dat;nho;;
Quảng Ngãi;Xã Tịnh Khê;Đất nền / Đất nền dự án;ban;2025-10;;;;;;;;dat;kiet;;
Quảng Ngãi;Xã Tịnh Khê;Đất nền / Đất nền dự án;ban;2025-11;;;;;;;;dat;lon;;
Quảng Ngãi;Xã Tịnh Khê;Đất nền / Đất nền dự án;ban;2025-11;;;;;;;;dat;nho;;
Quảng Ngãi;Xã Tịnh Khê;Đất nền / Đất nền dự án;ban;2025-11;;;;;;;;dat;kiet;;
Quảng Ngãi;Xã Tịnh Khê;Đất nền / Đất nền dự án;ban;2025-12;;;;;;;;dat;lon;;
Quảng Ngãi;Xã Tịnh Khê;Đất nền / Đất nền dự án;ban;2025-12;;;;;;;;dat;nho;;
Quảng Ngãi;Xã Tịnh Khê;Đất nền / Đất nền dự án;ban;2025-12;;;;;;;;dat;kiet;;
Quảng Ngãi;Xã Tịnh Khê;Đất nền / Đất nền dự án;ban;2026-01;;;;;;;;dat;lon;;
Quảng Ngãi;Xã Tịnh Khê;Đất nền / Đất nền dự án;ban;2026-01;;;;;;;;dat;nho;;
Quảng Ngãi;Xã Tịnh Khê;Đất nền / Đất nền dự án;ban;2026-01;;;;;;;;dat;kiet;;
Quảng Ngãi;Xã Tịnh Khê;Đất nền / Đất nền dự án;ban;2026-02;;;;;;;;dat;lon;;
Quảng Ngãi;Xã Tịnh Khê;Đất nền / Đất nền dự án;ban;2026-02;;;;;;;;dat;nho;;
Quảng Ngãi;Xã Tịnh Khê;Đất nền / Đất nền dự án;ban;2026-02;;;;;;;;dat;kiet;;
Quảng Ngãi;Xã Tịnh Khê;Đất nền / Đất nền dự án;ban;2026-03;;;;;;;;dat;lon;;
Quảng Ngãi;Xã Tịnh Khê;Đất nền / Đất nền dự án;ban;2026-03;;;;;;;;dat;nho;;
Quảng Ngãi;Xã Tịnh Khê;Đất nền / Đất nền dự án;ban;2026-03;;;;;;;;dat;kiet;;
Quảng Ngãi;Xã Tịnh Khê;Đất nền / Đất nền dự án;ban;2026-04;;;;;;;;dat;lon;;
Quảng Ngãi;Xã Tịnh Khê;Đất nền / Đất nền dự án;ban;2026-04;;;;;;;;dat;nho;;
Quảng Ngãi;Xã Tịnh Khê;Đất nền / Đất nền dự án;ban;2026-04;;;;;;;;dat;kiet;;
Quảng Ngãi;Xã Tịnh Khê;Đất nền / Đất nền dự án;ban;2026-05;;;;;;;;dat;lon;;
Quảng Ngãi;Xã Tịnh Khê;Đất nền / Đất nền dự án;ban;2026-05;;;;;;;;dat;nho;;
Quảng Ngãi;Xã Tịnh Khê;Đất nền / Đất nền dự án;ban;2026-05;;;;;;;;dat;kiet;;
Quảng Ngãi;Xã Tịnh Khê;Đất nền / Đất nền dự án;ban;2026-06;;;;;;;;dat;lon;;
Quảng Ngãi;Xã Tịnh Khê;Đất nền / Đất nền dự án;ban;2026-06;;;;;;;;dat;nho;;
Quảng Ngãi;Xã Tịnh Khê;Đất nền / Đất nền dự án;ban;2026-06;;;;;;;;dat;kiet;;
Quảng Ngãi;Xã Tịnh Khê;Đất nền / Đất nền dự án;ban;2026-07;;;;;;;;dat;lon;;
Quảng Ngãi;Xã Tịnh Khê;Đất nền / Đất nền dự án;ban;2026-07;;;;;;;;dat;nho;;
Quảng Ngãi;Xã Tịnh Khê;Đất nền / Đất nền dự án;ban;2026-07;;;;;;;;dat;kiet;;
Quảng Ngãi;Xã Tịnh Khê;Đất nền / Đất nền dự án;ban;2026-08;;;;;;;;dat;lon;;
Quảng Ngãi;Xã Tịnh Khê;Đất nền / Đất nền dự án;ban;2026-08;;;;;;;;dat;nho;;
Quảng Ngãi;Xã Tịnh Khê;Đất nền / Đất nền dự án;ban;2026-08;;;;;;;;dat;kiet;;
Quảng Ngãi;Xã Tịnh Khê;Đất nền / Đất nền dự án;ban;2026-09;;;;;;;;dat;lon;;
Quảng Ngãi;Xã Tịnh Khê;Đất nền / Đất nền dự án;ban;2026-09;;;;;;;;dat;nho;;
Quảng Ngãi;Xã Tịnh Khê;Đất nền / Đất nền dự án;ban;2026-09;;;;;;;;dat;kiet;;
Quảng Ngãi;Xã Thọ Phong;Đất nền / Đất nền dự án;ban;2024-10;;;;;;;;dat;lon;;
Quảng Ngãi;Xã Thọ Phong;Đất nền / Đất nền dự án;ban;2024-10;;;;;;;;dat;nho;;
Quảng Ngãi;Xã Thọ Phong;Đất nền / Đất nền dự án;ban;2024-10;;;;;;;;dat;kiet;;
Quảng Ngãi;Xã Thọ Phong;Đất nền / Đất nền dự án;ban;2024-11;;;;;;;;dat;lon;;
Quảng Ngãi;Xã Thọ Phong;Đất nền / Đất nền dự án;ban;2024-11;;;;;;;;dat;nho;;
Quảng Ngãi;Xã Thọ Phong;Đất nền / Đất nền dự án;ban;2024-11;;;;;;;;dat;kiet;;
Quảng Ngãi;Xã Thọ Phong;Đất nền / Đất nền dự án;ban;2024-12;;;;;;;;dat;lon;;
Quảng Ngãi;Xã Thọ Phong;Đất nền / Đất nền dự án;ban;2024-12;;;;;;;;dat;nho;;
Quảng Ngãi;Xã Thọ Phong;Đất nền / Đất nền dự án;ban;2024-12;;;;;;;;dat;kiet;;
Quảng Ngãi;Xã Thọ Phong;Đất nền / Đất nền dự án;ban;2025-01;;;;;;;;dat;lon;;
Quảng Ngãi;Xã Thọ Phong;Đất nền / Đất nền dự án;ban;2025-01;;;;;;;;dat;nho;;
Quảng Ngãi;Xã Thọ Phong;Đất nền / Đất nền dự án;ban;2025-01;;;;;;;;dat;kiet;;
Quảng Ngãi;Xã Thọ Phong;Đất nền / Đất nền dự án;ban;2025-02;;;;;;;;dat;lon;;
Quảng Ngãi;Xã Thọ Phong;Đất nền / Đất nền dự án;ban;2025-02;;;;;;;;dat;nho;;
Quảng Ngãi;Xã Thọ Phong;Đất nền / Đất nền dự án;ban;2025-02;;;;;;;;dat;kiet;;
Quảng Ngãi;Xã Thọ Phong;Đất nền / Đất nền dự án;ban;2025-03;;;;;;;;dat;lon;;
Quảng Ngãi;Xã Thọ Phong;Đất nền / Đất nền dự án;ban;2025-03;;;;;;;;dat;nho;;
Quảng Ngãi;Xã Thọ Phong;Đất nền / Đất nền dự án;ban;2025-03;;;;;;;;dat;kiet;;
Quảng Ngãi;Xã Thọ Phong;Đất nền / Đất nền dự án;ban;2025-04;;;;;;;;dat;lon;;
Quảng Ngãi;Xã Thọ Phong;Đất nền / Đất nền dự án;ban;2025-04;;;;;;;;dat;nho;;
Quảng Ngãi;Xã Thọ Phong;Đất nền / Đất nền dự án;ban;2025-04;;;;;;;;dat;kiet;;
Quảng Ngãi;Xã Thọ Phong;Đất nền / Đất nền dự án;ban;2025-05;;;;;;;;dat;lon;;
Quảng Ngãi;Xã Thọ Phong;Đất nền / Đất nền dự án;ban;2025-05;;;;;;;;dat;nho;;
Quảng Ngãi;Xã Thọ Phong;Đất nền / Đất nền dự án;ban;2025-05;;;;;;;;dat;kiet;;
Quảng Ngãi;Xã Thọ Phong;Đất nền / Đất nền dự án;ban;2025-06;;;;;;;;dat;lon;;
Quảng Ngãi;Xã Thọ Phong;Đất nền / Đất nền dự án;ban;2025-06;;;;;;;;dat;nho;;
Quảng Ngãi;Xã Thọ Phong;Đất nền / Đất nền dự án;ban;2025-06;;;;;;;;dat;kiet;;
Quảng Ngãi;Xã Thọ Phong;Đất nền / Đất nền dự án;ban;2025-07;;;;;;;;dat;lon;;
Quảng Ngãi;Xã Thọ Phong;Đất nền / Đất nền dự án;ban;2025-07;;;;;;;;dat;nho;;
Quảng Ngãi;Xã Thọ Phong;Đất nền / Đất nền dự án;ban;2025-07;;;;;;;;dat;kiet;;
Quảng Ngãi;Xã Thọ Phong;Đất nền / Đất nền dự án;ban;2025-08;;;;;;;;dat;lon;;
Quảng Ngãi;Xã Thọ Phong;Đất nền / Đất nền dự án;ban;2025-08;;;;;;;;dat;nho;;
Quảng Ngãi;Xã Thọ Phong;Đất nền / Đất nền dự án;ban;2025-08;;;;;;;;dat;kiet;;
Quảng Ngãi;Xã Thọ Phong;Đất nền / Đất nền dự án;ban;2025-09;;;;;;;;dat;lon;;
Quảng Ngãi;Xã Thọ Phong;Đất nền / Đất nền dự án;ban;2025-09;;;;;;;;dat;nho;;
Quảng Ngãi;Xã Thọ Phong;Đất nền / Đất nền dự án;ban;2025-09;;;;;;;;dat;kiet;;
Quảng Ngãi;Xã Thọ Phong;Đất nền / Đất nền dự án;ban;2025-10;;;;;;;;dat;lon;;
Quảng Ngãi;Xã Thọ Phong;Đất nền / Đất nền dự án;ban;2025-10;;;;;;;;dat;nho;;
Quảng Ngãi;Xã Thọ Phong;Đất nền / Đất nền dự án;ban;2025-10;;;;;;;;dat;kiet;;
Quảng Ngãi;Xã Thọ Phong;Đất nền / Đất nền dự án;ban;2025-11;;;;;;;;dat;lon;;
Quảng Ngãi;Xã Thọ Phong;Đất nền / Đất nền dự án;ban;2025-11;;;;;;;;dat;nho;;
Quảng Ngãi;Xã Thọ Phong;Đất nền / Đất nền dự án;ban;2025-11;;;;;;;;dat;kiet;;
Quảng Ngãi;Xã Thọ Phong;Đất nền / Đất nền dự án;ban;2025-12;;;;;;;;dat;lon;;
Quảng Ngãi;Xã Thọ Phong;Đất nền / Đất nền dự án;ban;2025-12;;;;;;;;dat;nho;;
Quảng Ngãi;Xã Thọ Phong;Đất nền / Đất nền dự án;ban;2025-12;;;;;;;;dat;kiet;;
Quảng Ngãi;Xã Thọ Phong;Đất nền / Đất nền dự án;ban;2026-01;;;;;;;;dat;lon;;
Quảng Ngãi;Xã Thọ Phong;Đất nền / Đất nền dự án;ban;2026-01;;;;;;;;dat;nho;;
Quảng Ngãi;Xã Thọ Phong;Đất nền / Đất nền dự án;ban;2026-01;;;;;;;;dat;kiet;;
Quảng Ngãi;Xã Thọ Phong;Đất nền / Đất nền dự án;ban;2026-02;;;;;;;;dat;lon;;
Quảng Ngãi;Xã Thọ Phong;Đất nền / Đất nền dự án;ban;2026-02;;;;;;;;dat;nho;;
Quảng Ngãi;Xã Thọ Phong;Đất nền / Đất nền dự án;ban;2026-02;;;;;;;;dat;kiet;;
Quảng Ngãi;Xã Thọ Phong;Đất nền / Đất nền dự án;ban;2026-03;;;;;;;;dat;lon;;
Quảng Ngãi;Xã Thọ Phong;Đất nền / Đất nền dự án;ban;2026-03;;;;;;;;dat;nho;;
Quảng Ngãi;Xã Thọ Phong;Đất nền / Đất nền dự án;ban;2026-03;;;;;;;;dat;kiet;;
Quảng Ngãi;Xã Thọ Phong;Đất nền / Đất nền dự án;ban;2026-04;;;;;;;;dat;lon;;
Quảng Ngãi;Xã Thọ Phong;Đất nền / Đất nền dự án;ban;2026-04;;;;;;;;dat;nho;;
Quảng Ngãi;Xã Thọ Phong;Đất nền / Đất nền dự án;ban;2026-04;;;;;;;;dat;kiet;;
Quảng Ngãi;Xã Thọ Phong;Đất nền / Đất nền dự án;ban;2026-05;;;;;;;;dat;lon;;
Quảng Ngãi;Xã Thọ Phong;Đất nền / Đất nền dự án;ban;2026-05;;;;;;;;dat;nho;;
Quảng Ngãi;Xã Thọ Phong;Đất nền / Đất nền dự án;ban;2026-05;;;;;;;;dat;kiet;;
Quảng Ngãi;Xã Thọ Phong;Đất nền / Đất nền dự án;ban;2026-06;;;;;;;;dat;lon;;
Quảng Ngãi;Xã Thọ Phong;Đất nền / Đất nền dự án;ban;2026-06;;;;;;;;dat;nho;;
Quảng Ngãi;Xã Thọ Phong;Đất nền / Đất nền dự án;ban;2026-06;;;;;;;;dat;kiet;;
Quảng Ngãi;Xã Thọ Phong;Đất nền / Đất nền dự án;ban;2026-07;;;;;;;;dat;lon;;
Quảng Ngãi;Xã Thọ Phong;Đất nền / Đất nền dự án;ban;2026-07;;;;;;;;dat;nho;;
Quảng Ngãi;Xã Thọ Phong;Đất nền / Đất nền dự án;ban;2026-07;;;;;;;;dat;kiet;;
Quảng Ngãi;Xã Thọ Phong;Đất nền / Đất nền dự án;ban;2026-08;;;;;;;;dat;lon;;
Quảng Ngãi;Xã Thọ Phong;Đất nền / Đất nền dự án;ban;2026-08;;;;;;;;dat;nho;;
Quảng Ngãi;Xã Thọ Phong;Đất nền / Đất nền dự án;ban;2026-08;;;;;;;;dat;kiet;;
Quảng Ngãi;Xã Thọ Phong;Đất nền / Đất nền dự án;ban;2026-09;;;;;;;;dat;lon;;
Quảng Ngãi;Xã Thọ Phong;Đất nền / Đất nền dự án;ban;2026-09;;;;;;;;dat;nho;;
Quảng Ngãi;Xã Thọ Phong;Đất nền / Đất nền dự án;ban;2026-09;;;;;;;;dat;kiet;;
Đà Nẵng;Phường Ngũ Hành Sơn;Biệt thự / Liền kề;thue;2024-10;;;;;;;;san;lon;;
Đà Nẵng;Phường Ngũ Hành Sơn;Biệt thự / Liền kề;thue;2024-10;;;;;;;;san;nho;;
Đà Nẵng;Phường Ngũ Hành Sơn;Biệt thự / Liền kề;thue;2024-10;;;;;;;;san;kiet;;
Đà Nẵng;Phường Ngũ Hành Sơn;Biệt thự / Liền kề;thue;2024-11;;;;;;;;san;lon;;
Đà Nẵng;Phường Ngũ Hành Sơn;Biệt thự / Liền kề;thue;2024-11;;;;;;;;san;nho;;
Đà Nẵng;Phường Ngũ Hành Sơn;Biệt thự / Liền kề;thue;2024-11;;;;;;;;san;kiet;;
Đà Nẵng;Phường Ngũ Hành Sơn;Biệt thự / Liền kề;thue;2024-12;;;;;;;;san;lon;;
Đà Nẵng;Phường Ngũ Hành Sơn;Biệt thự / Liền kề;thue;2024-12;;;;;;;;san;nho;;
Đà Nẵng;Phường Ngũ Hành Sơn;Biệt thự / Liền kề;thue;2024-12;;;;;;;;san;kiet;;
Đà Nẵng;Phường Ngũ Hành Sơn;Biệt thự / Liền kề;thue;2025-01;;;;;;;;san;lon;;
Đà Nẵng;Phường Ngũ Hành Sơn;Biệt thự / Liền kề;thue;2025-01;;;;;;;;san;nho;;
Đà Nẵng;Phường Ngũ Hành Sơn;Biệt thự / Liền kề;thue;2025-01;;;;;;;;san;kiet;;
Đà Nẵng;Phường Ngũ Hành Sơn;Biệt thự / Liền kề;thue;2025-02;;;;;;;;san;lon;;
Đà Nẵng;Phường Ngũ Hành Sơn;Biệt thự / Liền kề;thue;2025-02;;;;;;;;san;nho;;
Đà Nẵng;Phường Ngũ Hành Sơn;Biệt thự / Liền kề;thue;2025-02;;;;;;;;san;kiet;;
Đà Nẵng;Phường Ngũ Hành Sơn;Biệt thự / Liền kề;thue;2025-03;;;;;;;;san;lon;;
Đà Nẵng;Phường Ngũ Hành Sơn;Biệt thự / Liền kề;thue;2025-03;;;;;;;;san;nho;;
Đà Nẵng;Phường Ngũ Hành Sơn;Biệt thự / Liền kề;thue;2025-03;;;;;;;;san;kiet;;
Đà Nẵng;Phường Ngũ Hành Sơn;Biệt thự / Liền kề;thue;2025-04;;;;;;;;san;lon;;
Đà Nẵng;Phường Ngũ Hành Sơn;Biệt thự / Liền kề;thue;2025-04;;;;;;;;san;nho;;
Đà Nẵng;Phường Ngũ Hành Sơn;Biệt thự / Liền kề;thue;2025-04;;;;;;;;san;kiet;;
Đà Nẵng;Phường Ngũ Hành Sơn;Biệt thự / Liền kề;thue;2025-05;;;;;;;;san;lon;;
Đà Nẵng;Phường Ngũ Hành Sơn;Biệt thự / Liền kề;thue;2025-05;;;;;;;;san;nho;;
Đà Nẵng;Phường Ngũ Hành Sơn;Biệt thự / Liền kề;thue;2025-05;;;;;;;;san;kiet;;
Đà Nẵng;Phường Ngũ Hành Sơn;Biệt thự / Liền kề;thue;2025-06;;;;;;;;san;lon;;
Đà Nẵng;Phường Ngũ Hành Sơn;Biệt thự / Liền kề;thue;2025-06;;;;;;;;san;nho;;
Đà Nẵng;Phường Ngũ Hành Sơn;Biệt thự / Liền kề;thue;2025-06;;;;;;;;san;kiet;;
Đà Nẵng;Phường Ngũ Hành Sơn;Biệt thự / Liền kề;thue;2025-07;;;;;;;;san;lon;;
Đà Nẵng;Phường Ngũ Hành Sơn;Biệt thự / Liền kề;thue;2025-07;;;;;;;;san;nho;;
Đà Nẵng;Phường Ngũ Hành Sơn;Biệt thự / Liền kề;thue;2025-07;;;;;;;;san;kiet;;
Đà Nẵng;Phường Ngũ Hành Sơn;Biệt thự / Liền kề;thue;2025-08;;;;;;;;san;lon;;
Đà Nẵng;Phường Ngũ Hành Sơn;Biệt thự / Liền kề;thue;2025-08;;;;;;;;san;nho;;
Đà Nẵng;Phường Ngũ Hành Sơn;Biệt thự / Liền kề;thue;2025-08;;;;;;;;san;kiet;;
Đà Nẵng;Phường Ngũ Hành Sơn;Biệt thự / Liền kề;thue;2025-09;;;;;;;;san;lon;;
Đà Nẵng;Phường Ngũ Hành Sơn;Biệt thự / Liền kề;thue;2025-09;;;;;;;;san;nho;;
Đà Nẵng;Phường Ngũ Hành Sơn;Biệt thự / Liền kề;thue;2025-09;;;;;;;;san;kiet;;
Đà Nẵng;Phường Ngũ Hành Sơn;Biệt thự / Liền kề;thue;2025-10;;;;;;;;san;lon;;
Đà Nẵng;Phường Ngũ Hành Sơn;Biệt thự / Liền kề;thue;2025-10;;;;;;;;san;nho;;
Đà Nẵng;Phường Ngũ Hành Sơn;Biệt thự / Liền kề;thue;2025-10;;;;;;;;san;kiet;;
Đà Nẵng;Phường Ngũ Hành Sơn;Biệt thự / Liền kề;thue;2025-11;;;;;;;;san;lon;;
Đà Nẵng;Phường Ngũ Hành Sơn;Biệt thự / Liền kề;thue;2025-11;;;;;;;;san;nho;;
Đà Nẵng;Phường Ngũ Hành Sơn;Biệt thự / Liền kề;thue;2025-11;;;;;;;;san;kiet;;
Đà Nẵng;Phường Ngũ Hành Sơn;Biệt thự / Liền kề;thue;2025-12;;;;;;;;san;lon;;
Đà Nẵng;Phường Ngũ Hành Sơn;Biệt thự / Liền kề;thue;2025-12;;;;;;;;san;nho;;
Đà Nẵng;Phường Ngũ Hành Sơn;Biệt thự / Liền kề;thue;2025-12;;;;;;;;san;kiet;;
Đà Nẵng;Phường Ngũ Hành Sơn;Biệt thự / Liền kề;thue;2026-01;;;;;;;;san;lon;;
Đà Nẵng;Phường Ngũ Hành Sơn;Biệt thự / Liền kề;thue;2026-01;;;;;;;;san;nho;;
Đà Nẵng;Phường Ngũ Hành Sơn;Biệt thự / Liền kề;thue;2026-01;;;;;;;;san;kiet;;
Đà Nẵng;Phường Ngũ Hành Sơn;Biệt thự / Liền kề;thue;2026-02;;;;;;;;san;lon;;
Đà Nẵng;Phường Ngũ Hành Sơn;Biệt thự / Liền kề;thue;2026-02;;;;;;;;san;nho;;
Đà Nẵng;Phường Ngũ Hành Sơn;Biệt thự / Liền kề;thue;2026-02;;;;;;;;san;kiet;;
Đà Nẵng;Phường Ngũ Hành Sơn;Biệt thự / Liền kề;thue;2026-03;;;;;;;;san;lon;;
Đà Nẵng;Phường Ngũ Hành Sơn;Biệt thự / Liền kề;thue;2026-03;;;;;;;;san;nho;;
Đà Nẵng;Phường Ngũ Hành Sơn;Biệt thự / Liền kề;thue;2026-03;;;;;;;;san;kiet;;
Đà Nẵng;Phường Ngũ Hành Sơn;Biệt thự / Liền kề;thue;2026-04;;;;;;;;san;lon;;
Đà Nẵng;Phường Ngũ Hành Sơn;Biệt thự / Liền kề;thue;2026-04;;;;;;;;san;nho;;
Đà Nẵng;Phường Ngũ Hành Sơn;Biệt thự / Liền kề;thue;2026-04;;;;;;;;san;kiet;;
Đà Nẵng;Phường Ngũ Hành Sơn;Biệt thự / Liền kề;thue;2026-05;;;;;;;;san;lon;;
Đà Nẵng;Phường Ngũ Hành Sơn;Biệt thự / Liền kề;thue;2026-05;;;;;;;;san;nho;;
Đà Nẵng;Phường Ngũ Hành Sơn;Biệt thự / Liền kề;thue;2026-05;;;;;;;;san;kiet;;
Đà Nẵng;Phường Ngũ Hành Sơn;Biệt thự / Liền kề;thue;2026-06;;;;;;;;san;lon;;
Đà Nẵng;Phường Ngũ Hành Sơn;Biệt thự / Liền kề;thue;2026-06;;;;;;;;san;nho;;
Đà Nẵng;Phường Ngũ Hành Sơn;Biệt thự / Liền kề;thue;2026-06;;;;;;;;san;kiet;;
Đà Nẵng;Phường Ngũ Hành Sơn;Biệt thự / Liền kề;thue;2026-07;;;;;;;;san;lon;;
Đà Nẵng;Phường Ngũ Hành Sơn;Biệt thự / Liền kề;thue;2026-07;;;;;;;;san;nho;;
Đà Nẵng;Phường Ngũ Hành Sơn;Biệt thự / Liền kề;thue;2026-07;;;;;;;;san;kiet;;
Đà Nẵng;Phường Ngũ Hành Sơn;Biệt thự / Liền kề;thue;2026-08;;;;;;;;san;lon;;
Đà Nẵng;Phường Ngũ Hành Sơn;Biệt thự / Liền kề;thue;2026-08;;;;;;;;san;nho;;
Đà Nẵng;Phường Ngũ Hành Sơn;Biệt thự / Liền kề;thue;2026-08;;;;;;;;san;kiet;;
Đà Nẵng;Phường Ngũ Hành Sơn;Biệt thự / Liền kề;thue;2026-09;;;;;;;;san;lon;;
Đà Nẵng;Phường Ngũ Hành Sơn;Biệt thự / Liền kề;thue;2026-09;;;;;;;;san;nho;;
Đà Nẵng;Phường Ngũ Hành Sơn;Biệt thự / Liền kề;thue;2026-09;;;;;;;;san;kiet;;
Đà Nẵng;Phường Sơn Trà;Căn hộ;ban;2024-10;;;;;;;;can;;;
Đà Nẵng;Phường Sơn Trà;Căn hộ;ban;2024-11;;;;;;;;can;;;
Đà Nẵng;Phường Sơn Trà;Căn hộ;ban;2024-12;;;;;;;;can;;;
Đà Nẵng;Phường Sơn Trà;Căn hộ;ban;2025-01;;;;;;;;can;;;
Đà Nẵng;Phường Sơn Trà;Căn hộ;ban;2025-02;;;;;;;;can;;;
Đà Nẵng;Phường Sơn Trà;Căn hộ;ban;2025-03;;;;;;;;can;;;
Đà Nẵng;Phường Sơn Trà;Căn hộ;ban;2025-04;;;;;;;;can;;;
Đà Nẵng;Phường Sơn Trà;Căn hộ;ban;2025-05;;;;;;;;can;;;
Đà Nẵng;Phường Sơn Trà;Căn hộ;ban;2025-06;;;;;;;;can;;;
Đà Nẵng;Phường Sơn Trà;Căn hộ;ban;2025-07;;;;;;;;can;;;
Đà Nẵng;Phường Sơn Trà;Căn hộ;ban;2025-08;;;;;;;;can;;;
Đà Nẵng;Phường Sơn Trà;Căn hộ;ban;2025-09;;;;;;;;can;;;
Đà Nẵng;Phường Sơn Trà;Căn hộ;ban;2025-10;;;;;;;;can;;;
Đà Nẵng;Phường Sơn Trà;Căn hộ;ban;2025-11;;;;;;;;can;;;
Đà Nẵng;Phường Sơn Trà;Căn hộ;ban;2025-12;;;;;;;;can;;;
Đà Nẵng;Phường Sơn Trà;Căn hộ;ban;2026-01;;;;;;;;can;;;
Đà Nẵng;Phường Sơn Trà;Căn hộ;ban;2026-02;;;;;;;;can;;;
Đà Nẵng;Phường Sơn Trà;Căn hộ;ban;2026-03;;;;;;;;can;;;
Đà Nẵng;Phường Sơn Trà;Căn hộ;ban;2026-04;;;;;;;;can;;;
Đà Nẵng;Phường Sơn Trà;Căn hộ;ban;2026-05;;;;;;;;can;;;
Đà Nẵng;Phường Sơn Trà;Căn hộ;ban;2026-06;;;;;;;;can;;;
Đà Nẵng;Phường Sơn Trà;Căn hộ;ban;2026-07;;;;;;;;can;;;
Đà Nẵng;Phường Sơn Trà;Căn hộ;ban;2026-08;;;;;;;;can;;;
Đà Nẵng;Phường Sơn Trà;Căn hộ;ban;2026-09;;;;;;;;can;;;
Đà Nẵng;Phường Thanh Khê;Căn hộ;thue;2024-10;;;;;;;;can;;;
Đà Nẵng;Phường Thanh Khê;Căn hộ;thue;2024-11;;;;;;;;can;;;
Đà Nẵng;Phường Thanh Khê;Căn hộ;thue;2024-12;;;;;;;;can;;;
Đà Nẵng;Phường Thanh Khê;Căn hộ;thue;2025-01;;;;;;;;can;;;
Đà Nẵng;Phường Thanh Khê;Căn hộ;thue;2025-02;;;;;;;;can;;;
Đà Nẵng;Phường Thanh Khê;Căn hộ;thue;2025-03;;;;;;;;can;;;
Đà Nẵng;Phường Thanh Khê;Căn hộ;thue;2025-04;;;;;;;;can;;;
Đà Nẵng;Phường Thanh Khê;Căn hộ;thue;2025-05;;;;;;;;can;;;
Đà Nẵng;Phường Thanh Khê;Căn hộ;thue;2025-06;;;;;;;;can;;;
Đà Nẵng;Phường Thanh Khê;Căn hộ;thue;2025-07;;;;;;;;can;;;
Đà Nẵng;Phường Thanh Khê;Căn hộ;thue;2025-08;;;;;;;;can;;;
Đà Nẵng;Phường Thanh Khê;Căn hộ;thue;2025-09;;;;;;;;can;;;
Đà Nẵng;Phường Thanh Khê;Căn hộ;thue;2025-10;;;;;;;;can;;;
Đà Nẵng;Phường Thanh Khê;Căn hộ;thue;2025-11;;;;;;;;can;;;
Đà Nẵng;Phường Thanh Khê;Căn hộ;thue;2025-12;;;;;;;;can;;;
Đà Nẵng;Phường Thanh Khê;Căn hộ;thue;2026-01;;;;;;;;can;;;
Đà Nẵng;Phường Thanh Khê;Căn hộ;thue;2026-02;;;;;;;;can;;;
Đà Nẵng;Phường Thanh Khê;Căn hộ;thue;2026-03;;;;;;;;can;;;
Đà Nẵng;Phường Thanh Khê;Căn hộ;thue;2026-04;;;;;;;;can;;;
Đà Nẵng;Phường Thanh Khê;Căn hộ;thue;2026-05;;;;;;;;can;;;
Đà Nẵng;Phường Thanh Khê;Căn hộ;thue;2026-06;;;;;;;;can;;;
Đà Nẵng;Phường Thanh Khê;Căn hộ;thue;2026-07;;;;;;;;can;;;
Đà Nẵng;Phường Thanh Khê;Căn hộ;thue;2026-08;;;;;;;;can;;;
Đà Nẵng;Phường Thanh Khê;Căn hộ;thue;2026-09;;;;;;;;can;;;
Đà Nẵng;Phường Thanh Khê;Căn hộ;ban;2024-10;;;;;;;;can;;;
Đà Nẵng;Phường Thanh Khê;Căn hộ;ban;2024-11;;;;;;;;can;;;
Đà Nẵng;Phường Thanh Khê;Căn hộ;ban;2024-12;;;;;;;;can;;;
Đà Nẵng;Phường Thanh Khê;Căn hộ;ban;2025-01;;;;;;;;can;;;
Đà Nẵng;Phường Thanh Khê;Căn hộ;ban;2025-02;;;;;;;;can;;;
Đà Nẵng;Phường Thanh Khê;Căn hộ;ban;2025-03;;;;;;;;can;;;
Đà Nẵng;Phường Thanh Khê;Căn hộ;ban;2025-04;;;;;;;;can;;;
Đà Nẵng;Phường Thanh Khê;Căn hộ;ban;2025-05;;;;;;;;can;;;
Đà Nẵng;Phường Thanh Khê;Căn hộ;ban;2025-06;;;;;;;;can;;;
Đà Nẵng;Phường Thanh Khê;Căn hộ;ban;2025-07;;;;;;;;can;;;
Đà Nẵng;Phường Thanh Khê;Căn hộ;ban;2025-08;;;;;;;;can;;;
Đà Nẵng;Phường Thanh Khê;Căn hộ;ban;2025-09;;;;;;;;can;;;
Đà Nẵng;Phường Thanh Khê;Căn hộ;ban;2025-10;;;;;;;;can;;;
Đà Nẵng;Phường Thanh Khê;Căn hộ;ban;2025-11;;;;;;;;can;;;
Đà Nẵng;Phường Thanh Khê;Căn hộ;ban;2025-12;;;;;;;;can;;;
Đà Nẵng;Phường Thanh Khê;Căn hộ;ban;2026-01;;;;;;;;can;;;
Đà Nẵng;Phường Thanh Khê;Căn hộ;ban;2026-02;;;;;;;;can;;;
Đà Nẵng;Phường Thanh Khê;Căn hộ;ban;2026-03;;;;;;;;can;;;
Đà Nẵng;Phường Thanh Khê;Căn hộ;ban;2026-04;;;;;;;;can;;;
Đà Nẵng;Phường Thanh Khê;Căn hộ;ban;2026-05;;;;;;;;can;;;
Đà Nẵng;Phường Thanh Khê;Căn hộ;ban;2026-06;;;;;;;;can;;;
Đà Nẵng;Phường Thanh Khê;Căn hộ;ban;2026-07;;;;;;;;can;;;
Đà Nẵng;Phường Thanh Khê;Căn hộ;ban;2026-08;;;;;;;;can;;;
Đà Nẵng;Phường Thanh Khê;Căn hộ;ban;2026-09;;;;;;;;can;;;
Đà Nẵng;Phường Hòa Xuân;Căn hộ;ban;2024-10;;;;;;;;can;;;
Đà Nẵng;Phường Hòa Xuân;Căn hộ;ban;2024-11;;;;;;;;can;;;
Đà Nẵng;Phường Hòa Xuân;Căn hộ;ban;2024-12;;;;;;;;can;;;
Đà Nẵng;Phường Hòa Xuân;Căn hộ;ban;2025-01;;;;;;;;can;;;
Đà Nẵng;Phường Hòa Xuân;Căn hộ;ban;2025-02;;;;;;;;can;;;
Đà Nẵng;Phường Hòa Xuân;Căn hộ;ban;2025-03;;;;;;;;can;;;
Đà Nẵng;Phường Hòa Xuân;Căn hộ;ban;2025-04;;;;;;;;can;;;
Đà Nẵng;Phường Hòa Xuân;Căn hộ;ban;2025-05;;;;;;;;can;;;
Đà Nẵng;Phường Hòa Xuân;Căn hộ;ban;2025-06;;;;;;;;can;;;
Đà Nẵng;Phường Hòa Xuân;Căn hộ;ban;2025-07;;;;;;;;can;;;
Đà Nẵng;Phường Hòa Xuân;Căn hộ;ban;2025-08;;;;;;;;can;;;
Đà Nẵng;Phường Hòa Xuân;Căn hộ;ban;2025-09;;;;;;;;can;;;
Đà Nẵng;Phường Hòa Xuân;Căn hộ;ban;2025-10;;;;;;;;can;;;
Đà Nẵng;Phường Hòa Xuân;Căn hộ;ban;2025-11;;;;;;;;can;;;
Đà Nẵng;Phường Hòa Xuân;Căn hộ;ban;2025-12;;;;;;;;can;;;
Đà Nẵng;Phường Hòa Xuân;Căn hộ;ban;2026-01;;;;;;;;can;;;
Đà Nẵng;Phường Hòa Xuân;Căn hộ;ban;2026-02;;;;;;;;can;;;
Đà Nẵng;Phường Hòa Xuân;Căn hộ;ban;2026-03;;;;;;;;can;;;
Đà Nẵng;Phường Hòa Xuân;Căn hộ;ban;2026-04;;;;;;;;can;;;
Đà Nẵng;Phường Hòa Xuân;Căn hộ;ban;2026-05;;;;;;;;can;;;
Đà Nẵng;Phường Hòa Xuân;Căn hộ;ban;2026-06;;;;;;;;can;;;
Đà Nẵng;Phường Hòa Xuân;Căn hộ;ban;2026-07;;;;;;;;can;;;
Đà Nẵng;Phường Hòa Xuân;Căn hộ;ban;2026-08;;;;;;;;can;;;
Đà Nẵng;Phường Hòa Xuân;Căn hộ;ban;2026-09;;;;;;;;can;;;
Đà Nẵng;Phước Mỹ;Căn hộ dịch vụ;thue;2024-10;;;;;;;;can;;;
Đà Nẵng;Phước Mỹ;Căn hộ dịch vụ;thue;2024-11;;;;;;;;can;;;
Đà Nẵng;Phước Mỹ;Căn hộ dịch vụ;thue;2024-12;;;;;;;;can;;;
Đà Nẵng;Phước Mỹ;Căn hộ dịch vụ;thue;2025-01;;;;;;;;can;;;
Đà Nẵng;Phước Mỹ;Căn hộ dịch vụ;thue;2025-02;;;;;;;;can;;;
Đà Nẵng;Phước Mỹ;Căn hộ dịch vụ;thue;2025-03;;;;;;;;can;;;
Đà Nẵng;Phước Mỹ;Căn hộ dịch vụ;thue;2025-04;;;;;;;;can;;;
Đà Nẵng;Phước Mỹ;Căn hộ dịch vụ;thue;2025-05;;;;;;;;can;;;
Đà Nẵng;Phước Mỹ;Căn hộ dịch vụ;thue;2025-06;;;;;;;;can;;;
Đà Nẵng;Phước Mỹ;Căn hộ dịch vụ;thue;2025-07;;;;;;;;can;;;
Đà Nẵng;Phước Mỹ;Căn hộ dịch vụ;thue;2025-08;;;;;;;;can;;;
Đà Nẵng;Phước Mỹ;Căn hộ dịch vụ;thue;2025-09;;;;;;;;can;;;
Đà Nẵng;Phước Mỹ;Căn hộ dịch vụ;thue;2025-10;;;;;;;;can;;;
Đà Nẵng;Phước Mỹ;Căn hộ dịch vụ;thue;2025-11;;;;;;;;can;;;
Đà Nẵng;Phước Mỹ;Căn hộ dịch vụ;thue;2025-12;;;;;;;;can;;;
Đà Nẵng;Phước Mỹ;Căn hộ dịch vụ;thue;2026-01;;;;;;;;can;;;
Đà Nẵng;Phước Mỹ;Căn hộ dịch vụ;thue;2026-02;;;;;;;;can;;;
Đà Nẵng;Phước Mỹ;Căn hộ dịch vụ;thue;2026-03;;;;;;;;can;;;
Đà Nẵng;Phước Mỹ;Căn hộ dịch vụ;thue;2026-04;;;;;;;;can;;;
Đà Nẵng;Phước Mỹ;Căn hộ dịch vụ;thue;2026-05;;;;;;;;can;;;
Đà Nẵng;Phước Mỹ;Căn hộ dịch vụ;thue;2026-06;;;;;;;;can;;;
Đà Nẵng;Phước Mỹ;Căn hộ dịch vụ;thue;2026-07;;;;;;;;can;;;
Đà Nẵng;Phước Mỹ;Căn hộ dịch vụ;thue;2026-08;;;;;;;;can;;;
Đà Nẵng;Phước Mỹ;Căn hộ dịch vụ;thue;2026-09;;;;;;;;can;;;
Đà Nẵng;Xã Hòa Vang;Đất nền / Đất nền dự án;ban;2024-10;;;;;;;;dat;lon;;
Đà Nẵng;Xã Hòa Vang;Đất nền / Đất nền dự án;ban;2024-10;;;;;;;;dat;nho;;
Đà Nẵng;Xã Hòa Vang;Đất nền / Đất nền dự án;ban;2024-10;;;;;;;;dat;kiet;;
Đà Nẵng;Xã Hòa Vang;Đất nền / Đất nền dự án;ban;2024-11;;;;;;;;dat;lon;;
Đà Nẵng;Xã Hòa Vang;Đất nền / Đất nền dự án;ban;2024-11;;;;;;;;dat;nho;;
Đà Nẵng;Xã Hòa Vang;Đất nền / Đất nền dự án;ban;2024-11;;;;;;;;dat;kiet;;
Đà Nẵng;Xã Hòa Vang;Đất nền / Đất nền dự án;ban;2024-12;;;;;;;;dat;lon;;
Đà Nẵng;Xã Hòa Vang;Đất nền / Đất nền dự án;ban;2024-12;;;;;;;;dat;nho;;
Đà Nẵng;Xã Hòa Vang;Đất nền / Đất nền dự án;ban;2024-12;;;;;;;;dat;kiet;;
Đà Nẵng;Xã Hòa Vang;Đất nền / Đất nền dự án;ban;2025-01;;;;;;;;dat;lon;;
Đà Nẵng;Xã Hòa Vang;Đất nền / Đất nền dự án;ban;2025-01;;;;;;;;dat;nho;;
Đà Nẵng;Xã Hòa Vang;Đất nền / Đất nền dự án;ban;2025-01;;;;;;;;dat;kiet;;
Đà Nẵng;Xã Hòa Vang;Đất nền / Đất nền dự án;ban;2025-02;;;;;;;;dat;lon;;
Đà Nẵng;Xã Hòa Vang;Đất nền / Đất nền dự án;ban;2025-02;;;;;;;;dat;nho;;
Đà Nẵng;Xã Hòa Vang;Đất nền / Đất nền dự án;ban;2025-02;;;;;;;;dat;kiet;;
Đà Nẵng;Xã Hòa Vang;Đất nền / Đất nền dự án;ban;2025-03;;;;;;;;dat;lon;;
Đà Nẵng;Xã Hòa Vang;Đất nền / Đất nền dự án;ban;2025-03;;;;;;;;dat;nho;;
Đà Nẵng;Xã Hòa Vang;Đất nền / Đất nền dự án;ban;2025-03;;;;;;;;dat;kiet;;
Đà Nẵng;Xã Hòa Vang;Đất nền / Đất nền dự án;ban;2025-04;;;;;;;;dat;lon;;
Đà Nẵng;Xã Hòa Vang;Đất nền / Đất nền dự án;ban;2025-04;;;;;;;;dat;nho;;
Đà Nẵng;Xã Hòa Vang;Đất nền / Đất nền dự án;ban;2025-04;;;;;;;;dat;kiet;;
Đà Nẵng;Xã Hòa Vang;Đất nền / Đất nền dự án;ban;2025-05;;;;;;;;dat;lon;;
Đà Nẵng;Xã Hòa Vang;Đất nền / Đất nền dự án;ban;2025-05;;;;;;;;dat;nho;;
Đà Nẵng;Xã Hòa Vang;Đất nền / Đất nền dự án;ban;2025-05;;;;;;;;dat;kiet;;
Đà Nẵng;Xã Hòa Vang;Đất nền / Đất nền dự án;ban;2025-06;;;;;;;;dat;lon;;
Đà Nẵng;Xã Hòa Vang;Đất nền / Đất nền dự án;ban;2025-06;;;;;;;;dat;nho;;
Đà Nẵng;Xã Hòa Vang;Đất nền / Đất nền dự án;ban;2025-06;;;;;;;;dat;kiet;;
Đà Nẵng;Xã Hòa Vang;Đất nền / Đất nền dự án;ban;2025-07;;;;;;;;dat;lon;;
Đà Nẵng;Xã Hòa Vang;Đất nền / Đất nền dự án;ban;2025-07;;;;;;;;dat;nho;;
Đà Nẵng;Xã Hòa Vang;Đất nền / Đất nền dự án;ban;2025-07;;;;;;;;dat;kiet;;
Đà Nẵng;Xã Hòa Vang;Đất nền / Đất nền dự án;ban;2025-08;;;;;;;;dat;lon;;
Đà Nẵng;Xã Hòa Vang;Đất nền / Đất nền dự án;ban;2025-08;;;;;;;;dat;nho;;
Đà Nẵng;Xã Hòa Vang;Đất nền / Đất nền dự án;ban;2025-08;;;;;;;;dat;kiet;;
Đà Nẵng;Xã Hòa Vang;Đất nền / Đất nền dự án;ban;2025-09;;;;;;;;dat;lon;;
Đà Nẵng;Xã Hòa Vang;Đất nền / Đất nền dự án;ban;2025-09;;;;;;;;dat;nho;;
Đà Nẵng;Xã Hòa Vang;Đất nền / Đất nền dự án;ban;2025-09;;;;;;;;dat;kiet;;
Đà Nẵng;Xã Hòa Vang;Đất nền / Đất nền dự án;ban;2025-10;;;;;;;;dat;lon;;
Đà Nẵng;Xã Hòa Vang;Đất nền / Đất nền dự án;ban;2025-10;;;;;;;;dat;nho;;
Đà Nẵng;Xã Hòa Vang;Đất nền / Đất nền dự án;ban;2025-10;;;;;;;;dat;kiet;;
Đà Nẵng;Xã Hòa Vang;Đất nền / Đất nền dự án;ban;2025-11;;;;;;;;dat;lon;;
Đà Nẵng;Xã Hòa Vang;Đất nền / Đất nền dự án;ban;2025-11;;;;;;;;dat;nho;;
Đà Nẵng;Xã Hòa Vang;Đất nền / Đất nền dự án;ban;2025-11;;;;;;;;dat;kiet;;
Đà Nẵng;Xã Hòa Vang;Đất nền / Đất nền dự án;ban;2025-12;;;;;;;;dat;lon;;
Đà Nẵng;Xã Hòa Vang;Đất nền / Đất nền dự án;ban;2025-12;;;;;;;;dat;nho;;
Đà Nẵng;Xã Hòa Vang;Đất nền / Đất nền dự án;ban;2025-12;;;;;;;;dat;kiet;;
Đà Nẵng;Xã Hòa Vang;Đất nền / Đất nền dự án;ban;2026-01;;;;;;;;dat;lon;;
Đà Nẵng;Xã Hòa Vang;Đất nền / Đất nền dự án;ban;2026-01;;;;;;;;dat;nho;;
Đà Nẵng;Xã Hòa Vang;Đất nền / Đất nền dự án;ban;2026-01;;;;;;;;dat;kiet;;
Đà Nẵng;Xã Hòa Vang;Đất nền / Đất nền dự án;ban;2026-02;;;;;;;;dat;lon;;
Đà Nẵng;Xã Hòa Vang;Đất nền / Đất nền dự án;ban;2026-02;;;;;;;;dat;nho;;
Đà Nẵng;Xã Hòa Vang;Đất nền / Đất nền dự án;ban;2026-02;;;;;;;;dat;kiet;;
Đà Nẵng;Xã Hòa Vang;Đất nền / Đất nền dự án;ban;2026-03;;;;;;;;dat;lon;;
Đà Nẵng;Xã Hòa Vang;Đất nền / Đất nền dự án;ban;2026-03;;;;;;;;dat;nho;;
Đà Nẵng;Xã Hòa Vang;Đất nền / Đất nền dự án;ban;2026-03;;;;;;;;dat;kiet;;
Đà Nẵng;Xã Hòa Vang;Đất nền / Đất nền dự án;ban;2026-04;;;;;;;;dat;lon;;
Đà Nẵng;Xã Hòa Vang;Đất nền / Đất nền dự án;ban;2026-04;;;;;;;;dat;nho;;
Đà Nẵng;Xã Hòa Vang;Đất nền / Đất nền dự án;ban;2026-04;;;;;;;;dat;kiet;;
Đà Nẵng;Xã Hòa Vang;Đất nền / Đất nền dự án;ban;2026-05;;;;;;;;dat;lon;;
Đà Nẵng;Xã Hòa Vang;Đất nền / Đất nền dự án;ban;2026-05;;;;;;;;dat;nho;;
Đà Nẵng;Xã Hòa Vang;Đất nền / Đất nền dự án;ban;2026-05;;;;;;;;dat;kiet;;
Đà Nẵng;Xã Hòa Vang;Đất nền / Đất nền dự án;ban;2026-06;;;;;;;;dat;lon;;
Đà Nẵng;Xã Hòa Vang;Đất nền / Đất nền dự án;ban;2026-06;;;;;;;;dat;nho;;
Đà Nẵng;Xã Hòa Vang;Đất nền / Đất nền dự án;ban;2026-06;;;;;;;;dat;kiet;;
Đà Nẵng;Xã Hòa Vang;Đất nền / Đất nền dự án;ban;2026-07;;;;;;;;dat;lon;;
Đà Nẵng;Xã Hòa Vang;Đất nền / Đất nền dự án;ban;2026-07;;;;;;;;dat;nho;;
Đà Nẵng;Xã Hòa Vang;Đất nền / Đất nền dự án;ban;2026-07;;;;;;;;dat;kiet;;
Đà Nẵng;Xã Hòa Vang;Đất nền / Đất nền dự án;ban;2026-08;;;;;;;;dat;lon;;
Đà Nẵng;Xã Hòa Vang;Đất nền / Đất nền dự án;ban;2026-08;;;;;;;;dat;nho;;
Đà Nẵng;Xã Hòa Vang;Đất nền / Đất nền dự án;ban;2026-08;;;;;;;;dat;kiet;;
Đà Nẵng;Xã Hòa Vang;Đất nền / Đất nền dự án;ban;2026-09;;;;;;;;dat;lon;;
Đà Nẵng;Xã Hòa Vang;Đất nền / Đất nền dự án;ban;2026-09;;;;;;;;dat;nho;;
Đà Nẵng;Xã Hòa Vang;Đất nền / Đất nền dự án;ban;2026-09;;;;;;;;dat;kiet;;
Đà Nẵng;Mân Thái;Đất nền / Đất nền dự án;ban;2024-10;;;;;;;;dat;lon;;
Đà Nẵng;Mân Thái;Đất nền / Đất nền dự án;ban;2024-10;;;;;;;;dat;nho;;
Đà Nẵng;Mân Thái;Đất nền / Đất nền dự án;ban;2024-10;;;;;;;;dat;kiet;;
Đà Nẵng;Mân Thái;Đất nền / Đất nền dự án;ban;2024-11;;;;;;;;dat;lon;;
Đà Nẵng;Mân Thái;Đất nền / Đất nền dự án;ban;2024-11;;;;;;;;dat;nho;;
Đà Nẵng;Mân Thái;Đất nền / Đất nền dự án;ban;2024-11;;;;;;;;dat;kiet;;
Đà Nẵng;Mân Thái;Đất nền / Đất nền dự án;ban;2024-12;;;;;;;;dat;lon;;
Đà Nẵng;Mân Thái;Đất nền / Đất nền dự án;ban;2024-12;;;;;;;;dat;nho;;
Đà Nẵng;Mân Thái;Đất nền / Đất nền dự án;ban;2024-12;;;;;;;;dat;kiet;;
Đà Nẵng;Mân Thái;Đất nền / Đất nền dự án;ban;2025-01;;;;;;;;dat;lon;;
Đà Nẵng;Mân Thái;Đất nền / Đất nền dự án;ban;2025-01;;;;;;;;dat;nho;;
Đà Nẵng;Mân Thái;Đất nền / Đất nền dự án;ban;2025-01;;;;;;;;dat;kiet;;
Đà Nẵng;Mân Thái;Đất nền / Đất nền dự án;ban;2025-02;;;;;;;;dat;lon;;
Đà Nẵng;Mân Thái;Đất nền / Đất nền dự án;ban;2025-02;;;;;;;;dat;nho;;
Đà Nẵng;Mân Thái;Đất nền / Đất nền dự án;ban;2025-02;;;;;;;;dat;kiet;;
Đà Nẵng;Mân Thái;Đất nền / Đất nền dự án;ban;2025-03;;;;;;;;dat;lon;;
Đà Nẵng;Mân Thái;Đất nền / Đất nền dự án;ban;2025-03;;;;;;;;dat;nho;;
Đà Nẵng;Mân Thái;Đất nền / Đất nền dự án;ban;2025-03;;;;;;;;dat;kiet;;
Đà Nẵng;Mân Thái;Đất nền / Đất nền dự án;ban;2025-04;;;;;;;;dat;lon;;
Đà Nẵng;Mân Thái;Đất nền / Đất nền dự án;ban;2025-04;;;;;;;;dat;nho;;
Đà Nẵng;Mân Thái;Đất nền / Đất nền dự án;ban;2025-04;;;;;;;;dat;kiet;;
Đà Nẵng;Mân Thái;Đất nền / Đất nền dự án;ban;2025-05;;;;;;;;dat;lon;;
Đà Nẵng;Mân Thái;Đất nền / Đất nền dự án;ban;2025-05;;;;;;;;dat;nho;;
Đà Nẵng;Mân Thái;Đất nền / Đất nền dự án;ban;2025-05;;;;;;;;dat;kiet;;
Đà Nẵng;Mân Thái;Đất nền / Đất nền dự án;ban;2025-06;;;;;;;;dat;lon;;
Đà Nẵng;Mân Thái;Đất nền / Đất nền dự án;ban;2025-06;;;;;;;;dat;nho;;
Đà Nẵng;Mân Thái;Đất nền / Đất nền dự án;ban;2025-06;;;;;;;;dat;kiet;;
Đà Nẵng;Mân Thái;Đất nền / Đất nền dự án;ban;2025-07;;;;;;;;dat;lon;;
Đà Nẵng;Mân Thái;Đất nền / Đất nền dự án;ban;2025-07;;;;;;;;dat;nho;;
Đà Nẵng;Mân Thái;Đất nền / Đất nền dự án;ban;2025-07;;;;;;;;dat;kiet;;
Đà Nẵng;Mân Thái;Đất nền / Đất nền dự án;ban;2025-08;;;;;;;;dat;lon;;
Đà Nẵng;Mân Thái;Đất nền / Đất nền dự án;ban;2025-08;;;;;;;;dat;nho;;
Đà Nẵng;Mân Thái;Đất nền / Đất nền dự án;ban;2025-08;;;;;;;;dat;kiet;;
Đà Nẵng;Mân Thái;Đất nền / Đất nền dự án;ban;2025-09;;;;;;;;dat;lon;;
Đà Nẵng;Mân Thái;Đất nền / Đất nền dự án;ban;2025-09;;;;;;;;dat;nho;;
Đà Nẵng;Mân Thái;Đất nền / Đất nền dự án;ban;2025-09;;;;;;;;dat;kiet;;
Đà Nẵng;Mân Thái;Đất nền / Đất nền dự án;ban;2025-10;;;;;;;;dat;lon;;
Đà Nẵng;Mân Thái;Đất nền / Đất nền dự án;ban;2025-10;;;;;;;;dat;nho;;
Đà Nẵng;Mân Thái;Đất nền / Đất nền dự án;ban;2025-10;;;;;;;;dat;kiet;;
Đà Nẵng;Mân Thái;Đất nền / Đất nền dự án;ban;2025-11;;;;;;;;dat;lon;;
Đà Nẵng;Mân Thái;Đất nền / Đất nền dự án;ban;2025-11;;;;;;;;dat;nho;;
Đà Nẵng;Mân Thái;Đất nền / Đất nền dự án;ban;2025-11;;;;;;;;dat;kiet;;
Đà Nẵng;Mân Thái;Đất nền / Đất nền dự án;ban;2025-12;;;;;;;;dat;lon;;
Đà Nẵng;Mân Thái;Đất nền / Đất nền dự án;ban;2025-12;;;;;;;;dat;nho;;
Đà Nẵng;Mân Thái;Đất nền / Đất nền dự án;ban;2025-12;;;;;;;;dat;kiet;;
Đà Nẵng;Mân Thái;Đất nền / Đất nền dự án;ban;2026-01;;;;;;;;dat;lon;;
Đà Nẵng;Mân Thái;Đất nền / Đất nền dự án;ban;2026-01;;;;;;;;dat;nho;;
Đà Nẵng;Mân Thái;Đất nền / Đất nền dự án;ban;2026-01;;;;;;;;dat;kiet;;
Đà Nẵng;Mân Thái;Đất nền / Đất nền dự án;ban;2026-02;;;;;;;;dat;lon;;
Đà Nẵng;Mân Thái;Đất nền / Đất nền dự án;ban;2026-02;;;;;;;;dat;nho;;
Đà Nẵng;Mân Thái;Đất nền / Đất nền dự án;ban;2026-02;;;;;;;;dat;kiet;;
Đà Nẵng;Mân Thái;Đất nền / Đất nền dự án;ban;2026-03;;;;;;;;dat;lon;;
Đà Nẵng;Mân Thái;Đất nền / Đất nền dự án;ban;2026-03;;;;;;;;dat;nho;;
Đà Nẵng;Mân Thái;Đất nền / Đất nền dự án;ban;2026-03;;;;;;;;dat;kiet;;
Đà Nẵng;Mân Thái;Đất nền / Đất nền dự án;ban;2026-04;;;;;;;;dat;lon;;
Đà Nẵng;Mân Thái;Đất nền / Đất nền dự án;ban;2026-04;;;;;;;;dat;nho;;
Đà Nẵng;Mân Thái;Đất nền / Đất nền dự án;ban;2026-04;;;;;;;;dat;kiet;;
Đà Nẵng;Mân Thái;Đất nền / Đất nền dự án;ban;2026-05;;;;;;;;dat;lon;;
Đà Nẵng;Mân Thái;Đất nền / Đất nền dự án;ban;2026-05;;;;;;;;dat;nho;;
Đà Nẵng;Mân Thái;Đất nền / Đất nền dự án;ban;2026-05;;;;;;;;dat;kiet;;
Đà Nẵng;Mân Thái;Đất nền / Đất nền dự án;ban;2026-06;;;;;;;;dat;lon;;
Đà Nẵng;Mân Thái;Đất nền / Đất nền dự án;ban;2026-06;;;;;;;;dat;nho;;
Đà Nẵng;Mân Thái;Đất nền / Đất nền dự án;ban;2026-06;;;;;;;;dat;kiet;;
Đà Nẵng;Mân Thái;Đất nền / Đất nền dự án;ban;2026-07;;;;;;;;dat;lon;;
Đà Nẵng;Mân Thái;Đất nền / Đất nền dự án;ban;2026-07;;;;;;;;dat;nho;;
Đà Nẵng;Mân Thái;Đất nền / Đất nền dự án;ban;2026-07;;;;;;;;dat;kiet;;
Đà Nẵng;Mân Thái;Đất nền / Đất nền dự án;ban;2026-08;;;;;;;;dat;lon;;
Đà Nẵng;Mân Thái;Đất nền / Đất nền dự án;ban;2026-08;;;;;;;;dat;nho;;
Đà Nẵng;Mân Thái;Đất nền / Đất nền dự án;ban;2026-08;;;;;;;;dat;kiet;;
Đà Nẵng;Mân Thái;Đất nền / Đất nền dự án;ban;2026-09;;;;;;;;dat;lon;;
Đà Nẵng;Mân Thái;Đất nền / Đất nền dự án;ban;2026-09;;;;;;;;dat;nho;;
Đà Nẵng;Mân Thái;Đất nền / Đất nền dự án;ban;2026-09;;;;;;;;dat;kiet;;
Đà Nẵng;Nại Hiên Đông;Đất nền / Đất nền dự án;ban;2024-10;;;;;;;;dat;lon;;
Đà Nẵng;Nại Hiên Đông;Đất nền / Đất nền dự án;ban;2024-10;;;;;;;;dat;nho;;
Đà Nẵng;Nại Hiên Đông;Đất nền / Đất nền dự án;ban;2024-10;;;;;;;;dat;kiet;;
Đà Nẵng;Nại Hiên Đông;Đất nền / Đất nền dự án;ban;2024-11;;;;;;;;dat;lon;;
Đà Nẵng;Nại Hiên Đông;Đất nền / Đất nền dự án;ban;2024-11;;;;;;;;dat;nho;;
Đà Nẵng;Nại Hiên Đông;Đất nền / Đất nền dự án;ban;2024-11;;;;;;;;dat;kiet;;
Đà Nẵng;Nại Hiên Đông;Đất nền / Đất nền dự án;ban;2024-12;;;;;;;;dat;lon;;
Đà Nẵng;Nại Hiên Đông;Đất nền / Đất nền dự án;ban;2024-12;;;;;;;;dat;nho;;
Đà Nẵng;Nại Hiên Đông;Đất nền / Đất nền dự án;ban;2024-12;;;;;;;;dat;kiet;;
Đà Nẵng;Nại Hiên Đông;Đất nền / Đất nền dự án;ban;2025-01;;;;;;;;dat;lon;;
Đà Nẵng;Nại Hiên Đông;Đất nền / Đất nền dự án;ban;2025-01;;;;;;;;dat;nho;;
Đà Nẵng;Nại Hiên Đông;Đất nền / Đất nền dự án;ban;2025-01;;;;;;;;dat;kiet;;
Đà Nẵng;Nại Hiên Đông;Đất nền / Đất nền dự án;ban;2025-02;;;;;;;;dat;lon;;
Đà Nẵng;Nại Hiên Đông;Đất nền / Đất nền dự án;ban;2025-02;;;;;;;;dat;nho;;
Đà Nẵng;Nại Hiên Đông;Đất nền / Đất nền dự án;ban;2025-02;;;;;;;;dat;kiet;;
Đà Nẵng;Nại Hiên Đông;Đất nền / Đất nền dự án;ban;2025-03;;;;;;;;dat;lon;;
Đà Nẵng;Nại Hiên Đông;Đất nền / Đất nền dự án;ban;2025-03;;;;;;;;dat;nho;;
Đà Nẵng;Nại Hiên Đông;Đất nền / Đất nền dự án;ban;2025-03;;;;;;;;dat;kiet;;
Đà Nẵng;Nại Hiên Đông;Đất nền / Đất nền dự án;ban;2025-04;;;;;;;;dat;lon;;
Đà Nẵng;Nại Hiên Đông;Đất nền / Đất nền dự án;ban;2025-04;;;;;;;;dat;nho;;
Đà Nẵng;Nại Hiên Đông;Đất nền / Đất nền dự án;ban;2025-04;;;;;;;;dat;kiet;;
Đà Nẵng;Nại Hiên Đông;Đất nền / Đất nền dự án;ban;2025-05;;;;;;;;dat;lon;;
Đà Nẵng;Nại Hiên Đông;Đất nền / Đất nền dự án;ban;2025-05;;;;;;;;dat;nho;;
Đà Nẵng;Nại Hiên Đông;Đất nền / Đất nền dự án;ban;2025-05;;;;;;;;dat;kiet;;
Đà Nẵng;Nại Hiên Đông;Đất nền / Đất nền dự án;ban;2025-06;;;;;;;;dat;lon;;
Đà Nẵng;Nại Hiên Đông;Đất nền / Đất nền dự án;ban;2025-06;;;;;;;;dat;nho;;
Đà Nẵng;Nại Hiên Đông;Đất nền / Đất nền dự án;ban;2025-06;;;;;;;;dat;kiet;;
Đà Nẵng;Nại Hiên Đông;Đất nền / Đất nền dự án;ban;2025-07;;;;;;;;dat;lon;;
Đà Nẵng;Nại Hiên Đông;Đất nền / Đất nền dự án;ban;2025-07;;;;;;;;dat;nho;;
Đà Nẵng;Nại Hiên Đông;Đất nền / Đất nền dự án;ban;2025-07;;;;;;;;dat;kiet;;
Đà Nẵng;Nại Hiên Đông;Đất nền / Đất nền dự án;ban;2025-08;;;;;;;;dat;lon;;
Đà Nẵng;Nại Hiên Đông;Đất nền / Đất nền dự án;ban;2025-08;;;;;;;;dat;nho;;
Đà Nẵng;Nại Hiên Đông;Đất nền / Đất nền dự án;ban;2025-08;;;;;;;;dat;kiet;;
Đà Nẵng;Nại Hiên Đông;Đất nền / Đất nền dự án;ban;2025-09;;;;;;;;dat;lon;;
Đà Nẵng;Nại Hiên Đông;Đất nền / Đất nền dự án;ban;2025-09;;;;;;;;dat;nho;;
Đà Nẵng;Nại Hiên Đông;Đất nền / Đất nền dự án;ban;2025-09;;;;;;;;dat;kiet;;
Đà Nẵng;Nại Hiên Đông;Đất nền / Đất nền dự án;ban;2025-10;;;;;;;;dat;lon;;
Đà Nẵng;Nại Hiên Đông;Đất nền / Đất nền dự án;ban;2025-10;;;;;;;;dat;nho;;
Đà Nẵng;Nại Hiên Đông;Đất nền / Đất nền dự án;ban;2025-10;;;;;;;;dat;kiet;;
Đà Nẵng;Nại Hiên Đông;Đất nền / Đất nền dự án;ban;2025-11;;;;;;;;dat;lon;;
Đà Nẵng;Nại Hiên Đông;Đất nền / Đất nền dự án;ban;2025-11;;;;;;;;dat;nho;;
Đà Nẵng;Nại Hiên Đông;Đất nền / Đất nền dự án;ban;2025-11;;;;;;;;dat;kiet;;
Đà Nẵng;Nại Hiên Đông;Đất nền / Đất nền dự án;ban;2025-12;;;;;;;;dat;lon;;
Đà Nẵng;Nại Hiên Đông;Đất nền / Đất nền dự án;ban;2025-12;;;;;;;;dat;nho;;
Đà Nẵng;Nại Hiên Đông;Đất nền / Đất nền dự án;ban;2025-12;;;;;;;;dat;kiet;;
Đà Nẵng;Nại Hiên Đông;Đất nền / Đất nền dự án;ban;2026-01;;;;;;;;dat;lon;;
Đà Nẵng;Nại Hiên Đông;Đất nền / Đất nền dự án;ban;2026-01;;;;;;;;dat;nho;;
Đà Nẵng;Nại Hiên Đông;Đất nền / Đất nền dự án;ban;2026-01;;;;;;;;dat;kiet;;
Đà Nẵng;Nại Hiên Đông;Đất nền / Đất nền dự án;ban;2026-02;;;;;;;;dat;lon;;
Đà Nẵng;Nại Hiên Đông;Đất nền / Đất nền dự án;ban;2026-02;;;;;;;;dat;nho;;
Đà Nẵng;Nại Hiên Đông;Đất nền / Đất nền dự án;ban;2026-02;;;;;;;;dat;kiet;;
Đà Nẵng;Nại Hiên Đông;Đất nền / Đất nền dự án;ban;2026-03;;;;;;;;dat;lon;;
Đà Nẵng;Nại Hiên Đông;Đất nền / Đất nền dự án;ban;2026-03;;;;;;;;dat;nho;;
Đà Nẵng;Nại Hiên Đông;Đất nền / Đất nền dự án;ban;2026-03;;;;;;;;dat;kiet;;
Đà Nẵng;Nại Hiên Đông;Đất nền / Đất nền dự án;ban;2026-04;;;;;;;;dat;lon;;
Đà Nẵng;Nại Hiên Đông;Đất nền / Đất nền dự án;ban;2026-04;;;;;;;;dat;nho;;
Đà Nẵng;Nại Hiên Đông;Đất nền / Đất nền dự án;ban;2026-04;;;;;;;;dat;kiet;;
Đà Nẵng;Nại Hiên Đông;Đất nền / Đất nền dự án;ban;2026-05;;;;;;;;dat;lon;;
Đà Nẵng;Nại Hiên Đông;Đất nền / Đất nền dự án;ban;2026-05;;;;;;;;dat;nho;;
Đà Nẵng;Nại Hiên Đông;Đất nền / Đất nền dự án;ban;2026-05;;;;;;;;dat;kiet;;
Đà Nẵng;Nại Hiên Đông;Đất nền / Đất nền dự án;ban;2026-06;;;;;;;;dat;lon;;
Đà Nẵng;Nại Hiên Đông;Đất nền / Đất nền dự án;ban;2026-06;;;;;;;;dat;nho;;
Đà Nẵng;Nại Hiên Đông;Đất nền / Đất nền dự án;ban;2026-06;;;;;;;;dat;kiet;;
Đà Nẵng;Nại Hiên Đông;Đất nền / Đất nền dự án;ban;2026-07;;;;;;;;dat;lon;;
Đà Nẵng;Nại Hiên Đông;Đất nền / Đất nền dự án;ban;2026-07;;;;;;;;dat;nho;;
Đà Nẵng;Nại Hiên Đông;Đất nền / Đất nền dự án;ban;2026-07;;;;;;;;dat;kiet;;
Đà Nẵng;Nại Hiên Đông;Đất nền / Đất nền dự án;ban;2026-08;;;;;;;;dat;lon;;
Đà Nẵng;Nại Hiên Đông;Đất nền / Đất nền dự án;ban;2026-08;;;;;;;;dat;nho;;
Đà Nẵng;Nại Hiên Đông;Đất nền / Đất nền dự án;ban;2026-08;;;;;;;;dat;kiet;;
Đà Nẵng;Nại Hiên Đông;Đất nền / Đất nền dự án;ban;2026-09;;;;;;;;dat;lon;;
Đà Nẵng;Nại Hiên Đông;Đất nền / Đất nền dự án;ban;2026-09;;;;;;;;dat;nho;;
Đà Nẵng;Nại Hiên Đông;Đất nền / Đất nền dự án;ban;2026-09;;;;;;;;dat;kiet;;
Đà Nẵng;Phường Hải Châu;Mặt bằng / Cửa hàng bán lẻ;thue;2024-10;;;;;;;;san;lon;;
Đà Nẵng;Phường Hải Châu;Mặt bằng / Cửa hàng bán lẻ;thue;2024-10;;;;;;;;san;nho;;
Đà Nẵng;Phường Hải Châu;Mặt bằng / Cửa hàng bán lẻ;thue;2024-10;;;;;;;;san;kiet;;
Đà Nẵng;Phường Hải Châu;Mặt bằng / Cửa hàng bán lẻ;thue;2024-11;;;;;;;;san;lon;;
Đà Nẵng;Phường Hải Châu;Mặt bằng / Cửa hàng bán lẻ;thue;2024-11;;;;;;;;san;nho;;
Đà Nẵng;Phường Hải Châu;Mặt bằng / Cửa hàng bán lẻ;thue;2024-11;;;;;;;;san;kiet;;
Đà Nẵng;Phường Hải Châu;Mặt bằng / Cửa hàng bán lẻ;thue;2024-12;;;;;;;;san;lon;;
Đà Nẵng;Phường Hải Châu;Mặt bằng / Cửa hàng bán lẻ;thue;2024-12;;;;;;;;san;nho;;
Đà Nẵng;Phường Hải Châu;Mặt bằng / Cửa hàng bán lẻ;thue;2024-12;;;;;;;;san;kiet;;
Đà Nẵng;Phường Hải Châu;Mặt bằng / Cửa hàng bán lẻ;thue;2025-01;;;;;;;;san;lon;;
Đà Nẵng;Phường Hải Châu;Mặt bằng / Cửa hàng bán lẻ;thue;2025-01;;;;;;;;san;nho;;
Đà Nẵng;Phường Hải Châu;Mặt bằng / Cửa hàng bán lẻ;thue;2025-01;;;;;;;;san;kiet;;
Đà Nẵng;Phường Hải Châu;Mặt bằng / Cửa hàng bán lẻ;thue;2025-02;;;;;;;;san;lon;;
Đà Nẵng;Phường Hải Châu;Mặt bằng / Cửa hàng bán lẻ;thue;2025-02;;;;;;;;san;nho;;
Đà Nẵng;Phường Hải Châu;Mặt bằng / Cửa hàng bán lẻ;thue;2025-02;;;;;;;;san;kiet;;
Đà Nẵng;Phường Hải Châu;Mặt bằng / Cửa hàng bán lẻ;thue;2025-03;;;;;;;;san;lon;;
Đà Nẵng;Phường Hải Châu;Mặt bằng / Cửa hàng bán lẻ;thue;2025-03;;;;;;;;san;nho;;
Đà Nẵng;Phường Hải Châu;Mặt bằng / Cửa hàng bán lẻ;thue;2025-03;;;;;;;;san;kiet;;
Đà Nẵng;Phường Hải Châu;Mặt bằng / Cửa hàng bán lẻ;thue;2025-04;;;;;;;;san;lon;;
Đà Nẵng;Phường Hải Châu;Mặt bằng / Cửa hàng bán lẻ;thue;2025-04;;;;;;;;san;nho;;
Đà Nẵng;Phường Hải Châu;Mặt bằng / Cửa hàng bán lẻ;thue;2025-04;;;;;;;;san;kiet;;
Đà Nẵng;Phường Hải Châu;Mặt bằng / Cửa hàng bán lẻ;thue;2025-05;;;;;;;;san;lon;;
Đà Nẵng;Phường Hải Châu;Mặt bằng / Cửa hàng bán lẻ;thue;2025-05;;;;;;;;san;nho;;
Đà Nẵng;Phường Hải Châu;Mặt bằng / Cửa hàng bán lẻ;thue;2025-05;;;;;;;;san;kiet;;
Đà Nẵng;Phường Hải Châu;Mặt bằng / Cửa hàng bán lẻ;thue;2025-06;;;;;;;;san;lon;;
Đà Nẵng;Phường Hải Châu;Mặt bằng / Cửa hàng bán lẻ;thue;2025-06;;;;;;;;san;nho;;
Đà Nẵng;Phường Hải Châu;Mặt bằng / Cửa hàng bán lẻ;thue;2025-06;;;;;;;;san;kiet;;
Đà Nẵng;Phường Hải Châu;Mặt bằng / Cửa hàng bán lẻ;thue;2025-07;;;;;;;;san;lon;;
Đà Nẵng;Phường Hải Châu;Mặt bằng / Cửa hàng bán lẻ;thue;2025-07;;;;;;;;san;nho;;
Đà Nẵng;Phường Hải Châu;Mặt bằng / Cửa hàng bán lẻ;thue;2025-07;;;;;;;;san;kiet;;
Đà Nẵng;Phường Hải Châu;Mặt bằng / Cửa hàng bán lẻ;thue;2025-08;;;;;;;;san;lon;;
Đà Nẵng;Phường Hải Châu;Mặt bằng / Cửa hàng bán lẻ;thue;2025-08;;;;;;;;san;nho;;
Đà Nẵng;Phường Hải Châu;Mặt bằng / Cửa hàng bán lẻ;thue;2025-08;;;;;;;;san;kiet;;
Đà Nẵng;Phường Hải Châu;Mặt bằng / Cửa hàng bán lẻ;thue;2025-09;;;;;;;;san;lon;;
Đà Nẵng;Phường Hải Châu;Mặt bằng / Cửa hàng bán lẻ;thue;2025-09;;;;;;;;san;nho;;
Đà Nẵng;Phường Hải Châu;Mặt bằng / Cửa hàng bán lẻ;thue;2025-09;;;;;;;;san;kiet;;
Đà Nẵng;Phường Hải Châu;Mặt bằng / Cửa hàng bán lẻ;thue;2025-10;;;;;;;;san;lon;;
Đà Nẵng;Phường Hải Châu;Mặt bằng / Cửa hàng bán lẻ;thue;2025-10;;;;;;;;san;nho;;
Đà Nẵng;Phường Hải Châu;Mặt bằng / Cửa hàng bán lẻ;thue;2025-10;;;;;;;;san;kiet;;
Đà Nẵng;Phường Hải Châu;Mặt bằng / Cửa hàng bán lẻ;thue;2025-11;;;;;;;;san;lon;;
Đà Nẵng;Phường Hải Châu;Mặt bằng / Cửa hàng bán lẻ;thue;2025-11;;;;;;;;san;nho;;
Đà Nẵng;Phường Hải Châu;Mặt bằng / Cửa hàng bán lẻ;thue;2025-11;;;;;;;;san;kiet;;
Đà Nẵng;Phường Hải Châu;Mặt bằng / Cửa hàng bán lẻ;thue;2025-12;;;;;;;;san;lon;;
Đà Nẵng;Phường Hải Châu;Mặt bằng / Cửa hàng bán lẻ;thue;2025-12;;;;;;;;san;nho;;
Đà Nẵng;Phường Hải Châu;Mặt bằng / Cửa hàng bán lẻ;thue;2025-12;;;;;;;;san;kiet;;
Đà Nẵng;Phường Hải Châu;Mặt bằng / Cửa hàng bán lẻ;thue;2026-01;;;;;;;;san;lon;;
Đà Nẵng;Phường Hải Châu;Mặt bằng / Cửa hàng bán lẻ;thue;2026-01;;;;;;;;san;nho;;
Đà Nẵng;Phường Hải Châu;Mặt bằng / Cửa hàng bán lẻ;thue;2026-01;;;;;;;;san;kiet;;
Đà Nẵng;Phường Hải Châu;Mặt bằng / Cửa hàng bán lẻ;thue;2026-02;;;;;;;;san;lon;;
Đà Nẵng;Phường Hải Châu;Mặt bằng / Cửa hàng bán lẻ;thue;2026-02;;;;;;;;san;nho;;
Đà Nẵng;Phường Hải Châu;Mặt bằng / Cửa hàng bán lẻ;thue;2026-02;;;;;;;;san;kiet;;
Đà Nẵng;Phường Hải Châu;Mặt bằng / Cửa hàng bán lẻ;thue;2026-03;;;;;;;;san;lon;;
Đà Nẵng;Phường Hải Châu;Mặt bằng / Cửa hàng bán lẻ;thue;2026-03;;;;;;;;san;nho;;
Đà Nẵng;Phường Hải Châu;Mặt bằng / Cửa hàng bán lẻ;thue;2026-03;;;;;;;;san;kiet;;
Đà Nẵng;Phường Hải Châu;Mặt bằng / Cửa hàng bán lẻ;thue;2026-04;;;;;;;;san;lon;;
Đà Nẵng;Phường Hải Châu;Mặt bằng / Cửa hàng bán lẻ;thue;2026-04;;;;;;;;san;nho;;
Đà Nẵng;Phường Hải Châu;Mặt bằng / Cửa hàng bán lẻ;thue;2026-04;;;;;;;;san;kiet;;
Đà Nẵng;Phường Hải Châu;Mặt bằng / Cửa hàng bán lẻ;thue;2026-05;;;;;;;;san;lon;;
Đà Nẵng;Phường Hải Châu;Mặt bằng / Cửa hàng bán lẻ;thue;2026-05;;;;;;;;san;nho;;
Đà Nẵng;Phường Hải Châu;Mặt bằng / Cửa hàng bán lẻ;thue;2026-05;;;;;;;;san;kiet;;
Đà Nẵng;Phường Hải Châu;Mặt bằng / Cửa hàng bán lẻ;thue;2026-06;;;;;;;;san;lon;;
Đà Nẵng;Phường Hải Châu;Mặt bằng / Cửa hàng bán lẻ;thue;2026-06;;;;;;;;san;nho;;
Đà Nẵng;Phường Hải Châu;Mặt bằng / Cửa hàng bán lẻ;thue;2026-06;;;;;;;;san;kiet;;
Đà Nẵng;Phường Hải Châu;Mặt bằng / Cửa hàng bán lẻ;thue;2026-07;;;;;;;;san;lon;;
Đà Nẵng;Phường Hải Châu;Mặt bằng / Cửa hàng bán lẻ;thue;2026-07;;;;;;;;san;nho;;
Đà Nẵng;Phường Hải Châu;Mặt bằng / Cửa hàng bán lẻ;thue;2026-07;;;;;;;;san;kiet;;
Đà Nẵng;Phường Hải Châu;Mặt bằng / Cửa hàng bán lẻ;thue;2026-08;;;;;;;;san;lon;;
Đà Nẵng;Phường Hải Châu;Mặt bằng / Cửa hàng bán lẻ;thue;2026-08;;;;;;;;san;nho;;
Đà Nẵng;Phường Hải Châu;Mặt bằng / Cửa hàng bán lẻ;thue;2026-08;;;;;;;;san;kiet;;
Đà Nẵng;Phường Hải Châu;Mặt bằng / Cửa hàng bán lẻ;thue;2026-09;;;;;;;;san;lon;;
Đà Nẵng;Phường Hải Châu;Mặt bằng / Cửa hàng bán lẻ;thue;2026-09;;;;;;;;san;nho;;
Đà Nẵng;Phường Hải Châu;Mặt bằng / Cửa hàng bán lẻ;thue;2026-09;;;;;;;;san;kiet;;
Đà Nẵng;Nại Hiên Đông;Nhà biệt thự / Liền kề;ban;2024-10;;;;;;;;san;lon;;
Đà Nẵng;Nại Hiên Đông;Nhà biệt thự / Liền kề;ban;2024-10;;;;;;;;san;nho;;
Đà Nẵng;Nại Hiên Đông;Nhà biệt thự / Liền kề;ban;2024-10;;;;;;;;san;kiet;;
Đà Nẵng;Nại Hiên Đông;Nhà biệt thự / Liền kề;ban;2024-11;;;;;;;;san;lon;;
Đà Nẵng;Nại Hiên Đông;Nhà biệt thự / Liền kề;ban;2024-11;;;;;;;;san;nho;;
Đà Nẵng;Nại Hiên Đông;Nhà biệt thự / Liền kề;ban;2024-11;;;;;;;;san;kiet;;
Đà Nẵng;Nại Hiên Đông;Nhà biệt thự / Liền kề;ban;2024-12;;;;;;;;san;lon;;
Đà Nẵng;Nại Hiên Đông;Nhà biệt thự / Liền kề;ban;2024-12;;;;;;;;san;nho;;
Đà Nẵng;Nại Hiên Đông;Nhà biệt thự / Liền kề;ban;2024-12;;;;;;;;san;kiet;;
Đà Nẵng;Nại Hiên Đông;Nhà biệt thự / Liền kề;ban;2025-01;;;;;;;;san;lon;;
Đà Nẵng;Nại Hiên Đông;Nhà biệt thự / Liền kề;ban;2025-01;;;;;;;;san;nho;;
Đà Nẵng;Nại Hiên Đông;Nhà biệt thự / Liền kề;ban;2025-01;;;;;;;;san;kiet;;
Đà Nẵng;Nại Hiên Đông;Nhà biệt thự / Liền kề;ban;2025-02;;;;;;;;san;lon;;
Đà Nẵng;Nại Hiên Đông;Nhà biệt thự / Liền kề;ban;2025-02;;;;;;;;san;nho;;
Đà Nẵng;Nại Hiên Đông;Nhà biệt thự / Liền kề;ban;2025-02;;;;;;;;san;kiet;;
Đà Nẵng;Nại Hiên Đông;Nhà biệt thự / Liền kề;ban;2025-03;;;;;;;;san;lon;;
Đà Nẵng;Nại Hiên Đông;Nhà biệt thự / Liền kề;ban;2025-03;;;;;;;;san;nho;;
Đà Nẵng;Nại Hiên Đông;Nhà biệt thự / Liền kề;ban;2025-03;;;;;;;;san;kiet;;
Đà Nẵng;Nại Hiên Đông;Nhà biệt thự / Liền kề;ban;2025-04;;;;;;;;san;lon;;
Đà Nẵng;Nại Hiên Đông;Nhà biệt thự / Liền kề;ban;2025-04;;;;;;;;san;nho;;
Đà Nẵng;Nại Hiên Đông;Nhà biệt thự / Liền kề;ban;2025-04;;;;;;;;san;kiet;;
Đà Nẵng;Nại Hiên Đông;Nhà biệt thự / Liền kề;ban;2025-05;;;;;;;;san;lon;;
Đà Nẵng;Nại Hiên Đông;Nhà biệt thự / Liền kề;ban;2025-05;;;;;;;;san;nho;;
Đà Nẵng;Nại Hiên Đông;Nhà biệt thự / Liền kề;ban;2025-05;;;;;;;;san;kiet;;
Đà Nẵng;Nại Hiên Đông;Nhà biệt thự / Liền kề;ban;2025-06;;;;;;;;san;lon;;
Đà Nẵng;Nại Hiên Đông;Nhà biệt thự / Liền kề;ban;2025-06;;;;;;;;san;nho;;
Đà Nẵng;Nại Hiên Đông;Nhà biệt thự / Liền kề;ban;2025-06;;;;;;;;san;kiet;;
Đà Nẵng;Nại Hiên Đông;Nhà biệt thự / Liền kề;ban;2025-07;;;;;;;;san;lon;;
Đà Nẵng;Nại Hiên Đông;Nhà biệt thự / Liền kề;ban;2025-07;;;;;;;;san;nho;;
Đà Nẵng;Nại Hiên Đông;Nhà biệt thự / Liền kề;ban;2025-07;;;;;;;;san;kiet;;
Đà Nẵng;Nại Hiên Đông;Nhà biệt thự / Liền kề;ban;2025-08;;;;;;;;san;lon;;
Đà Nẵng;Nại Hiên Đông;Nhà biệt thự / Liền kề;ban;2025-08;;;;;;;;san;nho;;
Đà Nẵng;Nại Hiên Đông;Nhà biệt thự / Liền kề;ban;2025-08;;;;;;;;san;kiet;;
Đà Nẵng;Nại Hiên Đông;Nhà biệt thự / Liền kề;ban;2025-09;;;;;;;;san;lon;;
Đà Nẵng;Nại Hiên Đông;Nhà biệt thự / Liền kề;ban;2025-09;;;;;;;;san;nho;;
Đà Nẵng;Nại Hiên Đông;Nhà biệt thự / Liền kề;ban;2025-09;;;;;;;;san;kiet;;
Đà Nẵng;Nại Hiên Đông;Nhà biệt thự / Liền kề;ban;2025-10;;;;;;;;san;lon;;
Đà Nẵng;Nại Hiên Đông;Nhà biệt thự / Liền kề;ban;2025-10;;;;;;;;san;nho;;
Đà Nẵng;Nại Hiên Đông;Nhà biệt thự / Liền kề;ban;2025-10;;;;;;;;san;kiet;;
Đà Nẵng;Nại Hiên Đông;Nhà biệt thự / Liền kề;ban;2025-11;;;;;;;;san;lon;;
Đà Nẵng;Nại Hiên Đông;Nhà biệt thự / Liền kề;ban;2025-11;;;;;;;;san;nho;;
Đà Nẵng;Nại Hiên Đông;Nhà biệt thự / Liền kề;ban;2025-11;;;;;;;;san;kiet;;
Đà Nẵng;Nại Hiên Đông;Nhà biệt thự / Liền kề;ban;2025-12;;;;;;;;san;lon;;
Đà Nẵng;Nại Hiên Đông;Nhà biệt thự / Liền kề;ban;2025-12;;;;;;;;san;nho;;
Đà Nẵng;Nại Hiên Đông;Nhà biệt thự / Liền kề;ban;2025-12;;;;;;;;san;kiet;;
Đà Nẵng;Nại Hiên Đông;Nhà biệt thự / Liền kề;ban;2026-01;;;;;;;;san;lon;;
Đà Nẵng;Nại Hiên Đông;Nhà biệt thự / Liền kề;ban;2026-01;;;;;;;;san;nho;;
Đà Nẵng;Nại Hiên Đông;Nhà biệt thự / Liền kề;ban;2026-01;;;;;;;;san;kiet;;
Đà Nẵng;Nại Hiên Đông;Nhà biệt thự / Liền kề;ban;2026-02;;;;;;;;san;lon;;
Đà Nẵng;Nại Hiên Đông;Nhà biệt thự / Liền kề;ban;2026-02;;;;;;;;san;nho;;
Đà Nẵng;Nại Hiên Đông;Nhà biệt thự / Liền kề;ban;2026-02;;;;;;;;san;kiet;;
Đà Nẵng;Nại Hiên Đông;Nhà biệt thự / Liền kề;ban;2026-03;;;;;;;;san;lon;;
Đà Nẵng;Nại Hiên Đông;Nhà biệt thự / Liền kề;ban;2026-03;;;;;;;;san;nho;;
Đà Nẵng;Nại Hiên Đông;Nhà biệt thự / Liền kề;ban;2026-03;;;;;;;;san;kiet;;
Đà Nẵng;Nại Hiên Đông;Nhà biệt thự / Liền kề;ban;2026-04;;;;;;;;san;lon;;
Đà Nẵng;Nại Hiên Đông;Nhà biệt thự / Liền kề;ban;2026-04;;;;;;;;san;nho;;
Đà Nẵng;Nại Hiên Đông;Nhà biệt thự / Liền kề;ban;2026-04;;;;;;;;san;kiet;;
Đà Nẵng;Nại Hiên Đông;Nhà biệt thự / Liền kề;ban;2026-05;;;;;;;;san;lon;;
Đà Nẵng;Nại Hiên Đông;Nhà biệt thự / Liền kề;ban;2026-05;;;;;;;;san;nho;;
Đà Nẵng;Nại Hiên Đông;Nhà biệt thự / Liền kề;ban;2026-05;;;;;;;;san;kiet;;
Đà Nẵng;Nại Hiên Đông;Nhà biệt thự / Liền kề;ban;2026-06;;;;;;;;san;lon;;
Đà Nẵng;Nại Hiên Đông;Nhà biệt thự / Liền kề;ban;2026-06;;;;;;;;san;nho;;
Đà Nẵng;Nại Hiên Đông;Nhà biệt thự / Liền kề;ban;2026-06;;;;;;;;san;kiet;;
Đà Nẵng;Nại Hiên Đông;Nhà biệt thự / Liền kề;ban;2026-07;;;;;;;;san;lon;;
Đà Nẵng;Nại Hiên Đông;Nhà biệt thự / Liền kề;ban;2026-07;;;;;;;;san;nho;;
Đà Nẵng;Nại Hiên Đông;Nhà biệt thự / Liền kề;ban;2026-07;;;;;;;;san;kiet;;
Đà Nẵng;Nại Hiên Đông;Nhà biệt thự / Liền kề;ban;2026-08;;;;;;;;san;lon;;
Đà Nẵng;Nại Hiên Đông;Nhà biệt thự / Liền kề;ban;2026-08;;;;;;;;san;nho;;
Đà Nẵng;Nại Hiên Đông;Nhà biệt thự / Liền kề;ban;2026-08;;;;;;;;san;kiet;;
Đà Nẵng;Nại Hiên Đông;Nhà biệt thự / Liền kề;ban;2026-09;;;;;;;;san;lon;;
Đà Nẵng;Nại Hiên Đông;Nhà biệt thự / Liền kề;ban;2026-09;;;;;;;;san;nho;;
Đà Nẵng;Nại Hiên Đông;Nhà biệt thự / Liền kề;ban;2026-09;;;;;;;;san;kiet;;
Đà Nẵng;Phường Hòa Xuân;Nhà biệt thự / Liền kề;ban;2024-10;;;;;;;;san;lon;;
Đà Nẵng;Phường Hòa Xuân;Nhà biệt thự / Liền kề;ban;2024-10;;;;;;;;san;nho;;
Đà Nẵng;Phường Hòa Xuân;Nhà biệt thự / Liền kề;ban;2024-10;;;;;;;;san;kiet;;
Đà Nẵng;Phường Hòa Xuân;Nhà biệt thự / Liền kề;ban;2024-11;;;;;;;;san;lon;;
Đà Nẵng;Phường Hòa Xuân;Nhà biệt thự / Liền kề;ban;2024-11;;;;;;;;san;nho;;
Đà Nẵng;Phường Hòa Xuân;Nhà biệt thự / Liền kề;ban;2024-11;;;;;;;;san;kiet;;
Đà Nẵng;Phường Hòa Xuân;Nhà biệt thự / Liền kề;ban;2024-12;;;;;;;;san;lon;;
Đà Nẵng;Phường Hòa Xuân;Nhà biệt thự / Liền kề;ban;2024-12;;;;;;;;san;nho;;
Đà Nẵng;Phường Hòa Xuân;Nhà biệt thự / Liền kề;ban;2024-12;;;;;;;;san;kiet;;
Đà Nẵng;Phường Hòa Xuân;Nhà biệt thự / Liền kề;ban;2025-01;;;;;;;;san;lon;;
Đà Nẵng;Phường Hòa Xuân;Nhà biệt thự / Liền kề;ban;2025-01;;;;;;;;san;nho;;
Đà Nẵng;Phường Hòa Xuân;Nhà biệt thự / Liền kề;ban;2025-01;;;;;;;;san;kiet;;
Đà Nẵng;Phường Hòa Xuân;Nhà biệt thự / Liền kề;ban;2025-02;;;;;;;;san;lon;;
Đà Nẵng;Phường Hòa Xuân;Nhà biệt thự / Liền kề;ban;2025-02;;;;;;;;san;nho;;
Đà Nẵng;Phường Hòa Xuân;Nhà biệt thự / Liền kề;ban;2025-02;;;;;;;;san;kiet;;
Đà Nẵng;Phường Hòa Xuân;Nhà biệt thự / Liền kề;ban;2025-03;;;;;;;;san;lon;;
Đà Nẵng;Phường Hòa Xuân;Nhà biệt thự / Liền kề;ban;2025-03;;;;;;;;san;nho;;
Đà Nẵng;Phường Hòa Xuân;Nhà biệt thự / Liền kề;ban;2025-03;;;;;;;;san;kiet;;
Đà Nẵng;Phường Hòa Xuân;Nhà biệt thự / Liền kề;ban;2025-04;;;;;;;;san;lon;;
Đà Nẵng;Phường Hòa Xuân;Nhà biệt thự / Liền kề;ban;2025-04;;;;;;;;san;nho;;
Đà Nẵng;Phường Hòa Xuân;Nhà biệt thự / Liền kề;ban;2025-04;;;;;;;;san;kiet;;
Đà Nẵng;Phường Hòa Xuân;Nhà biệt thự / Liền kề;ban;2025-05;;;;;;;;san;lon;;
Đà Nẵng;Phường Hòa Xuân;Nhà biệt thự / Liền kề;ban;2025-05;;;;;;;;san;nho;;
Đà Nẵng;Phường Hòa Xuân;Nhà biệt thự / Liền kề;ban;2025-05;;;;;;;;san;kiet;;
Đà Nẵng;Phường Hòa Xuân;Nhà biệt thự / Liền kề;ban;2025-06;;;;;;;;san;lon;;
Đà Nẵng;Phường Hòa Xuân;Nhà biệt thự / Liền kề;ban;2025-06;;;;;;;;san;nho;;
Đà Nẵng;Phường Hòa Xuân;Nhà biệt thự / Liền kề;ban;2025-06;;;;;;;;san;kiet;;
Đà Nẵng;Phường Hòa Xuân;Nhà biệt thự / Liền kề;ban;2025-07;;;;;;;;san;lon;;
Đà Nẵng;Phường Hòa Xuân;Nhà biệt thự / Liền kề;ban;2025-07;;;;;;;;san;nho;;
Đà Nẵng;Phường Hòa Xuân;Nhà biệt thự / Liền kề;ban;2025-07;;;;;;;;san;kiet;;
Đà Nẵng;Phường Hòa Xuân;Nhà biệt thự / Liền kề;ban;2025-08;;;;;;;;san;lon;;
Đà Nẵng;Phường Hòa Xuân;Nhà biệt thự / Liền kề;ban;2025-08;;;;;;;;san;nho;;
Đà Nẵng;Phường Hòa Xuân;Nhà biệt thự / Liền kề;ban;2025-08;;;;;;;;san;kiet;;
Đà Nẵng;Phường Hòa Xuân;Nhà biệt thự / Liền kề;ban;2025-09;;;;;;;;san;lon;;
Đà Nẵng;Phường Hòa Xuân;Nhà biệt thự / Liền kề;ban;2025-09;;;;;;;;san;nho;;
Đà Nẵng;Phường Hòa Xuân;Nhà biệt thự / Liền kề;ban;2025-09;;;;;;;;san;kiet;;
Đà Nẵng;Phường Hòa Xuân;Nhà biệt thự / Liền kề;ban;2025-10;;;;;;;;san;lon;;
Đà Nẵng;Phường Hòa Xuân;Nhà biệt thự / Liền kề;ban;2025-10;;;;;;;;san;nho;;
Đà Nẵng;Phường Hòa Xuân;Nhà biệt thự / Liền kề;ban;2025-10;;;;;;;;san;kiet;;
Đà Nẵng;Phường Hòa Xuân;Nhà biệt thự / Liền kề;ban;2025-11;;;;;;;;san;lon;;
Đà Nẵng;Phường Hòa Xuân;Nhà biệt thự / Liền kề;ban;2025-11;;;;;;;;san;nho;;
Đà Nẵng;Phường Hòa Xuân;Nhà biệt thự / Liền kề;ban;2025-11;;;;;;;;san;kiet;;
Đà Nẵng;Phường Hòa Xuân;Nhà biệt thự / Liền kề;ban;2025-12;;;;;;;;san;lon;;
Đà Nẵng;Phường Hòa Xuân;Nhà biệt thự / Liền kề;ban;2025-12;;;;;;;;san;nho;;
Đà Nẵng;Phường Hòa Xuân;Nhà biệt thự / Liền kề;ban;2025-12;;;;;;;;san;kiet;;
Đà Nẵng;Phường Hòa Xuân;Nhà biệt thự / Liền kề;ban;2026-01;;;;;;;;san;lon;;
Đà Nẵng;Phường Hòa Xuân;Nhà biệt thự / Liền kề;ban;2026-01;;;;;;;;san;nho;;
Đà Nẵng;Phường Hòa Xuân;Nhà biệt thự / Liền kề;ban;2026-01;;;;;;;;san;kiet;;
Đà Nẵng;Phường Hòa Xuân;Nhà biệt thự / Liền kề;ban;2026-02;;;;;;;;san;lon;;
Đà Nẵng;Phường Hòa Xuân;Nhà biệt thự / Liền kề;ban;2026-02;;;;;;;;san;nho;;
Đà Nẵng;Phường Hòa Xuân;Nhà biệt thự / Liền kề;ban;2026-02;;;;;;;;san;kiet;;
Đà Nẵng;Phường Hòa Xuân;Nhà biệt thự / Liền kề;ban;2026-03;;;;;;;;san;lon;;
Đà Nẵng;Phường Hòa Xuân;Nhà biệt thự / Liền kề;ban;2026-03;;;;;;;;san;nho;;
Đà Nẵng;Phường Hòa Xuân;Nhà biệt thự / Liền kề;ban;2026-03;;;;;;;;san;kiet;;
Đà Nẵng;Phường Hòa Xuân;Nhà biệt thự / Liền kề;ban;2026-04;;;;;;;;san;lon;;
Đà Nẵng;Phường Hòa Xuân;Nhà biệt thự / Liền kề;ban;2026-04;;;;;;;;san;nho;;
Đà Nẵng;Phường Hòa Xuân;Nhà biệt thự / Liền kề;ban;2026-04;;;;;;;;san;kiet;;
Đà Nẵng;Phường Hòa Xuân;Nhà biệt thự / Liền kề;ban;2026-05;;;;;;;;san;lon;;
Đà Nẵng;Phường Hòa Xuân;Nhà biệt thự / Liền kề;ban;2026-05;;;;;;;;san;nho;;
Đà Nẵng;Phường Hòa Xuân;Nhà biệt thự / Liền kề;ban;2026-05;;;;;;;;san;kiet;;
Đà Nẵng;Phường Hòa Xuân;Nhà biệt thự / Liền kề;ban;2026-06;;;;;;;;san;lon;;
Đà Nẵng;Phường Hòa Xuân;Nhà biệt thự / Liền kề;ban;2026-06;;;;;;;;san;nho;;
Đà Nẵng;Phường Hòa Xuân;Nhà biệt thự / Liền kề;ban;2026-06;;;;;;;;san;kiet;;
Đà Nẵng;Phường Hòa Xuân;Nhà biệt thự / Liền kề;ban;2026-07;;;;;;;;san;lon;;
Đà Nẵng;Phường Hòa Xuân;Nhà biệt thự / Liền kề;ban;2026-07;;;;;;;;san;nho;;
Đà Nẵng;Phường Hòa Xuân;Nhà biệt thự / Liền kề;ban;2026-07;;;;;;;;san;kiet;;
Đà Nẵng;Phường Hòa Xuân;Nhà biệt thự / Liền kề;ban;2026-08;;;;;;;;san;lon;;
Đà Nẵng;Phường Hòa Xuân;Nhà biệt thự / Liền kề;ban;2026-08;;;;;;;;san;nho;;
Đà Nẵng;Phường Hòa Xuân;Nhà biệt thự / Liền kề;ban;2026-08;;;;;;;;san;kiet;;
Đà Nẵng;Phường Hòa Xuân;Nhà biệt thự / Liền kề;ban;2026-09;;;;;;;;san;lon;;
Đà Nẵng;Phường Hòa Xuân;Nhà biệt thự / Liền kề;ban;2026-09;;;;;;;;san;nho;;
Đà Nẵng;Phường Hòa Xuân;Nhà biệt thự / Liền kề;ban;2026-09;;;;;;;;san;kiet;;
Đà Nẵng;An Hải;Nhà mặt phố;ban;2024-10;;;;;;;;san;lon;;
Đà Nẵng;An Hải;Nhà mặt phố;ban;2024-10;;;;;;;;san;nho;;
Đà Nẵng;An Hải;Nhà mặt phố;ban;2024-10;;;;;;;;san;kiet;;
Đà Nẵng;An Hải;Nhà mặt phố;ban;2024-11;;;;;;;;san;lon;;
Đà Nẵng;An Hải;Nhà mặt phố;ban;2024-11;;;;;;;;san;nho;;
Đà Nẵng;An Hải;Nhà mặt phố;ban;2024-11;;;;;;;;san;kiet;;
Đà Nẵng;An Hải;Nhà mặt phố;ban;2024-12;;;;;;;;san;lon;;
Đà Nẵng;An Hải;Nhà mặt phố;ban;2024-12;;;;;;;;san;nho;;
Đà Nẵng;An Hải;Nhà mặt phố;ban;2024-12;;;;;;;;san;kiet;;
Đà Nẵng;An Hải;Nhà mặt phố;ban;2025-01;;;;;;;;san;lon;;
Đà Nẵng;An Hải;Nhà mặt phố;ban;2025-01;;;;;;;;san;nho;;
Đà Nẵng;An Hải;Nhà mặt phố;ban;2025-01;;;;;;;;san;kiet;;
Đà Nẵng;An Hải;Nhà mặt phố;ban;2025-02;;;;;;;;san;lon;;
Đà Nẵng;An Hải;Nhà mặt phố;ban;2025-02;;;;;;;;san;nho;;
Đà Nẵng;An Hải;Nhà mặt phố;ban;2025-02;;;;;;;;san;kiet;;
Đà Nẵng;An Hải;Nhà mặt phố;ban;2025-03;;;;;;;;san;lon;;
Đà Nẵng;An Hải;Nhà mặt phố;ban;2025-03;;;;;;;;san;nho;;
Đà Nẵng;An Hải;Nhà mặt phố;ban;2025-03;;;;;;;;san;kiet;;
Đà Nẵng;An Hải;Nhà mặt phố;ban;2025-04;;;;;;;;san;lon;;
Đà Nẵng;An Hải;Nhà mặt phố;ban;2025-04;;;;;;;;san;nho;;
Đà Nẵng;An Hải;Nhà mặt phố;ban;2025-04;;;;;;;;san;kiet;;
Đà Nẵng;An Hải;Nhà mặt phố;ban;2025-05;;;;;;;;san;lon;;
Đà Nẵng;An Hải;Nhà mặt phố;ban;2025-05;;;;;;;;san;nho;;
Đà Nẵng;An Hải;Nhà mặt phố;ban;2025-05;;;;;;;;san;kiet;;
Đà Nẵng;An Hải;Nhà mặt phố;ban;2025-06;;;;;;;;san;lon;;
Đà Nẵng;An Hải;Nhà mặt phố;ban;2025-06;;;;;;;;san;nho;;
Đà Nẵng;An Hải;Nhà mặt phố;ban;2025-06;;;;;;;;san;kiet;;
Đà Nẵng;An Hải;Nhà mặt phố;ban;2025-07;;;;;;;;san;lon;;
Đà Nẵng;An Hải;Nhà mặt phố;ban;2025-07;;;;;;;;san;nho;;
Đà Nẵng;An Hải;Nhà mặt phố;ban;2025-07;;;;;;;;san;kiet;;
Đà Nẵng;An Hải;Nhà mặt phố;ban;2025-08;;;;;;;;san;lon;;
Đà Nẵng;An Hải;Nhà mặt phố;ban;2025-08;;;;;;;;san;nho;;
Đà Nẵng;An Hải;Nhà mặt phố;ban;2025-08;;;;;;;;san;kiet;;
Đà Nẵng;An Hải;Nhà mặt phố;ban;2025-09;;;;;;;;san;lon;;
Đà Nẵng;An Hải;Nhà mặt phố;ban;2025-09;;;;;;;;san;nho;;
Đà Nẵng;An Hải;Nhà mặt phố;ban;2025-09;;;;;;;;san;kiet;;
Đà Nẵng;An Hải;Nhà mặt phố;ban;2025-10;;;;;;;;san;lon;;
Đà Nẵng;An Hải;Nhà mặt phố;ban;2025-10;;;;;;;;san;nho;;
Đà Nẵng;An Hải;Nhà mặt phố;ban;2025-10;;;;;;;;san;kiet;;
Đà Nẵng;An Hải;Nhà mặt phố;ban;2025-11;;;;;;;;san;lon;;
Đà Nẵng;An Hải;Nhà mặt phố;ban;2025-11;;;;;;;;san;nho;;
Đà Nẵng;An Hải;Nhà mặt phố;ban;2025-11;;;;;;;;san;kiet;;
Đà Nẵng;An Hải;Nhà mặt phố;ban;2025-12;;;;;;;;san;lon;;
Đà Nẵng;An Hải;Nhà mặt phố;ban;2025-12;;;;;;;;san;nho;;
Đà Nẵng;An Hải;Nhà mặt phố;ban;2025-12;;;;;;;;san;kiet;;
Đà Nẵng;An Hải;Nhà mặt phố;ban;2026-01;;;;;;;;san;lon;;
Đà Nẵng;An Hải;Nhà mặt phố;ban;2026-01;;;;;;;;san;nho;;
Đà Nẵng;An Hải;Nhà mặt phố;ban;2026-01;;;;;;;;san;kiet;;
Đà Nẵng;An Hải;Nhà mặt phố;ban;2026-02;;;;;;;;san;lon;;
Đà Nẵng;An Hải;Nhà mặt phố;ban;2026-02;;;;;;;;san;nho;;
Đà Nẵng;An Hải;Nhà mặt phố;ban;2026-02;;;;;;;;san;kiet;;
Đà Nẵng;An Hải;Nhà mặt phố;ban;2026-03;;;;;;;;san;lon;;
Đà Nẵng;An Hải;Nhà mặt phố;ban;2026-03;;;;;;;;san;nho;;
Đà Nẵng;An Hải;Nhà mặt phố;ban;2026-03;;;;;;;;san;kiet;;
Đà Nẵng;An Hải;Nhà mặt phố;ban;2026-04;;;;;;;;san;lon;;
Đà Nẵng;An Hải;Nhà mặt phố;ban;2026-04;;;;;;;;san;nho;;
Đà Nẵng;An Hải;Nhà mặt phố;ban;2026-04;;;;;;;;san;kiet;;
Đà Nẵng;An Hải;Nhà mặt phố;ban;2026-05;;;;;;;;san;lon;;
Đà Nẵng;An Hải;Nhà mặt phố;ban;2026-05;;;;;;;;san;nho;;
Đà Nẵng;An Hải;Nhà mặt phố;ban;2026-05;;;;;;;;san;kiet;;
Đà Nẵng;An Hải;Nhà mặt phố;ban;2026-06;;;;;;;;san;lon;;
Đà Nẵng;An Hải;Nhà mặt phố;ban;2026-06;;;;;;;;san;nho;;
Đà Nẵng;An Hải;Nhà mặt phố;ban;2026-06;;;;;;;;san;kiet;;
Đà Nẵng;An Hải;Nhà mặt phố;ban;2026-07;;;;;;;;san;lon;;
Đà Nẵng;An Hải;Nhà mặt phố;ban;2026-07;;;;;;;;san;nho;;
Đà Nẵng;An Hải;Nhà mặt phố;ban;2026-07;;;;;;;;san;kiet;;
Đà Nẵng;An Hải;Nhà mặt phố;ban;2026-08;;;;;;;;san;lon;;
Đà Nẵng;An Hải;Nhà mặt phố;ban;2026-08;;;;;;;;san;nho;;
Đà Nẵng;An Hải;Nhà mặt phố;ban;2026-08;;;;;;;;san;kiet;;
Đà Nẵng;An Hải;Nhà mặt phố;ban;2026-09;;;;;;;;san;lon;;
Đà Nẵng;An Hải;Nhà mặt phố;ban;2026-09;;;;;;;;san;nho;;
Đà Nẵng;An Hải;Nhà mặt phố;ban;2026-09;;;;;;;;san;kiet;;
Đà Nẵng;An Hải Tây;Nhà mặt phố;ban;2024-10;;;;;;;;san;lon;;
Đà Nẵng;An Hải Tây;Nhà mặt phố;ban;2024-10;;;;;;;;san;nho;;
Đà Nẵng;An Hải Tây;Nhà mặt phố;ban;2024-10;;;;;;;;san;kiet;;
Đà Nẵng;An Hải Tây;Nhà mặt phố;ban;2024-11;;;;;;;;san;lon;;
Đà Nẵng;An Hải Tây;Nhà mặt phố;ban;2024-11;;;;;;;;san;nho;;
Đà Nẵng;An Hải Tây;Nhà mặt phố;ban;2024-11;;;;;;;;san;kiet;;
Đà Nẵng;An Hải Tây;Nhà mặt phố;ban;2024-12;;;;;;;;san;lon;;
Đà Nẵng;An Hải Tây;Nhà mặt phố;ban;2024-12;;;;;;;;san;nho;;
Đà Nẵng;An Hải Tây;Nhà mặt phố;ban;2024-12;;;;;;;;san;kiet;;
Đà Nẵng;An Hải Tây;Nhà mặt phố;ban;2025-01;;;;;;;;san;lon;;
Đà Nẵng;An Hải Tây;Nhà mặt phố;ban;2025-01;;;;;;;;san;nho;;
Đà Nẵng;An Hải Tây;Nhà mặt phố;ban;2025-01;;;;;;;;san;kiet;;
Đà Nẵng;An Hải Tây;Nhà mặt phố;ban;2025-02;;;;;;;;san;lon;;
Đà Nẵng;An Hải Tây;Nhà mặt phố;ban;2025-02;;;;;;;;san;nho;;
Đà Nẵng;An Hải Tây;Nhà mặt phố;ban;2025-02;;;;;;;;san;kiet;;
Đà Nẵng;An Hải Tây;Nhà mặt phố;ban;2025-03;;;;;;;;san;lon;;
Đà Nẵng;An Hải Tây;Nhà mặt phố;ban;2025-03;;;;;;;;san;nho;;
Đà Nẵng;An Hải Tây;Nhà mặt phố;ban;2025-03;;;;;;;;san;kiet;;
Đà Nẵng;An Hải Tây;Nhà mặt phố;ban;2025-04;;;;;;;;san;lon;;
Đà Nẵng;An Hải Tây;Nhà mặt phố;ban;2025-04;;;;;;;;san;nho;;
Đà Nẵng;An Hải Tây;Nhà mặt phố;ban;2025-04;;;;;;;;san;kiet;;
Đà Nẵng;An Hải Tây;Nhà mặt phố;ban;2025-05;;;;;;;;san;lon;;
Đà Nẵng;An Hải Tây;Nhà mặt phố;ban;2025-05;;;;;;;;san;nho;;
Đà Nẵng;An Hải Tây;Nhà mặt phố;ban;2025-05;;;;;;;;san;kiet;;
Đà Nẵng;An Hải Tây;Nhà mặt phố;ban;2025-06;;;;;;;;san;lon;;
Đà Nẵng;An Hải Tây;Nhà mặt phố;ban;2025-06;;;;;;;;san;nho;;
Đà Nẵng;An Hải Tây;Nhà mặt phố;ban;2025-06;;;;;;;;san;kiet;;
Đà Nẵng;An Hải Tây;Nhà mặt phố;ban;2025-07;;;;;;;;san;lon;;
Đà Nẵng;An Hải Tây;Nhà mặt phố;ban;2025-07;;;;;;;;san;nho;;
Đà Nẵng;An Hải Tây;Nhà mặt phố;ban;2025-07;;;;;;;;san;kiet;;
Đà Nẵng;An Hải Tây;Nhà mặt phố;ban;2025-08;;;;;;;;san;lon;;
Đà Nẵng;An Hải Tây;Nhà mặt phố;ban;2025-08;;;;;;;;san;nho;;
Đà Nẵng;An Hải Tây;Nhà mặt phố;ban;2025-08;;;;;;;;san;kiet;;
Đà Nẵng;An Hải Tây;Nhà mặt phố;ban;2025-09;;;;;;;;san;lon;;
Đà Nẵng;An Hải Tây;Nhà mặt phố;ban;2025-09;;;;;;;;san;nho;;
Đà Nẵng;An Hải Tây;Nhà mặt phố;ban;2025-09;;;;;;;;san;kiet;;
Đà Nẵng;An Hải Tây;Nhà mặt phố;ban;2025-10;;;;;;;;san;lon;;
Đà Nẵng;An Hải Tây;Nhà mặt phố;ban;2025-10;;;;;;;;san;nho;;
Đà Nẵng;An Hải Tây;Nhà mặt phố;ban;2025-10;;;;;;;;san;kiet;;
Đà Nẵng;An Hải Tây;Nhà mặt phố;ban;2025-11;;;;;;;;san;lon;;
Đà Nẵng;An Hải Tây;Nhà mặt phố;ban;2025-11;;;;;;;;san;nho;;
Đà Nẵng;An Hải Tây;Nhà mặt phố;ban;2025-11;;;;;;;;san;kiet;;
Đà Nẵng;An Hải Tây;Nhà mặt phố;ban;2025-12;;;;;;;;san;lon;;
Đà Nẵng;An Hải Tây;Nhà mặt phố;ban;2025-12;;;;;;;;san;nho;;
Đà Nẵng;An Hải Tây;Nhà mặt phố;ban;2025-12;;;;;;;;san;kiet;;
Đà Nẵng;An Hải Tây;Nhà mặt phố;ban;2026-01;;;;;;;;san;lon;;
Đà Nẵng;An Hải Tây;Nhà mặt phố;ban;2026-01;;;;;;;;san;nho;;
Đà Nẵng;An Hải Tây;Nhà mặt phố;ban;2026-01;;;;;;;;san;kiet;;
Đà Nẵng;An Hải Tây;Nhà mặt phố;ban;2026-02;;;;;;;;san;lon;;
Đà Nẵng;An Hải Tây;Nhà mặt phố;ban;2026-02;;;;;;;;san;nho;;
Đà Nẵng;An Hải Tây;Nhà mặt phố;ban;2026-02;;;;;;;;san;kiet;;
Đà Nẵng;An Hải Tây;Nhà mặt phố;ban;2026-03;;;;;;;;san;lon;;
Đà Nẵng;An Hải Tây;Nhà mặt phố;ban;2026-03;;;;;;;;san;nho;;
Đà Nẵng;An Hải Tây;Nhà mặt phố;ban;2026-03;;;;;;;;san;kiet;;
Đà Nẵng;An Hải Tây;Nhà mặt phố;ban;2026-04;;;;;;;;san;lon;;
Đà Nẵng;An Hải Tây;Nhà mặt phố;ban;2026-04;;;;;;;;san;nho;;
Đà Nẵng;An Hải Tây;Nhà mặt phố;ban;2026-04;;;;;;;;san;kiet;;
Đà Nẵng;An Hải Tây;Nhà mặt phố;ban;2026-05;;;;;;;;san;lon;;
Đà Nẵng;An Hải Tây;Nhà mặt phố;ban;2026-05;;;;;;;;san;nho;;
Đà Nẵng;An Hải Tây;Nhà mặt phố;ban;2026-05;;;;;;;;san;kiet;;
Đà Nẵng;An Hải Tây;Nhà mặt phố;ban;2026-06;;;;;;;;san;lon;;
Đà Nẵng;An Hải Tây;Nhà mặt phố;ban;2026-06;;;;;;;;san;nho;;
Đà Nẵng;An Hải Tây;Nhà mặt phố;ban;2026-06;;;;;;;;san;kiet;;
Đà Nẵng;An Hải Tây;Nhà mặt phố;ban;2026-07;;;;;;;;san;lon;;
Đà Nẵng;An Hải Tây;Nhà mặt phố;ban;2026-07;;;;;;;;san;nho;;
Đà Nẵng;An Hải Tây;Nhà mặt phố;ban;2026-07;;;;;;;;san;kiet;;
Đà Nẵng;An Hải Tây;Nhà mặt phố;ban;2026-08;;;;;;;;san;lon;;
Đà Nẵng;An Hải Tây;Nhà mặt phố;ban;2026-08;;;;;;;;san;nho;;
Đà Nẵng;An Hải Tây;Nhà mặt phố;ban;2026-08;;;;;;;;san;kiet;;
Đà Nẵng;An Hải Tây;Nhà mặt phố;ban;2026-09;;;;;;;;san;lon;;
Đà Nẵng;An Hải Tây;Nhà mặt phố;ban;2026-09;;;;;;;;san;nho;;
Đà Nẵng;An Hải Tây;Nhà mặt phố;ban;2026-09;;;;;;;;san;kiet;;
Đà Nẵng;An Khê;Nhà mặt phố;ban;2024-10;;;;;;;;san;lon;;
Đà Nẵng;An Khê;Nhà mặt phố;ban;2024-10;;;;;;;;san;nho;;
Đà Nẵng;An Khê;Nhà mặt phố;ban;2024-10;;;;;;;;san;kiet;;
Đà Nẵng;An Khê;Nhà mặt phố;ban;2024-11;;;;;;;;san;lon;;
Đà Nẵng;An Khê;Nhà mặt phố;ban;2024-11;;;;;;;;san;nho;;
Đà Nẵng;An Khê;Nhà mặt phố;ban;2024-11;;;;;;;;san;kiet;;
Đà Nẵng;An Khê;Nhà mặt phố;ban;2024-12;;;;;;;;san;lon;;
Đà Nẵng;An Khê;Nhà mặt phố;ban;2024-12;;;;;;;;san;nho;;
Đà Nẵng;An Khê;Nhà mặt phố;ban;2024-12;;;;;;;;san;kiet;;
Đà Nẵng;An Khê;Nhà mặt phố;ban;2025-01;;;;;;;;san;lon;;
Đà Nẵng;An Khê;Nhà mặt phố;ban;2025-01;;;;;;;;san;nho;;
Đà Nẵng;An Khê;Nhà mặt phố;ban;2025-01;;;;;;;;san;kiet;;
Đà Nẵng;An Khê;Nhà mặt phố;ban;2025-02;;;;;;;;san;lon;;
Đà Nẵng;An Khê;Nhà mặt phố;ban;2025-02;;;;;;;;san;nho;;
Đà Nẵng;An Khê;Nhà mặt phố;ban;2025-02;;;;;;;;san;kiet;;
Đà Nẵng;An Khê;Nhà mặt phố;ban;2025-03;;;;;;;;san;lon;;
Đà Nẵng;An Khê;Nhà mặt phố;ban;2025-03;;;;;;;;san;nho;;
Đà Nẵng;An Khê;Nhà mặt phố;ban;2025-03;;;;;;;;san;kiet;;
Đà Nẵng;An Khê;Nhà mặt phố;ban;2025-04;;;;;;;;san;lon;;
Đà Nẵng;An Khê;Nhà mặt phố;ban;2025-04;;;;;;;;san;nho;;
Đà Nẵng;An Khê;Nhà mặt phố;ban;2025-04;;;;;;;;san;kiet;;
Đà Nẵng;An Khê;Nhà mặt phố;ban;2025-05;;;;;;;;san;lon;;
Đà Nẵng;An Khê;Nhà mặt phố;ban;2025-05;;;;;;;;san;nho;;
Đà Nẵng;An Khê;Nhà mặt phố;ban;2025-05;;;;;;;;san;kiet;;
Đà Nẵng;An Khê;Nhà mặt phố;ban;2025-06;;;;;;;;san;lon;;
Đà Nẵng;An Khê;Nhà mặt phố;ban;2025-06;;;;;;;;san;nho;;
Đà Nẵng;An Khê;Nhà mặt phố;ban;2025-06;;;;;;;;san;kiet;;
Đà Nẵng;An Khê;Nhà mặt phố;ban;2025-07;;;;;;;;san;lon;;
Đà Nẵng;An Khê;Nhà mặt phố;ban;2025-07;;;;;;;;san;nho;;
Đà Nẵng;An Khê;Nhà mặt phố;ban;2025-07;;;;;;;;san;kiet;;
Đà Nẵng;An Khê;Nhà mặt phố;ban;2025-08;;;;;;;;san;lon;;
Đà Nẵng;An Khê;Nhà mặt phố;ban;2025-08;;;;;;;;san;nho;;
Đà Nẵng;An Khê;Nhà mặt phố;ban;2025-08;;;;;;;;san;kiet;;
Đà Nẵng;An Khê;Nhà mặt phố;ban;2025-09;;;;;;;;san;lon;;
Đà Nẵng;An Khê;Nhà mặt phố;ban;2025-09;;;;;;;;san;nho;;
Đà Nẵng;An Khê;Nhà mặt phố;ban;2025-09;;;;;;;;san;kiet;;
Đà Nẵng;An Khê;Nhà mặt phố;ban;2025-10;;;;;;;;san;lon;;
Đà Nẵng;An Khê;Nhà mặt phố;ban;2025-10;;;;;;;;san;nho;;
Đà Nẵng;An Khê;Nhà mặt phố;ban;2025-10;;;;;;;;san;kiet;;
Đà Nẵng;An Khê;Nhà mặt phố;ban;2025-11;;;;;;;;san;lon;;
Đà Nẵng;An Khê;Nhà mặt phố;ban;2025-11;;;;;;;;san;nho;;
Đà Nẵng;An Khê;Nhà mặt phố;ban;2025-11;;;;;;;;san;kiet;;
Đà Nẵng;An Khê;Nhà mặt phố;ban;2025-12;;;;;;;;san;lon;;
Đà Nẵng;An Khê;Nhà mặt phố;ban;2025-12;;;;;;;;san;nho;;
Đà Nẵng;An Khê;Nhà mặt phố;ban;2025-12;;;;;;;;san;kiet;;
Đà Nẵng;An Khê;Nhà mặt phố;ban;2026-01;;;;;;;;san;lon;;
Đà Nẵng;An Khê;Nhà mặt phố;ban;2026-01;;;;;;;;san;nho;;
Đà Nẵng;An Khê;Nhà mặt phố;ban;2026-01;;;;;;;;san;kiet;;
Đà Nẵng;An Khê;Nhà mặt phố;ban;2026-02;;;;;;;;san;lon;;
Đà Nẵng;An Khê;Nhà mặt phố;ban;2026-02;;;;;;;;san;nho;;
Đà Nẵng;An Khê;Nhà mặt phố;ban;2026-02;;;;;;;;san;kiet;;
Đà Nẵng;An Khê;Nhà mặt phố;ban;2026-03;;;;;;;;san;lon;;
Đà Nẵng;An Khê;Nhà mặt phố;ban;2026-03;;;;;;;;san;nho;;
Đà Nẵng;An Khê;Nhà mặt phố;ban;2026-03;;;;;;;;san;kiet;;
Đà Nẵng;An Khê;Nhà mặt phố;ban;2026-04;;;;;;;;san;lon;;
Đà Nẵng;An Khê;Nhà mặt phố;ban;2026-04;;;;;;;;san;nho;;
Đà Nẵng;An Khê;Nhà mặt phố;ban;2026-04;;;;;;;;san;kiet;;
Đà Nẵng;An Khê;Nhà mặt phố;ban;2026-05;;;;;;;;san;lon;;
Đà Nẵng;An Khê;Nhà mặt phố;ban;2026-05;;;;;;;;san;nho;;
Đà Nẵng;An Khê;Nhà mặt phố;ban;2026-05;;;;;;;;san;kiet;;
Đà Nẵng;An Khê;Nhà mặt phố;ban;2026-06;;;;;;;;san;lon;;
Đà Nẵng;An Khê;Nhà mặt phố;ban;2026-06;;;;;;;;san;nho;;
Đà Nẵng;An Khê;Nhà mặt phố;ban;2026-06;;;;;;;;san;kiet;;
Đà Nẵng;An Khê;Nhà mặt phố;ban;2026-07;;;;;;;;san;lon;;
Đà Nẵng;An Khê;Nhà mặt phố;ban;2026-07;;;;;;;;san;nho;;
Đà Nẵng;An Khê;Nhà mặt phố;ban;2026-07;;;;;;;;san;kiet;;
Đà Nẵng;An Khê;Nhà mặt phố;ban;2026-08;;;;;;;;san;lon;;
Đà Nẵng;An Khê;Nhà mặt phố;ban;2026-08;;;;;;;;san;nho;;
Đà Nẵng;An Khê;Nhà mặt phố;ban;2026-08;;;;;;;;san;kiet;;
Đà Nẵng;An Khê;Nhà mặt phố;ban;2026-09;;;;;;;;san;lon;;
Đà Nẵng;An Khê;Nhà mặt phố;ban;2026-09;;;;;;;;san;nho;;
Đà Nẵng;An Khê;Nhà mặt phố;ban;2026-09;;;;;;;;san;kiet;;
Đà Nẵng;Phường Ngũ Hành Sơn;Nhà mặt phố;ban;2024-10;;;;;;;;san;lon;;
Đà Nẵng;Phường Ngũ Hành Sơn;Nhà mặt phố;ban;2024-10;;;;;;;;san;nho;;
Đà Nẵng;Phường Ngũ Hành Sơn;Nhà mặt phố;ban;2024-10;;;;;;;;san;kiet;;
Đà Nẵng;Phường Ngũ Hành Sơn;Nhà mặt phố;ban;2024-11;;;;;;;;san;lon;;
Đà Nẵng;Phường Ngũ Hành Sơn;Nhà mặt phố;ban;2024-11;;;;;;;;san;nho;;
Đà Nẵng;Phường Ngũ Hành Sơn;Nhà mặt phố;ban;2024-11;;;;;;;;san;kiet;;
Đà Nẵng;Phường Ngũ Hành Sơn;Nhà mặt phố;ban;2024-12;;;;;;;;san;lon;;
Đà Nẵng;Phường Ngũ Hành Sơn;Nhà mặt phố;ban;2024-12;;;;;;;;san;nho;;
Đà Nẵng;Phường Ngũ Hành Sơn;Nhà mặt phố;ban;2024-12;;;;;;;;san;kiet;;
Đà Nẵng;Phường Ngũ Hành Sơn;Nhà mặt phố;ban;2025-01;;;;;;;;san;lon;;
Đà Nẵng;Phường Ngũ Hành Sơn;Nhà mặt phố;ban;2025-01;;;;;;;;san;nho;;
Đà Nẵng;Phường Ngũ Hành Sơn;Nhà mặt phố;ban;2025-01;;;;;;;;san;kiet;;
Đà Nẵng;Phường Ngũ Hành Sơn;Nhà mặt phố;ban;2025-02;;;;;;;;san;lon;;
Đà Nẵng;Phường Ngũ Hành Sơn;Nhà mặt phố;ban;2025-02;;;;;;;;san;nho;;
Đà Nẵng;Phường Ngũ Hành Sơn;Nhà mặt phố;ban;2025-02;;;;;;;;san;kiet;;
Đà Nẵng;Phường Ngũ Hành Sơn;Nhà mặt phố;ban;2025-03;;;;;;;;san;lon;;
Đà Nẵng;Phường Ngũ Hành Sơn;Nhà mặt phố;ban;2025-03;;;;;;;;san;nho;;
Đà Nẵng;Phường Ngũ Hành Sơn;Nhà mặt phố;ban;2025-03;;;;;;;;san;kiet;;
Đà Nẵng;Phường Ngũ Hành Sơn;Nhà mặt phố;ban;2025-04;;;;;;;;san;lon;;
Đà Nẵng;Phường Ngũ Hành Sơn;Nhà mặt phố;ban;2025-04;;;;;;;;san;nho;;
Đà Nẵng;Phường Ngũ Hành Sơn;Nhà mặt phố;ban;2025-04;;;;;;;;san;kiet;;
Đà Nẵng;Phường Ngũ Hành Sơn;Nhà mặt phố;ban;2025-05;;;;;;;;san;lon;;
Đà Nẵng;Phường Ngũ Hành Sơn;Nhà mặt phố;ban;2025-05;;;;;;;;san;nho;;
Đà Nẵng;Phường Ngũ Hành Sơn;Nhà mặt phố;ban;2025-05;;;;;;;;san;kiet;;
Đà Nẵng;Phường Ngũ Hành Sơn;Nhà mặt phố;ban;2025-06;;;;;;;;san;lon;;
Đà Nẵng;Phường Ngũ Hành Sơn;Nhà mặt phố;ban;2025-06;;;;;;;;san;nho;;
Đà Nẵng;Phường Ngũ Hành Sơn;Nhà mặt phố;ban;2025-06;;;;;;;;san;kiet;;
Đà Nẵng;Phường Ngũ Hành Sơn;Nhà mặt phố;ban;2025-07;;;;;;;;san;lon;;
Đà Nẵng;Phường Ngũ Hành Sơn;Nhà mặt phố;ban;2025-07;;;;;;;;san;nho;;
Đà Nẵng;Phường Ngũ Hành Sơn;Nhà mặt phố;ban;2025-07;;;;;;;;san;kiet;;
Đà Nẵng;Phường Ngũ Hành Sơn;Nhà mặt phố;ban;2025-08;;;;;;;;san;lon;;
Đà Nẵng;Phường Ngũ Hành Sơn;Nhà mặt phố;ban;2025-08;;;;;;;;san;nho;;
Đà Nẵng;Phường Ngũ Hành Sơn;Nhà mặt phố;ban;2025-08;;;;;;;;san;kiet;;
Đà Nẵng;Phường Ngũ Hành Sơn;Nhà mặt phố;ban;2025-09;;;;;;;;san;lon;;
Đà Nẵng;Phường Ngũ Hành Sơn;Nhà mặt phố;ban;2025-09;;;;;;;;san;nho;;
Đà Nẵng;Phường Ngũ Hành Sơn;Nhà mặt phố;ban;2025-09;;;;;;;;san;kiet;;
Đà Nẵng;Phường Ngũ Hành Sơn;Nhà mặt phố;ban;2025-10;;;;;;;;san;lon;;
Đà Nẵng;Phường Ngũ Hành Sơn;Nhà mặt phố;ban;2025-10;;;;;;;;san;nho;;
Đà Nẵng;Phường Ngũ Hành Sơn;Nhà mặt phố;ban;2025-10;;;;;;;;san;kiet;;
Đà Nẵng;Phường Ngũ Hành Sơn;Nhà mặt phố;ban;2025-11;;;;;;;;san;lon;;
Đà Nẵng;Phường Ngũ Hành Sơn;Nhà mặt phố;ban;2025-11;;;;;;;;san;nho;;
Đà Nẵng;Phường Ngũ Hành Sơn;Nhà mặt phố;ban;2025-11;;;;;;;;san;kiet;;
Đà Nẵng;Phường Ngũ Hành Sơn;Nhà mặt phố;ban;2025-12;;;;;;;;san;lon;;
Đà Nẵng;Phường Ngũ Hành Sơn;Nhà mặt phố;ban;2025-12;;;;;;;;san;nho;;
Đà Nẵng;Phường Ngũ Hành Sơn;Nhà mặt phố;ban;2025-12;;;;;;;;san;kiet;;
Đà Nẵng;Phường Ngũ Hành Sơn;Nhà mặt phố;ban;2026-01;;;;;;;;san;lon;;
Đà Nẵng;Phường Ngũ Hành Sơn;Nhà mặt phố;ban;2026-01;;;;;;;;san;nho;;
Đà Nẵng;Phường Ngũ Hành Sơn;Nhà mặt phố;ban;2026-01;;;;;;;;san;kiet;;
Đà Nẵng;Phường Ngũ Hành Sơn;Nhà mặt phố;ban;2026-02;;;;;;;;san;lon;;
Đà Nẵng;Phường Ngũ Hành Sơn;Nhà mặt phố;ban;2026-02;;;;;;;;san;nho;;
Đà Nẵng;Phường Ngũ Hành Sơn;Nhà mặt phố;ban;2026-02;;;;;;;;san;kiet;;
Đà Nẵng;Phường Ngũ Hành Sơn;Nhà mặt phố;ban;2026-03;;;;;;;;san;lon;;
Đà Nẵng;Phường Ngũ Hành Sơn;Nhà mặt phố;ban;2026-03;;;;;;;;san;nho;;
Đà Nẵng;Phường Ngũ Hành Sơn;Nhà mặt phố;ban;2026-03;;;;;;;;san;kiet;;
Đà Nẵng;Phường Ngũ Hành Sơn;Nhà mặt phố;ban;2026-04;;;;;;;;san;lon;;
Đà Nẵng;Phường Ngũ Hành Sơn;Nhà mặt phố;ban;2026-04;;;;;;;;san;nho;;
Đà Nẵng;Phường Ngũ Hành Sơn;Nhà mặt phố;ban;2026-04;;;;;;;;san;kiet;;
Đà Nẵng;Phường Ngũ Hành Sơn;Nhà mặt phố;ban;2026-05;;;;;;;;san;lon;;
Đà Nẵng;Phường Ngũ Hành Sơn;Nhà mặt phố;ban;2026-05;;;;;;;;san;nho;;
Đà Nẵng;Phường Ngũ Hành Sơn;Nhà mặt phố;ban;2026-05;;;;;;;;san;kiet;;
Đà Nẵng;Phường Ngũ Hành Sơn;Nhà mặt phố;ban;2026-06;;;;;;;;san;lon;;
Đà Nẵng;Phường Ngũ Hành Sơn;Nhà mặt phố;ban;2026-06;;;;;;;;san;nho;;
Đà Nẵng;Phường Ngũ Hành Sơn;Nhà mặt phố;ban;2026-06;;;;;;;;san;kiet;;
Đà Nẵng;Phường Ngũ Hành Sơn;Nhà mặt phố;ban;2026-07;;;;;;;;san;lon;;
Đà Nẵng;Phường Ngũ Hành Sơn;Nhà mặt phố;ban;2026-07;;;;;;;;san;nho;;
Đà Nẵng;Phường Ngũ Hành Sơn;Nhà mặt phố;ban;2026-07;;;;;;;;san;kiet;;
Đà Nẵng;Phường Ngũ Hành Sơn;Nhà mặt phố;ban;2026-08;;;;;;;;san;lon;;
Đà Nẵng;Phường Ngũ Hành Sơn;Nhà mặt phố;ban;2026-08;;;;;;;;san;nho;;
Đà Nẵng;Phường Ngũ Hành Sơn;Nhà mặt phố;ban;2026-08;;;;;;;;san;kiet;;
Đà Nẵng;Phường Ngũ Hành Sơn;Nhà mặt phố;ban;2026-09;;;;;;;;san;lon;;
Đà Nẵng;Phường Ngũ Hành Sơn;Nhà mặt phố;ban;2026-09;;;;;;;;san;nho;;
Đà Nẵng;Phường Ngũ Hành Sơn;Nhà mặt phố;ban;2026-09;;;;;;;;san;kiet;;
Đà Nẵng;Hòa Xuân;Nhà mặt phố;ban;2024-10;;;;;;;;san;lon;;
Đà Nẵng;Hòa Xuân;Nhà mặt phố;ban;2024-10;;;;;;;;san;nho;;
Đà Nẵng;Hòa Xuân;Nhà mặt phố;ban;2024-10;;;;;;;;san;kiet;;
Đà Nẵng;Hòa Xuân;Nhà mặt phố;ban;2024-11;;;;;;;;san;lon;;
Đà Nẵng;Hòa Xuân;Nhà mặt phố;ban;2024-11;;;;;;;;san;nho;;
Đà Nẵng;Hòa Xuân;Nhà mặt phố;ban;2024-11;;;;;;;;san;kiet;;
Đà Nẵng;Hòa Xuân;Nhà mặt phố;ban;2024-12;;;;;;;;san;lon;;
Đà Nẵng;Hòa Xuân;Nhà mặt phố;ban;2024-12;;;;;;;;san;nho;;
Đà Nẵng;Hòa Xuân;Nhà mặt phố;ban;2024-12;;;;;;;;san;kiet;;
Đà Nẵng;Hòa Xuân;Nhà mặt phố;ban;2025-01;;;;;;;;san;lon;;
Đà Nẵng;Hòa Xuân;Nhà mặt phố;ban;2025-01;;;;;;;;san;nho;;
Đà Nẵng;Hòa Xuân;Nhà mặt phố;ban;2025-01;;;;;;;;san;kiet;;
Đà Nẵng;Hòa Xuân;Nhà mặt phố;ban;2025-02;;;;;;;;san;lon;;
Đà Nẵng;Hòa Xuân;Nhà mặt phố;ban;2025-02;;;;;;;;san;nho;;
Đà Nẵng;Hòa Xuân;Nhà mặt phố;ban;2025-02;;;;;;;;san;kiet;;
Đà Nẵng;Hòa Xuân;Nhà mặt phố;ban;2025-03;;;;;;;;san;lon;;
Đà Nẵng;Hòa Xuân;Nhà mặt phố;ban;2025-03;;;;;;;;san;nho;;
Đà Nẵng;Hòa Xuân;Nhà mặt phố;ban;2025-03;;;;;;;;san;kiet;;
Đà Nẵng;Hòa Xuân;Nhà mặt phố;ban;2025-04;;;;;;;;san;lon;;
Đà Nẵng;Hòa Xuân;Nhà mặt phố;ban;2025-04;;;;;;;;san;nho;;
Đà Nẵng;Hòa Xuân;Nhà mặt phố;ban;2025-04;;;;;;;;san;kiet;;
Đà Nẵng;Hòa Xuân;Nhà mặt phố;ban;2025-05;;;;;;;;san;lon;;
Đà Nẵng;Hòa Xuân;Nhà mặt phố;ban;2025-05;;;;;;;;san;nho;;
Đà Nẵng;Hòa Xuân;Nhà mặt phố;ban;2025-05;;;;;;;;san;kiet;;
Đà Nẵng;Hòa Xuân;Nhà mặt phố;ban;2025-06;;;;;;;;san;lon;;
Đà Nẵng;Hòa Xuân;Nhà mặt phố;ban;2025-06;;;;;;;;san;nho;;
Đà Nẵng;Hòa Xuân;Nhà mặt phố;ban;2025-06;;;;;;;;san;kiet;;
Đà Nẵng;Hòa Xuân;Nhà mặt phố;ban;2025-07;;;;;;;;san;lon;;
Đà Nẵng;Hòa Xuân;Nhà mặt phố;ban;2025-07;;;;;;;;san;nho;;
Đà Nẵng;Hòa Xuân;Nhà mặt phố;ban;2025-07;;;;;;;;san;kiet;;
Đà Nẵng;Hòa Xuân;Nhà mặt phố;ban;2025-08;;;;;;;;san;lon;;
Đà Nẵng;Hòa Xuân;Nhà mặt phố;ban;2025-08;;;;;;;;san;nho;;
Đà Nẵng;Hòa Xuân;Nhà mặt phố;ban;2025-08;;;;;;;;san;kiet;;
Đà Nẵng;Hòa Xuân;Nhà mặt phố;ban;2025-09;;;;;;;;san;lon;;
Đà Nẵng;Hòa Xuân;Nhà mặt phố;ban;2025-09;;;;;;;;san;nho;;
Đà Nẵng;Hòa Xuân;Nhà mặt phố;ban;2025-09;;;;;;;;san;kiet;;
Đà Nẵng;Hòa Xuân;Nhà mặt phố;ban;2025-10;;;;;;;;san;lon;;
Đà Nẵng;Hòa Xuân;Nhà mặt phố;ban;2025-10;;;;;;;;san;nho;;
Đà Nẵng;Hòa Xuân;Nhà mặt phố;ban;2025-10;;;;;;;;san;kiet;;
Đà Nẵng;Hòa Xuân;Nhà mặt phố;ban;2025-11;;;;;;;;san;lon;;
Đà Nẵng;Hòa Xuân;Nhà mặt phố;ban;2025-11;;;;;;;;san;nho;;
Đà Nẵng;Hòa Xuân;Nhà mặt phố;ban;2025-11;;;;;;;;san;kiet;;
Đà Nẵng;Hòa Xuân;Nhà mặt phố;ban;2025-12;;;;;;;;san;lon;;
Đà Nẵng;Hòa Xuân;Nhà mặt phố;ban;2025-12;;;;;;;;san;nho;;
Đà Nẵng;Hòa Xuân;Nhà mặt phố;ban;2025-12;;;;;;;;san;kiet;;
Đà Nẵng;Hòa Xuân;Nhà mặt phố;ban;2026-01;;;;;;;;san;lon;;
Đà Nẵng;Hòa Xuân;Nhà mặt phố;ban;2026-01;;;;;;;;san;nho;;
Đà Nẵng;Hòa Xuân;Nhà mặt phố;ban;2026-01;;;;;;;;san;kiet;;
Đà Nẵng;Hòa Xuân;Nhà mặt phố;ban;2026-02;;;;;;;;san;lon;;
Đà Nẵng;Hòa Xuân;Nhà mặt phố;ban;2026-02;;;;;;;;san;nho;;
Đà Nẵng;Hòa Xuân;Nhà mặt phố;ban;2026-02;;;;;;;;san;kiet;;
Đà Nẵng;Hòa Xuân;Nhà mặt phố;ban;2026-03;;;;;;;;san;lon;;
Đà Nẵng;Hòa Xuân;Nhà mặt phố;ban;2026-03;;;;;;;;san;nho;;
Đà Nẵng;Hòa Xuân;Nhà mặt phố;ban;2026-03;;;;;;;;san;kiet;;
Đà Nẵng;Hòa Xuân;Nhà mặt phố;ban;2026-04;;;;;;;;san;lon;;
Đà Nẵng;Hòa Xuân;Nhà mặt phố;ban;2026-04;;;;;;;;san;nho;;
Đà Nẵng;Hòa Xuân;Nhà mặt phố;ban;2026-04;;;;;;;;san;kiet;;
Đà Nẵng;Hòa Xuân;Nhà mặt phố;ban;2026-05;;;;;;;;san;lon;;
Đà Nẵng;Hòa Xuân;Nhà mặt phố;ban;2026-05;;;;;;;;san;nho;;
Đà Nẵng;Hòa Xuân;Nhà mặt phố;ban;2026-05;;;;;;;;san;kiet;;
Đà Nẵng;Hòa Xuân;Nhà mặt phố;ban;2026-06;;;;;;;;san;lon;;
Đà Nẵng;Hòa Xuân;Nhà mặt phố;ban;2026-06;;;;;;;;san;nho;;
Đà Nẵng;Hòa Xuân;Nhà mặt phố;ban;2026-06;;;;;;;;san;kiet;;
Đà Nẵng;Hòa Xuân;Nhà mặt phố;ban;2026-07;;;;;;;;san;lon;;
Đà Nẵng;Hòa Xuân;Nhà mặt phố;ban;2026-07;;;;;;;;san;nho;;
Đà Nẵng;Hòa Xuân;Nhà mặt phố;ban;2026-07;;;;;;;;san;kiet;;
Đà Nẵng;Hòa Xuân;Nhà mặt phố;ban;2026-08;;;;;;;;san;lon;;
Đà Nẵng;Hòa Xuân;Nhà mặt phố;ban;2026-08;;;;;;;;san;nho;;
Đà Nẵng;Hòa Xuân;Nhà mặt phố;ban;2026-08;;;;;;;;san;kiet;;
Đà Nẵng;Hòa Xuân;Nhà mặt phố;ban;2026-09;;;;;;;;san;lon;;
Đà Nẵng;Hòa Xuân;Nhà mặt phố;ban;2026-09;;;;;;;;san;nho;;
Đà Nẵng;Hòa Xuân;Nhà mặt phố;ban;2026-09;;;;;;;;san;kiet;;
Đà Nẵng;Phường Hòa Xuân;Nhà mặt phố;thue;2024-10;;;;;;;;san;lon;;
Đà Nẵng;Phường Hòa Xuân;Nhà mặt phố;thue;2024-10;;;;;;;;san;nho;;
Đà Nẵng;Phường Hòa Xuân;Nhà mặt phố;thue;2024-10;;;;;;;;san;kiet;;
Đà Nẵng;Phường Hòa Xuân;Nhà mặt phố;thue;2024-11;;;;;;;;san;lon;;
Đà Nẵng;Phường Hòa Xuân;Nhà mặt phố;thue;2024-11;;;;;;;;san;nho;;
Đà Nẵng;Phường Hòa Xuân;Nhà mặt phố;thue;2024-11;;;;;;;;san;kiet;;
Đà Nẵng;Phường Hòa Xuân;Nhà mặt phố;thue;2024-12;;;;;;;;san;lon;;
Đà Nẵng;Phường Hòa Xuân;Nhà mặt phố;thue;2024-12;;;;;;;;san;nho;;
Đà Nẵng;Phường Hòa Xuân;Nhà mặt phố;thue;2024-12;;;;;;;;san;kiet;;
Đà Nẵng;Phường Hòa Xuân;Nhà mặt phố;thue;2025-01;;;;;;;;san;lon;;
Đà Nẵng;Phường Hòa Xuân;Nhà mặt phố;thue;2025-01;;;;;;;;san;nho;;
Đà Nẵng;Phường Hòa Xuân;Nhà mặt phố;thue;2025-01;;;;;;;;san;kiet;;
Đà Nẵng;Phường Hòa Xuân;Nhà mặt phố;thue;2025-02;;;;;;;;san;lon;;
Đà Nẵng;Phường Hòa Xuân;Nhà mặt phố;thue;2025-02;;;;;;;;san;nho;;
Đà Nẵng;Phường Hòa Xuân;Nhà mặt phố;thue;2025-02;;;;;;;;san;kiet;;
Đà Nẵng;Phường Hòa Xuân;Nhà mặt phố;thue;2025-03;;;;;;;;san;lon;;
Đà Nẵng;Phường Hòa Xuân;Nhà mặt phố;thue;2025-03;;;;;;;;san;nho;;
Đà Nẵng;Phường Hòa Xuân;Nhà mặt phố;thue;2025-03;;;;;;;;san;kiet;;
Đà Nẵng;Phường Hòa Xuân;Nhà mặt phố;thue;2025-04;;;;;;;;san;lon;;
Đà Nẵng;Phường Hòa Xuân;Nhà mặt phố;thue;2025-04;;;;;;;;san;nho;;
Đà Nẵng;Phường Hòa Xuân;Nhà mặt phố;thue;2025-04;;;;;;;;san;kiet;;
Đà Nẵng;Phường Hòa Xuân;Nhà mặt phố;thue;2025-05;;;;;;;;san;lon;;
Đà Nẵng;Phường Hòa Xuân;Nhà mặt phố;thue;2025-05;;;;;;;;san;nho;;
Đà Nẵng;Phường Hòa Xuân;Nhà mặt phố;thue;2025-05;;;;;;;;san;kiet;;
Đà Nẵng;Phường Hòa Xuân;Nhà mặt phố;thue;2025-06;;;;;;;;san;lon;;
Đà Nẵng;Phường Hòa Xuân;Nhà mặt phố;thue;2025-06;;;;;;;;san;nho;;
Đà Nẵng;Phường Hòa Xuân;Nhà mặt phố;thue;2025-06;;;;;;;;san;kiet;;
Đà Nẵng;Phường Hòa Xuân;Nhà mặt phố;thue;2025-07;;;;;;;;san;lon;;
Đà Nẵng;Phường Hòa Xuân;Nhà mặt phố;thue;2025-07;;;;;;;;san;nho;;
Đà Nẵng;Phường Hòa Xuân;Nhà mặt phố;thue;2025-07;;;;;;;;san;kiet;;
Đà Nẵng;Phường Hòa Xuân;Nhà mặt phố;thue;2025-08;;;;;;;;san;lon;;
Đà Nẵng;Phường Hòa Xuân;Nhà mặt phố;thue;2025-08;;;;;;;;san;nho;;
Đà Nẵng;Phường Hòa Xuân;Nhà mặt phố;thue;2025-08;;;;;;;;san;kiet;;
Đà Nẵng;Phường Hòa Xuân;Nhà mặt phố;thue;2025-09;;;;;;;;san;lon;;
Đà Nẵng;Phường Hòa Xuân;Nhà mặt phố;thue;2025-09;;;;;;;;san;nho;;
Đà Nẵng;Phường Hòa Xuân;Nhà mặt phố;thue;2025-09;;;;;;;;san;kiet;;
Đà Nẵng;Phường Hòa Xuân;Nhà mặt phố;thue;2025-10;;;;;;;;san;lon;;
Đà Nẵng;Phường Hòa Xuân;Nhà mặt phố;thue;2025-10;;;;;;;;san;nho;;
Đà Nẵng;Phường Hòa Xuân;Nhà mặt phố;thue;2025-10;;;;;;;;san;kiet;;
Đà Nẵng;Phường Hòa Xuân;Nhà mặt phố;thue;2025-11;;;;;;;;san;lon;;
Đà Nẵng;Phường Hòa Xuân;Nhà mặt phố;thue;2025-11;;;;;;;;san;nho;;
Đà Nẵng;Phường Hòa Xuân;Nhà mặt phố;thue;2025-11;;;;;;;;san;kiet;;
Đà Nẵng;Phường Hòa Xuân;Nhà mặt phố;thue;2025-12;;;;;;;;san;lon;;
Đà Nẵng;Phường Hòa Xuân;Nhà mặt phố;thue;2025-12;;;;;;;;san;nho;;
Đà Nẵng;Phường Hòa Xuân;Nhà mặt phố;thue;2025-12;;;;;;;;san;kiet;;
Đà Nẵng;Phường Hòa Xuân;Nhà mặt phố;thue;2026-01;;;;;;;;san;lon;;
Đà Nẵng;Phường Hòa Xuân;Nhà mặt phố;thue;2026-01;;;;;;;;san;nho;;
Đà Nẵng;Phường Hòa Xuân;Nhà mặt phố;thue;2026-01;;;;;;;;san;kiet;;
Đà Nẵng;Phường Hòa Xuân;Nhà mặt phố;thue;2026-02;;;;;;;;san;lon;;
Đà Nẵng;Phường Hòa Xuân;Nhà mặt phố;thue;2026-02;;;;;;;;san;nho;;
Đà Nẵng;Phường Hòa Xuân;Nhà mặt phố;thue;2026-02;;;;;;;;san;kiet;;
Đà Nẵng;Phường Hòa Xuân;Nhà mặt phố;thue;2026-03;;;;;;;;san;lon;;
Đà Nẵng;Phường Hòa Xuân;Nhà mặt phố;thue;2026-03;;;;;;;;san;nho;;
Đà Nẵng;Phường Hòa Xuân;Nhà mặt phố;thue;2026-03;;;;;;;;san;kiet;;
Đà Nẵng;Phường Hòa Xuân;Nhà mặt phố;thue;2026-04;;;;;;;;san;lon;;
Đà Nẵng;Phường Hòa Xuân;Nhà mặt phố;thue;2026-04;;;;;;;;san;nho;;
Đà Nẵng;Phường Hòa Xuân;Nhà mặt phố;thue;2026-04;;;;;;;;san;kiet;;
Đà Nẵng;Phường Hòa Xuân;Nhà mặt phố;thue;2026-05;;;;;;;;san;lon;;
Đà Nẵng;Phường Hòa Xuân;Nhà mặt phố;thue;2026-05;;;;;;;;san;nho;;
Đà Nẵng;Phường Hòa Xuân;Nhà mặt phố;thue;2026-05;;;;;;;;san;kiet;;
Đà Nẵng;Phường Hòa Xuân;Nhà mặt phố;thue;2026-06;;;;;;;;san;lon;;
Đà Nẵng;Phường Hòa Xuân;Nhà mặt phố;thue;2026-06;;;;;;;;san;nho;;
Đà Nẵng;Phường Hòa Xuân;Nhà mặt phố;thue;2026-06;;;;;;;;san;kiet;;
Đà Nẵng;Phường Hòa Xuân;Nhà mặt phố;thue;2026-07;;;;;;;;san;lon;;
Đà Nẵng;Phường Hòa Xuân;Nhà mặt phố;thue;2026-07;;;;;;;;san;nho;;
Đà Nẵng;Phường Hòa Xuân;Nhà mặt phố;thue;2026-07;;;;;;;;san;kiet;;
Đà Nẵng;Phường Hòa Xuân;Nhà mặt phố;thue;2026-08;;;;;;;;san;lon;;
Đà Nẵng;Phường Hòa Xuân;Nhà mặt phố;thue;2026-08;;;;;;;;san;nho;;
Đà Nẵng;Phường Hòa Xuân;Nhà mặt phố;thue;2026-08;;;;;;;;san;kiet;;
Đà Nẵng;Phường Hòa Xuân;Nhà mặt phố;thue;2026-09;;;;;;;;san;lon;;
Đà Nẵng;Phường Hòa Xuân;Nhà mặt phố;thue;2026-09;;;;;;;;san;nho;;
Đà Nẵng;Phường Hòa Xuân;Nhà mặt phố;thue;2026-09;;;;;;;;san;kiet;;
Đà Nẵng;Phường An Hải;Nhà mặt phố;thue;2024-10;;;;;;;;san;lon;;
Đà Nẵng;Phường An Hải;Nhà mặt phố;thue;2024-10;;;;;;;;san;nho;;
Đà Nẵng;Phường An Hải;Nhà mặt phố;thue;2024-10;;;;;;;;san;kiet;;
Đà Nẵng;Phường An Hải;Nhà mặt phố;thue;2024-11;;;;;;;;san;lon;;
Đà Nẵng;Phường An Hải;Nhà mặt phố;thue;2024-11;;;;;;;;san;nho;;
Đà Nẵng;Phường An Hải;Nhà mặt phố;thue;2024-11;;;;;;;;san;kiet;;
Đà Nẵng;Phường An Hải;Nhà mặt phố;thue;2024-12;;;;;;;;san;lon;;
Đà Nẵng;Phường An Hải;Nhà mặt phố;thue;2024-12;;;;;;;;san;nho;;
Đà Nẵng;Phường An Hải;Nhà mặt phố;thue;2024-12;;;;;;;;san;kiet;;
Đà Nẵng;Phường An Hải;Nhà mặt phố;thue;2025-01;;;;;;;;san;lon;;
Đà Nẵng;Phường An Hải;Nhà mặt phố;thue;2025-01;;;;;;;;san;nho;;
Đà Nẵng;Phường An Hải;Nhà mặt phố;thue;2025-01;;;;;;;;san;kiet;;
Đà Nẵng;Phường An Hải;Nhà mặt phố;thue;2025-02;;;;;;;;san;lon;;
Đà Nẵng;Phường An Hải;Nhà mặt phố;thue;2025-02;;;;;;;;san;nho;;
Đà Nẵng;Phường An Hải;Nhà mặt phố;thue;2025-02;;;;;;;;san;kiet;;
Đà Nẵng;Phường An Hải;Nhà mặt phố;thue;2025-03;;;;;;;;san;lon;;
Đà Nẵng;Phường An Hải;Nhà mặt phố;thue;2025-03;;;;;;;;san;nho;;
Đà Nẵng;Phường An Hải;Nhà mặt phố;thue;2025-03;;;;;;;;san;kiet;;
Đà Nẵng;Phường An Hải;Nhà mặt phố;thue;2025-04;;;;;;;;san;lon;;
Đà Nẵng;Phường An Hải;Nhà mặt phố;thue;2025-04;;;;;;;;san;nho;;
Đà Nẵng;Phường An Hải;Nhà mặt phố;thue;2025-04;;;;;;;;san;kiet;;
Đà Nẵng;Phường An Hải;Nhà mặt phố;thue;2025-05;;;;;;;;san;lon;;
Đà Nẵng;Phường An Hải;Nhà mặt phố;thue;2025-05;;;;;;;;san;nho;;
Đà Nẵng;Phường An Hải;Nhà mặt phố;thue;2025-05;;;;;;;;san;kiet;;
Đà Nẵng;Phường An Hải;Nhà mặt phố;thue;2025-06;;;;;;;;san;lon;;
Đà Nẵng;Phường An Hải;Nhà mặt phố;thue;2025-06;;;;;;;;san;nho;;
Đà Nẵng;Phường An Hải;Nhà mặt phố;thue;2025-06;;;;;;;;san;kiet;;
Đà Nẵng;Phường An Hải;Nhà mặt phố;thue;2025-07;;;;;;;;san;lon;;
Đà Nẵng;Phường An Hải;Nhà mặt phố;thue;2025-07;;;;;;;;san;nho;;
Đà Nẵng;Phường An Hải;Nhà mặt phố;thue;2025-07;;;;;;;;san;kiet;;
Đà Nẵng;Phường An Hải;Nhà mặt phố;thue;2025-08;;;;;;;;san;lon;;
Đà Nẵng;Phường An Hải;Nhà mặt phố;thue;2025-08;;;;;;;;san;nho;;
Đà Nẵng;Phường An Hải;Nhà mặt phố;thue;2025-08;;;;;;;;san;kiet;;
Đà Nẵng;Phường An Hải;Nhà mặt phố;thue;2025-09;;;;;;;;san;lon;;
Đà Nẵng;Phường An Hải;Nhà mặt phố;thue;2025-09;;;;;;;;san;nho;;
Đà Nẵng;Phường An Hải;Nhà mặt phố;thue;2025-09;;;;;;;;san;kiet;;
Đà Nẵng;Phường An Hải;Nhà mặt phố;thue;2025-10;;;;;;;;san;lon;;
Đà Nẵng;Phường An Hải;Nhà mặt phố;thue;2025-10;;;;;;;;san;nho;;
Đà Nẵng;Phường An Hải;Nhà mặt phố;thue;2025-10;;;;;;;;san;kiet;;
Đà Nẵng;Phường An Hải;Nhà mặt phố;thue;2025-11;;;;;;;;san;lon;;
Đà Nẵng;Phường An Hải;Nhà mặt phố;thue;2025-11;;;;;;;;san;nho;;
Đà Nẵng;Phường An Hải;Nhà mặt phố;thue;2025-11;;;;;;;;san;kiet;;
Đà Nẵng;Phường An Hải;Nhà mặt phố;thue;2025-12;;;;;;;;san;lon;;
Đà Nẵng;Phường An Hải;Nhà mặt phố;thue;2025-12;;;;;;;;san;nho;;
Đà Nẵng;Phường An Hải;Nhà mặt phố;thue;2025-12;;;;;;;;san;kiet;;
Đà Nẵng;Phường An Hải;Nhà mặt phố;thue;2026-01;;;;;;;;san;lon;;
Đà Nẵng;Phường An Hải;Nhà mặt phố;thue;2026-01;;;;;;;;san;nho;;
Đà Nẵng;Phường An Hải;Nhà mặt phố;thue;2026-01;;;;;;;;san;kiet;;
Đà Nẵng;Phường An Hải;Nhà mặt phố;thue;2026-02;;;;;;;;san;lon;;
Đà Nẵng;Phường An Hải;Nhà mặt phố;thue;2026-02;;;;;;;;san;nho;;
Đà Nẵng;Phường An Hải;Nhà mặt phố;thue;2026-02;;;;;;;;san;kiet;;
Đà Nẵng;Phường An Hải;Nhà mặt phố;thue;2026-03;;;;;;;;san;lon;;
Đà Nẵng;Phường An Hải;Nhà mặt phố;thue;2026-03;;;;;;;;san;nho;;
Đà Nẵng;Phường An Hải;Nhà mặt phố;thue;2026-03;;;;;;;;san;kiet;;
Đà Nẵng;Phường An Hải;Nhà mặt phố;thue;2026-04;;;;;;;;san;lon;;
Đà Nẵng;Phường An Hải;Nhà mặt phố;thue;2026-04;;;;;;;;san;nho;;
Đà Nẵng;Phường An Hải;Nhà mặt phố;thue;2026-04;;;;;;;;san;kiet;;
Đà Nẵng;Phường An Hải;Nhà mặt phố;thue;2026-05;;;;;;;;san;lon;;
Đà Nẵng;Phường An Hải;Nhà mặt phố;thue;2026-05;;;;;;;;san;nho;;
Đà Nẵng;Phường An Hải;Nhà mặt phố;thue;2026-05;;;;;;;;san;kiet;;
Đà Nẵng;Phường An Hải;Nhà mặt phố;thue;2026-06;;;;;;;;san;lon;;
Đà Nẵng;Phường An Hải;Nhà mặt phố;thue;2026-06;;;;;;;;san;nho;;
Đà Nẵng;Phường An Hải;Nhà mặt phố;thue;2026-06;;;;;;;;san;kiet;;
Đà Nẵng;Phường An Hải;Nhà mặt phố;thue;2026-07;;;;;;;;san;lon;;
Đà Nẵng;Phường An Hải;Nhà mặt phố;thue;2026-07;;;;;;;;san;nho;;
Đà Nẵng;Phường An Hải;Nhà mặt phố;thue;2026-07;;;;;;;;san;kiet;;
Đà Nẵng;Phường An Hải;Nhà mặt phố;thue;2026-08;;;;;;;;san;lon;;
Đà Nẵng;Phường An Hải;Nhà mặt phố;thue;2026-08;;;;;;;;san;nho;;
Đà Nẵng;Phường An Hải;Nhà mặt phố;thue;2026-08;;;;;;;;san;kiet;;
Đà Nẵng;Phường An Hải;Nhà mặt phố;thue;2026-09;;;;;;;;san;lon;;
Đà Nẵng;Phường An Hải;Nhà mặt phố;thue;2026-09;;;;;;;;san;nho;;
Đà Nẵng;Phường An Hải;Nhà mặt phố;thue;2026-09;;;;;;;;san;kiet;;
Đà Nẵng;Phường An Hải;Nhà riêng;ban;2024-10;;;;;;;;san;lon;;
Đà Nẵng;Phường An Hải;Nhà riêng;ban;2024-10;;;;;;;;san;nho;;
Đà Nẵng;Phường An Hải;Nhà riêng;ban;2024-10;;;;;;;;san;kiet;;
Đà Nẵng;Phường An Hải;Nhà riêng;ban;2024-11;;;;;;;;san;lon;;
Đà Nẵng;Phường An Hải;Nhà riêng;ban;2024-11;;;;;;;;san;nho;;
Đà Nẵng;Phường An Hải;Nhà riêng;ban;2024-11;;;;;;;;san;kiet;;
Đà Nẵng;Phường An Hải;Nhà riêng;ban;2024-12;;;;;;;;san;lon;;
Đà Nẵng;Phường An Hải;Nhà riêng;ban;2024-12;;;;;;;;san;nho;;
Đà Nẵng;Phường An Hải;Nhà riêng;ban;2024-12;;;;;;;;san;kiet;;
Đà Nẵng;Phường An Hải;Nhà riêng;ban;2025-01;;;;;;;;san;lon;;
Đà Nẵng;Phường An Hải;Nhà riêng;ban;2025-01;;;;;;;;san;nho;;
Đà Nẵng;Phường An Hải;Nhà riêng;ban;2025-01;;;;;;;;san;kiet;;
Đà Nẵng;Phường An Hải;Nhà riêng;ban;2025-02;;;;;;;;san;lon;;
Đà Nẵng;Phường An Hải;Nhà riêng;ban;2025-02;;;;;;;;san;nho;;
Đà Nẵng;Phường An Hải;Nhà riêng;ban;2025-02;;;;;;;;san;kiet;;
Đà Nẵng;Phường An Hải;Nhà riêng;ban;2025-03;;;;;;;;san;lon;;
Đà Nẵng;Phường An Hải;Nhà riêng;ban;2025-03;;;;;;;;san;nho;;
Đà Nẵng;Phường An Hải;Nhà riêng;ban;2025-03;;;;;;;;san;kiet;;
Đà Nẵng;Phường An Hải;Nhà riêng;ban;2025-04;;;;;;;;san;lon;;
Đà Nẵng;Phường An Hải;Nhà riêng;ban;2025-04;;;;;;;;san;nho;;
Đà Nẵng;Phường An Hải;Nhà riêng;ban;2025-04;;;;;;;;san;kiet;;
Đà Nẵng;Phường An Hải;Nhà riêng;ban;2025-05;;;;;;;;san;lon;;
Đà Nẵng;Phường An Hải;Nhà riêng;ban;2025-05;;;;;;;;san;nho;;
Đà Nẵng;Phường An Hải;Nhà riêng;ban;2025-05;;;;;;;;san;kiet;;
Đà Nẵng;Phường An Hải;Nhà riêng;ban;2025-06;;;;;;;;san;lon;;
Đà Nẵng;Phường An Hải;Nhà riêng;ban;2025-06;;;;;;;;san;nho;;
Đà Nẵng;Phường An Hải;Nhà riêng;ban;2025-06;;;;;;;;san;kiet;;
Đà Nẵng;Phường An Hải;Nhà riêng;ban;2025-07;;;;;;;;san;lon;;
Đà Nẵng;Phường An Hải;Nhà riêng;ban;2025-07;;;;;;;;san;nho;;
Đà Nẵng;Phường An Hải;Nhà riêng;ban;2025-07;;;;;;;;san;kiet;;
Đà Nẵng;Phường An Hải;Nhà riêng;ban;2025-08;;;;;;;;san;lon;;
Đà Nẵng;Phường An Hải;Nhà riêng;ban;2025-08;;;;;;;;san;nho;;
Đà Nẵng;Phường An Hải;Nhà riêng;ban;2025-08;;;;;;;;san;kiet;;
Đà Nẵng;Phường An Hải;Nhà riêng;ban;2025-09;;;;;;;;san;lon;;
Đà Nẵng;Phường An Hải;Nhà riêng;ban;2025-09;;;;;;;;san;nho;;
Đà Nẵng;Phường An Hải;Nhà riêng;ban;2025-09;;;;;;;;san;kiet;;
Đà Nẵng;Phường An Hải;Nhà riêng;ban;2025-10;;;;;;;;san;lon;;
Đà Nẵng;Phường An Hải;Nhà riêng;ban;2025-10;;;;;;;;san;nho;;
Đà Nẵng;Phường An Hải;Nhà riêng;ban;2025-10;;;;;;;;san;kiet;;
Đà Nẵng;Phường An Hải;Nhà riêng;ban;2025-11;;;;;;;;san;lon;;
Đà Nẵng;Phường An Hải;Nhà riêng;ban;2025-11;;;;;;;;san;nho;;
Đà Nẵng;Phường An Hải;Nhà riêng;ban;2025-11;;;;;;;;san;kiet;;
Đà Nẵng;Phường An Hải;Nhà riêng;ban;2025-12;;;;;;;;san;lon;;
Đà Nẵng;Phường An Hải;Nhà riêng;ban;2025-12;;;;;;;;san;nho;;
Đà Nẵng;Phường An Hải;Nhà riêng;ban;2025-12;;;;;;;;san;kiet;;
Đà Nẵng;Phường An Hải;Nhà riêng;ban;2026-01;;;;;;;;san;lon;;
Đà Nẵng;Phường An Hải;Nhà riêng;ban;2026-01;;;;;;;;san;nho;;
Đà Nẵng;Phường An Hải;Nhà riêng;ban;2026-01;;;;;;;;san;kiet;;
Đà Nẵng;Phường An Hải;Nhà riêng;ban;2026-02;;;;;;;;san;lon;;
Đà Nẵng;Phường An Hải;Nhà riêng;ban;2026-02;;;;;;;;san;nho;;
Đà Nẵng;Phường An Hải;Nhà riêng;ban;2026-02;;;;;;;;san;kiet;;
Đà Nẵng;Phường An Hải;Nhà riêng;ban;2026-03;;;;;;;;san;lon;;
Đà Nẵng;Phường An Hải;Nhà riêng;ban;2026-03;;;;;;;;san;nho;;
Đà Nẵng;Phường An Hải;Nhà riêng;ban;2026-03;;;;;;;;san;kiet;;
Đà Nẵng;Phường An Hải;Nhà riêng;ban;2026-04;;;;;;;;san;lon;;
Đà Nẵng;Phường An Hải;Nhà riêng;ban;2026-04;;;;;;;;san;nho;;
Đà Nẵng;Phường An Hải;Nhà riêng;ban;2026-04;;;;;;;;san;kiet;;
Đà Nẵng;Phường An Hải;Nhà riêng;ban;2026-05;;;;;;;;san;lon;;
Đà Nẵng;Phường An Hải;Nhà riêng;ban;2026-05;;;;;;;;san;nho;;
Đà Nẵng;Phường An Hải;Nhà riêng;ban;2026-05;;;;;;;;san;kiet;;
Đà Nẵng;Phường An Hải;Nhà riêng;ban;2026-06;;;;;;;;san;lon;;
Đà Nẵng;Phường An Hải;Nhà riêng;ban;2026-06;;;;;;;;san;nho;;
Đà Nẵng;Phường An Hải;Nhà riêng;ban;2026-06;;;;;;;;san;kiet;;
Đà Nẵng;Phường An Hải;Nhà riêng;ban;2026-07;;;;;;;;san;lon;;
Đà Nẵng;Phường An Hải;Nhà riêng;ban;2026-07;;;;;;;;san;nho;;
Đà Nẵng;Phường An Hải;Nhà riêng;ban;2026-07;;;;;;;;san;kiet;;
Đà Nẵng;Phường An Hải;Nhà riêng;ban;2026-08;;;;;;;;san;lon;;
Đà Nẵng;Phường An Hải;Nhà riêng;ban;2026-08;;;;;;;;san;nho;;
Đà Nẵng;Phường An Hải;Nhà riêng;ban;2026-08;;;;;;;;san;kiet;;
Đà Nẵng;Phường An Hải;Nhà riêng;ban;2026-09;;;;;;;;san;lon;;
Đà Nẵng;Phường An Hải;Nhà riêng;ban;2026-09;;;;;;;;san;nho;;
Đà Nẵng;Phường An Hải;Nhà riêng;ban;2026-09;;;;;;;;san;kiet;;
Đà Nẵng;An Hải Bắc;Nhà riêng;thue;2024-10;;;;;;;;san;lon;;
Đà Nẵng;An Hải Bắc;Nhà riêng;thue;2024-10;;;;;;;;san;nho;;
Đà Nẵng;An Hải Bắc;Nhà riêng;thue;2024-10;;;;;;;;san;kiet;;
Đà Nẵng;An Hải Bắc;Nhà riêng;thue;2024-11;;;;;;;;san;lon;;
Đà Nẵng;An Hải Bắc;Nhà riêng;thue;2024-11;;;;;;;;san;nho;;
Đà Nẵng;An Hải Bắc;Nhà riêng;thue;2024-11;;;;;;;;san;kiet;;
Đà Nẵng;An Hải Bắc;Nhà riêng;thue;2024-12;;;;;;;;san;lon;;
Đà Nẵng;An Hải Bắc;Nhà riêng;thue;2024-12;;;;;;;;san;nho;;
Đà Nẵng;An Hải Bắc;Nhà riêng;thue;2024-12;;;;;;;;san;kiet;;
Đà Nẵng;An Hải Bắc;Nhà riêng;thue;2025-01;;;;;;;;san;lon;;
Đà Nẵng;An Hải Bắc;Nhà riêng;thue;2025-01;;;;;;;;san;nho;;
Đà Nẵng;An Hải Bắc;Nhà riêng;thue;2025-01;;;;;;;;san;kiet;;
Đà Nẵng;An Hải Bắc;Nhà riêng;thue;2025-02;;;;;;;;san;lon;;
Đà Nẵng;An Hải Bắc;Nhà riêng;thue;2025-02;;;;;;;;san;nho;;
Đà Nẵng;An Hải Bắc;Nhà riêng;thue;2025-02;;;;;;;;san;kiet;;
Đà Nẵng;An Hải Bắc;Nhà riêng;thue;2025-03;;;;;;;;san;lon;;
Đà Nẵng;An Hải Bắc;Nhà riêng;thue;2025-03;;;;;;;;san;nho;;
Đà Nẵng;An Hải Bắc;Nhà riêng;thue;2025-03;;;;;;;;san;kiet;;
Đà Nẵng;An Hải Bắc;Nhà riêng;thue;2025-04;;;;;;;;san;lon;;
Đà Nẵng;An Hải Bắc;Nhà riêng;thue;2025-04;;;;;;;;san;nho;;
Đà Nẵng;An Hải Bắc;Nhà riêng;thue;2025-04;;;;;;;;san;kiet;;
Đà Nẵng;An Hải Bắc;Nhà riêng;thue;2025-05;;;;;;;;san;lon;;
Đà Nẵng;An Hải Bắc;Nhà riêng;thue;2025-05;;;;;;;;san;nho;;
Đà Nẵng;An Hải Bắc;Nhà riêng;thue;2025-05;;;;;;;;san;kiet;;
Đà Nẵng;An Hải Bắc;Nhà riêng;thue;2025-06;;;;;;;;san;lon;;
Đà Nẵng;An Hải Bắc;Nhà riêng;thue;2025-06;;;;;;;;san;nho;;
Đà Nẵng;An Hải Bắc;Nhà riêng;thue;2025-06;;;;;;;;san;kiet;;
Đà Nẵng;An Hải Bắc;Nhà riêng;thue;2025-07;;;;;;;;san;lon;;
Đà Nẵng;An Hải Bắc;Nhà riêng;thue;2025-07;;;;;;;;san;nho;;
Đà Nẵng;An Hải Bắc;Nhà riêng;thue;2025-07;;;;;;;;san;kiet;;
Đà Nẵng;An Hải Bắc;Nhà riêng;thue;2025-08;;;;;;;;san;lon;;
Đà Nẵng;An Hải Bắc;Nhà riêng;thue;2025-08;;;;;;;;san;nho;;
Đà Nẵng;An Hải Bắc;Nhà riêng;thue;2025-08;;;;;;;;san;kiet;;
Đà Nẵng;An Hải Bắc;Nhà riêng;thue;2025-09;;;;;;;;san;lon;;
Đà Nẵng;An Hải Bắc;Nhà riêng;thue;2025-09;;;;;;;;san;nho;;
Đà Nẵng;An Hải Bắc;Nhà riêng;thue;2025-09;;;;;;;;san;kiet;;
Đà Nẵng;An Hải Bắc;Nhà riêng;thue;2025-10;;;;;;;;san;lon;;
Đà Nẵng;An Hải Bắc;Nhà riêng;thue;2025-10;;;;;;;;san;nho;;
Đà Nẵng;An Hải Bắc;Nhà riêng;thue;2025-10;;;;;;;;san;kiet;;
Đà Nẵng;An Hải Bắc;Nhà riêng;thue;2025-11;;;;;;;;san;lon;;
Đà Nẵng;An Hải Bắc;Nhà riêng;thue;2025-11;;;;;;;;san;nho;;
Đà Nẵng;An Hải Bắc;Nhà riêng;thue;2025-11;;;;;;;;san;kiet;;
Đà Nẵng;An Hải Bắc;Nhà riêng;thue;2025-12;;;;;;;;san;lon;;
Đà Nẵng;An Hải Bắc;Nhà riêng;thue;2025-12;;;;;;;;san;nho;;
Đà Nẵng;An Hải Bắc;Nhà riêng;thue;2025-12;;;;;;;;san;kiet;;
Đà Nẵng;An Hải Bắc;Nhà riêng;thue;2026-01;;;;;;;;san;lon;;
Đà Nẵng;An Hải Bắc;Nhà riêng;thue;2026-01;;;;;;;;san;nho;;
Đà Nẵng;An Hải Bắc;Nhà riêng;thue;2026-01;;;;;;;;san;kiet;;
Đà Nẵng;An Hải Bắc;Nhà riêng;thue;2026-02;;;;;;;;san;lon;;
Đà Nẵng;An Hải Bắc;Nhà riêng;thue;2026-02;;;;;;;;san;nho;;
Đà Nẵng;An Hải Bắc;Nhà riêng;thue;2026-02;;;;;;;;san;kiet;;
Đà Nẵng;An Hải Bắc;Nhà riêng;thue;2026-03;;;;;;;;san;lon;;
Đà Nẵng;An Hải Bắc;Nhà riêng;thue;2026-03;;;;;;;;san;nho;;
Đà Nẵng;An Hải Bắc;Nhà riêng;thue;2026-03;;;;;;;;san;kiet;;
Đà Nẵng;An Hải Bắc;Nhà riêng;thue;2026-04;;;;;;;;san;lon;;
Đà Nẵng;An Hải Bắc;Nhà riêng;thue;2026-04;;;;;;;;san;nho;;
Đà Nẵng;An Hải Bắc;Nhà riêng;thue;2026-04;;;;;;;;san;kiet;;
Đà Nẵng;An Hải Bắc;Nhà riêng;thue;2026-05;;;;;;;;san;lon;;
Đà Nẵng;An Hải Bắc;Nhà riêng;thue;2026-05;;;;;;;;san;nho;;
Đà Nẵng;An Hải Bắc;Nhà riêng;thue;2026-05;;;;;;;;san;kiet;;
Đà Nẵng;An Hải Bắc;Nhà riêng;thue;2026-06;;;;;;;;san;lon;;
Đà Nẵng;An Hải Bắc;Nhà riêng;thue;2026-06;;;;;;;;san;nho;;
Đà Nẵng;An Hải Bắc;Nhà riêng;thue;2026-06;;;;;;;;san;kiet;;
Đà Nẵng;An Hải Bắc;Nhà riêng;thue;2026-07;;;;;;;;san;lon;;
Đà Nẵng;An Hải Bắc;Nhà riêng;thue;2026-07;;;;;;;;san;nho;;
Đà Nẵng;An Hải Bắc;Nhà riêng;thue;2026-07;;;;;;;;san;kiet;;
Đà Nẵng;An Hải Bắc;Nhà riêng;thue;2026-08;;;;;;;;san;lon;;
Đà Nẵng;An Hải Bắc;Nhà riêng;thue;2026-08;;;;;;;;san;nho;;
Đà Nẵng;An Hải Bắc;Nhà riêng;thue;2026-08;;;;;;;;san;kiet;;
Đà Nẵng;An Hải Bắc;Nhà riêng;thue;2026-09;;;;;;;;san;lon;;
Đà Nẵng;An Hải Bắc;Nhà riêng;thue;2026-09;;;;;;;;san;nho;;
Đà Nẵng;An Hải Bắc;Nhà riêng;thue;2026-09;;;;;;;;san;kiet;;
Đà Nẵng;An Hải Bắc;Nhà riêng;ban;2024-10;;;;;;;;san;lon;;
Đà Nẵng;An Hải Bắc;Nhà riêng;ban;2024-10;;;;;;;;san;nho;;
Đà Nẵng;An Hải Bắc;Nhà riêng;ban;2024-10;;;;;;;;san;kiet;;
Đà Nẵng;An Hải Bắc;Nhà riêng;ban;2024-11;;;;;;;;san;lon;;
Đà Nẵng;An Hải Bắc;Nhà riêng;ban;2024-11;;;;;;;;san;nho;;
Đà Nẵng;An Hải Bắc;Nhà riêng;ban;2024-11;;;;;;;;san;kiet;;
Đà Nẵng;An Hải Bắc;Nhà riêng;ban;2024-12;;;;;;;;san;lon;;
Đà Nẵng;An Hải Bắc;Nhà riêng;ban;2024-12;;;;;;;;san;nho;;
Đà Nẵng;An Hải Bắc;Nhà riêng;ban;2024-12;;;;;;;;san;kiet;;
Đà Nẵng;An Hải Bắc;Nhà riêng;ban;2025-01;;;;;;;;san;lon;;
Đà Nẵng;An Hải Bắc;Nhà riêng;ban;2025-01;;;;;;;;san;nho;;
Đà Nẵng;An Hải Bắc;Nhà riêng;ban;2025-01;;;;;;;;san;kiet;;
Đà Nẵng;An Hải Bắc;Nhà riêng;ban;2025-02;;;;;;;;san;lon;;
Đà Nẵng;An Hải Bắc;Nhà riêng;ban;2025-02;;;;;;;;san;nho;;
Đà Nẵng;An Hải Bắc;Nhà riêng;ban;2025-02;;;;;;;;san;kiet;;
Đà Nẵng;An Hải Bắc;Nhà riêng;ban;2025-03;;;;;;;;san;lon;;
Đà Nẵng;An Hải Bắc;Nhà riêng;ban;2025-03;;;;;;;;san;nho;;
Đà Nẵng;An Hải Bắc;Nhà riêng;ban;2025-03;;;;;;;;san;kiet;;
Đà Nẵng;An Hải Bắc;Nhà riêng;ban;2025-04;;;;;;;;san;lon;;
Đà Nẵng;An Hải Bắc;Nhà riêng;ban;2025-04;;;;;;;;san;nho;;
Đà Nẵng;An Hải Bắc;Nhà riêng;ban;2025-04;;;;;;;;san;kiet;;
Đà Nẵng;An Hải Bắc;Nhà riêng;ban;2025-05;;;;;;;;san;lon;;
Đà Nẵng;An Hải Bắc;Nhà riêng;ban;2025-05;;;;;;;;san;nho;;
Đà Nẵng;An Hải Bắc;Nhà riêng;ban;2025-05;;;;;;;;san;kiet;;
Đà Nẵng;An Hải Bắc;Nhà riêng;ban;2025-06;;;;;;;;san;lon;;
Đà Nẵng;An Hải Bắc;Nhà riêng;ban;2025-06;;;;;;;;san;nho;;
Đà Nẵng;An Hải Bắc;Nhà riêng;ban;2025-06;;;;;;;;san;kiet;;
Đà Nẵng;An Hải Bắc;Nhà riêng;ban;2025-07;;;;;;;;san;lon;;
Đà Nẵng;An Hải Bắc;Nhà riêng;ban;2025-07;;;;;;;;san;nho;;
Đà Nẵng;An Hải Bắc;Nhà riêng;ban;2025-07;;;;;;;;san;kiet;;
Đà Nẵng;An Hải Bắc;Nhà riêng;ban;2025-08;;;;;;;;san;lon;;
Đà Nẵng;An Hải Bắc;Nhà riêng;ban;2025-08;;;;;;;;san;nho;;
Đà Nẵng;An Hải Bắc;Nhà riêng;ban;2025-08;;;;;;;;san;kiet;;
Đà Nẵng;An Hải Bắc;Nhà riêng;ban;2025-09;;;;;;;;san;lon;;
Đà Nẵng;An Hải Bắc;Nhà riêng;ban;2025-09;;;;;;;;san;nho;;
Đà Nẵng;An Hải Bắc;Nhà riêng;ban;2025-09;;;;;;;;san;kiet;;
Đà Nẵng;An Hải Bắc;Nhà riêng;ban;2025-10;;;;;;;;san;lon;;
Đà Nẵng;An Hải Bắc;Nhà riêng;ban;2025-10;;;;;;;;san;nho;;
Đà Nẵng;An Hải Bắc;Nhà riêng;ban;2025-10;;;;;;;;san;kiet;;
Đà Nẵng;An Hải Bắc;Nhà riêng;ban;2025-11;;;;;;;;san;lon;;
Đà Nẵng;An Hải Bắc;Nhà riêng;ban;2025-11;;;;;;;;san;nho;;
Đà Nẵng;An Hải Bắc;Nhà riêng;ban;2025-11;;;;;;;;san;kiet;;
Đà Nẵng;An Hải Bắc;Nhà riêng;ban;2025-12;;;;;;;;san;lon;;
Đà Nẵng;An Hải Bắc;Nhà riêng;ban;2025-12;;;;;;;;san;nho;;
Đà Nẵng;An Hải Bắc;Nhà riêng;ban;2025-12;;;;;;;;san;kiet;;
Đà Nẵng;An Hải Bắc;Nhà riêng;ban;2026-01;;;;;;;;san;lon;;
Đà Nẵng;An Hải Bắc;Nhà riêng;ban;2026-01;;;;;;;;san;nho;;
Đà Nẵng;An Hải Bắc;Nhà riêng;ban;2026-01;;;;;;;;san;kiet;;
Đà Nẵng;An Hải Bắc;Nhà riêng;ban;2026-02;;;;;;;;san;lon;;
Đà Nẵng;An Hải Bắc;Nhà riêng;ban;2026-02;;;;;;;;san;nho;;
Đà Nẵng;An Hải Bắc;Nhà riêng;ban;2026-02;;;;;;;;san;kiet;;
Đà Nẵng;An Hải Bắc;Nhà riêng;ban;2026-03;;;;;;;;san;lon;;
Đà Nẵng;An Hải Bắc;Nhà riêng;ban;2026-03;;;;;;;;san;nho;;
Đà Nẵng;An Hải Bắc;Nhà riêng;ban;2026-03;;;;;;;;san;kiet;;
Đà Nẵng;An Hải Bắc;Nhà riêng;ban;2026-04;;;;;;;;san;lon;;
Đà Nẵng;An Hải Bắc;Nhà riêng;ban;2026-04;;;;;;;;san;nho;;
Đà Nẵng;An Hải Bắc;Nhà riêng;ban;2026-04;;;;;;;;san;kiet;;
Đà Nẵng;An Hải Bắc;Nhà riêng;ban;2026-05;;;;;;;;san;lon;;
Đà Nẵng;An Hải Bắc;Nhà riêng;ban;2026-05;;;;;;;;san;nho;;
Đà Nẵng;An Hải Bắc;Nhà riêng;ban;2026-05;;;;;;;;san;kiet;;
Đà Nẵng;An Hải Bắc;Nhà riêng;ban;2026-06;;;;;;;;san;lon;;
Đà Nẵng;An Hải Bắc;Nhà riêng;ban;2026-06;;;;;;;;san;nho;;
Đà Nẵng;An Hải Bắc;Nhà riêng;ban;2026-06;;;;;;;;san;kiet;;
Đà Nẵng;An Hải Bắc;Nhà riêng;ban;2026-07;;;;;;;;san;lon;;
Đà Nẵng;An Hải Bắc;Nhà riêng;ban;2026-07;;;;;;;;san;nho;;
Đà Nẵng;An Hải Bắc;Nhà riêng;ban;2026-07;;;;;;;;san;kiet;;
Đà Nẵng;An Hải Bắc;Nhà riêng;ban;2026-08;;;;;;;;san;lon;;
Đà Nẵng;An Hải Bắc;Nhà riêng;ban;2026-08;;;;;;;;san;nho;;
Đà Nẵng;An Hải Bắc;Nhà riêng;ban;2026-08;;;;;;;;san;kiet;;
Đà Nẵng;An Hải Bắc;Nhà riêng;ban;2026-09;;;;;;;;san;lon;;
Đà Nẵng;An Hải Bắc;Nhà riêng;ban;2026-09;;;;;;;;san;nho;;
Đà Nẵng;An Hải Bắc;Nhà riêng;ban;2026-09;;;;;;;;san;kiet;;
Đà Nẵng;Phường Hòa Xuân;Nhà riêng;thue;2024-10;;;;;;;;san;lon;;
Đà Nẵng;Phường Hòa Xuân;Nhà riêng;thue;2024-10;;;;;;;;san;nho;;
Đà Nẵng;Phường Hòa Xuân;Nhà riêng;thue;2024-10;;;;;;;;san;kiet;;
Đà Nẵng;Phường Hòa Xuân;Nhà riêng;thue;2024-11;;;;;;;;san;lon;;
Đà Nẵng;Phường Hòa Xuân;Nhà riêng;thue;2024-11;;;;;;;;san;nho;;
Đà Nẵng;Phường Hòa Xuân;Nhà riêng;thue;2024-11;;;;;;;;san;kiet;;
Đà Nẵng;Phường Hòa Xuân;Nhà riêng;thue;2024-12;;;;;;;;san;lon;;
Đà Nẵng;Phường Hòa Xuân;Nhà riêng;thue;2024-12;;;;;;;;san;nho;;
Đà Nẵng;Phường Hòa Xuân;Nhà riêng;thue;2024-12;;;;;;;;san;kiet;;
Đà Nẵng;Phường Hòa Xuân;Nhà riêng;thue;2025-01;;;;;;;;san;lon;;
Đà Nẵng;Phường Hòa Xuân;Nhà riêng;thue;2025-01;;;;;;;;san;nho;;
Đà Nẵng;Phường Hòa Xuân;Nhà riêng;thue;2025-01;;;;;;;;san;kiet;;
Đà Nẵng;Phường Hòa Xuân;Nhà riêng;thue;2025-02;;;;;;;;san;lon;;
Đà Nẵng;Phường Hòa Xuân;Nhà riêng;thue;2025-02;;;;;;;;san;nho;;
Đà Nẵng;Phường Hòa Xuân;Nhà riêng;thue;2025-02;;;;;;;;san;kiet;;
Đà Nẵng;Phường Hòa Xuân;Nhà riêng;thue;2025-03;;;;;;;;san;lon;;
Đà Nẵng;Phường Hòa Xuân;Nhà riêng;thue;2025-03;;;;;;;;san;nho;;
Đà Nẵng;Phường Hòa Xuân;Nhà riêng;thue;2025-03;;;;;;;;san;kiet;;
Đà Nẵng;Phường Hòa Xuân;Nhà riêng;thue;2025-04;;;;;;;;san;lon;;
Đà Nẵng;Phường Hòa Xuân;Nhà riêng;thue;2025-04;;;;;;;;san;nho;;
Đà Nẵng;Phường Hòa Xuân;Nhà riêng;thue;2025-04;;;;;;;;san;kiet;;
Đà Nẵng;Phường Hòa Xuân;Nhà riêng;thue;2025-05;;;;;;;;san;lon;;
Đà Nẵng;Phường Hòa Xuân;Nhà riêng;thue;2025-05;;;;;;;;san;nho;;
Đà Nẵng;Phường Hòa Xuân;Nhà riêng;thue;2025-05;;;;;;;;san;kiet;;
Đà Nẵng;Phường Hòa Xuân;Nhà riêng;thue;2025-06;;;;;;;;san;lon;;
Đà Nẵng;Phường Hòa Xuân;Nhà riêng;thue;2025-06;;;;;;;;san;nho;;
Đà Nẵng;Phường Hòa Xuân;Nhà riêng;thue;2025-06;;;;;;;;san;kiet;;
Đà Nẵng;Phường Hòa Xuân;Nhà riêng;thue;2025-07;;;;;;;;san;lon;;
Đà Nẵng;Phường Hòa Xuân;Nhà riêng;thue;2025-07;;;;;;;;san;nho;;
Đà Nẵng;Phường Hòa Xuân;Nhà riêng;thue;2025-07;;;;;;;;san;kiet;;
Đà Nẵng;Phường Hòa Xuân;Nhà riêng;thue;2025-08;;;;;;;;san;lon;;
Đà Nẵng;Phường Hòa Xuân;Nhà riêng;thue;2025-08;;;;;;;;san;nho;;
Đà Nẵng;Phường Hòa Xuân;Nhà riêng;thue;2025-08;;;;;;;;san;kiet;;
Đà Nẵng;Phường Hòa Xuân;Nhà riêng;thue;2025-09;;;;;;;;san;lon;;
Đà Nẵng;Phường Hòa Xuân;Nhà riêng;thue;2025-09;;;;;;;;san;nho;;
Đà Nẵng;Phường Hòa Xuân;Nhà riêng;thue;2025-09;;;;;;;;san;kiet;;
Đà Nẵng;Phường Hòa Xuân;Nhà riêng;thue;2025-10;;;;;;;;san;lon;;
Đà Nẵng;Phường Hòa Xuân;Nhà riêng;thue;2025-10;;;;;;;;san;nho;;
Đà Nẵng;Phường Hòa Xuân;Nhà riêng;thue;2025-10;;;;;;;;san;kiet;;
Đà Nẵng;Phường Hòa Xuân;Nhà riêng;thue;2025-11;;;;;;;;san;lon;;
Đà Nẵng;Phường Hòa Xuân;Nhà riêng;thue;2025-11;;;;;;;;san;nho;;
Đà Nẵng;Phường Hòa Xuân;Nhà riêng;thue;2025-11;;;;;;;;san;kiet;;
Đà Nẵng;Phường Hòa Xuân;Nhà riêng;thue;2025-12;;;;;;;;san;lon;;
Đà Nẵng;Phường Hòa Xuân;Nhà riêng;thue;2025-12;;;;;;;;san;nho;;
Đà Nẵng;Phường Hòa Xuân;Nhà riêng;thue;2025-12;;;;;;;;san;kiet;;
Đà Nẵng;Phường Hòa Xuân;Nhà riêng;thue;2026-01;;;;;;;;san;lon;;
Đà Nẵng;Phường Hòa Xuân;Nhà riêng;thue;2026-01;;;;;;;;san;nho;;
Đà Nẵng;Phường Hòa Xuân;Nhà riêng;thue;2026-01;;;;;;;;san;kiet;;
Đà Nẵng;Phường Hòa Xuân;Nhà riêng;thue;2026-02;;;;;;;;san;lon;;
Đà Nẵng;Phường Hòa Xuân;Nhà riêng;thue;2026-02;;;;;;;;san;nho;;
Đà Nẵng;Phường Hòa Xuân;Nhà riêng;thue;2026-02;;;;;;;;san;kiet;;
Đà Nẵng;Phường Hòa Xuân;Nhà riêng;thue;2026-03;;;;;;;;san;lon;;
Đà Nẵng;Phường Hòa Xuân;Nhà riêng;thue;2026-03;;;;;;;;san;nho;;
Đà Nẵng;Phường Hòa Xuân;Nhà riêng;thue;2026-03;;;;;;;;san;kiet;;
Đà Nẵng;Phường Hòa Xuân;Nhà riêng;thue;2026-04;;;;;;;;san;lon;;
Đà Nẵng;Phường Hòa Xuân;Nhà riêng;thue;2026-04;;;;;;;;san;nho;;
Đà Nẵng;Phường Hòa Xuân;Nhà riêng;thue;2026-04;;;;;;;;san;kiet;;
Đà Nẵng;Phường Hòa Xuân;Nhà riêng;thue;2026-05;;;;;;;;san;lon;;
Đà Nẵng;Phường Hòa Xuân;Nhà riêng;thue;2026-05;;;;;;;;san;nho;;
Đà Nẵng;Phường Hòa Xuân;Nhà riêng;thue;2026-05;;;;;;;;san;kiet;;
Đà Nẵng;Phường Hòa Xuân;Nhà riêng;thue;2026-06;;;;;;;;san;lon;;
Đà Nẵng;Phường Hòa Xuân;Nhà riêng;thue;2026-06;;;;;;;;san;nho;;
Đà Nẵng;Phường Hòa Xuân;Nhà riêng;thue;2026-06;;;;;;;;san;kiet;;
Đà Nẵng;Phường Hòa Xuân;Nhà riêng;thue;2026-07;;;;;;;;san;lon;;
Đà Nẵng;Phường Hòa Xuân;Nhà riêng;thue;2026-07;;;;;;;;san;nho;;
Đà Nẵng;Phường Hòa Xuân;Nhà riêng;thue;2026-07;;;;;;;;san;kiet;;
Đà Nẵng;Phường Hòa Xuân;Nhà riêng;thue;2026-08;;;;;;;;san;lon;;
Đà Nẵng;Phường Hòa Xuân;Nhà riêng;thue;2026-08;;;;;;;;san;nho;;
Đà Nẵng;Phường Hòa Xuân;Nhà riêng;thue;2026-08;;;;;;;;san;kiet;;
Đà Nẵng;Phường Hòa Xuân;Nhà riêng;thue;2026-09;;;;;;;;san;lon;;
Đà Nẵng;Phường Hòa Xuân;Nhà riêng;thue;2026-09;;;;;;;;san;nho;;
Đà Nẵng;Phường Hòa Xuân;Nhà riêng;thue;2026-09;;;;;;;;san;kiet;;
Đà Nẵng;Hòa Minh;Nhà riêng;ban;2024-10;;;;;;;;san;lon;;
Đà Nẵng;Hòa Minh;Nhà riêng;ban;2024-10;;;;;;;;san;nho;;
Đà Nẵng;Hòa Minh;Nhà riêng;ban;2024-10;;;;;;;;san;kiet;;
Đà Nẵng;Hòa Minh;Nhà riêng;ban;2024-11;;;;;;;;san;lon;;
Đà Nẵng;Hòa Minh;Nhà riêng;ban;2024-11;;;;;;;;san;nho;;
Đà Nẵng;Hòa Minh;Nhà riêng;ban;2024-11;;;;;;;;san;kiet;;
Đà Nẵng;Hòa Minh;Nhà riêng;ban;2024-12;;;;;;;;san;lon;;
Đà Nẵng;Hòa Minh;Nhà riêng;ban;2024-12;;;;;;;;san;nho;;
Đà Nẵng;Hòa Minh;Nhà riêng;ban;2024-12;;;;;;;;san;kiet;;
Đà Nẵng;Hòa Minh;Nhà riêng;ban;2025-01;;;;;;;;san;lon;;
Đà Nẵng;Hòa Minh;Nhà riêng;ban;2025-01;;;;;;;;san;nho;;
Đà Nẵng;Hòa Minh;Nhà riêng;ban;2025-01;;;;;;;;san;kiet;;
Đà Nẵng;Hòa Minh;Nhà riêng;ban;2025-02;;;;;;;;san;lon;;
Đà Nẵng;Hòa Minh;Nhà riêng;ban;2025-02;;;;;;;;san;nho;;
Đà Nẵng;Hòa Minh;Nhà riêng;ban;2025-02;;;;;;;;san;kiet;;
Đà Nẵng;Hòa Minh;Nhà riêng;ban;2025-03;;;;;;;;san;lon;;
Đà Nẵng;Hòa Minh;Nhà riêng;ban;2025-03;;;;;;;;san;nho;;
Đà Nẵng;Hòa Minh;Nhà riêng;ban;2025-03;;;;;;;;san;kiet;;
Đà Nẵng;Hòa Minh;Nhà riêng;ban;2025-04;;;;;;;;san;lon;;
Đà Nẵng;Hòa Minh;Nhà riêng;ban;2025-04;;;;;;;;san;nho;;
Đà Nẵng;Hòa Minh;Nhà riêng;ban;2025-04;;;;;;;;san;kiet;;
Đà Nẵng;Hòa Minh;Nhà riêng;ban;2025-05;;;;;;;;san;lon;;
Đà Nẵng;Hòa Minh;Nhà riêng;ban;2025-05;;;;;;;;san;nho;;
Đà Nẵng;Hòa Minh;Nhà riêng;ban;2025-05;;;;;;;;san;kiet;;
Đà Nẵng;Hòa Minh;Nhà riêng;ban;2025-06;;;;;;;;san;lon;;
Đà Nẵng;Hòa Minh;Nhà riêng;ban;2025-06;;;;;;;;san;nho;;
Đà Nẵng;Hòa Minh;Nhà riêng;ban;2025-06;;;;;;;;san;kiet;;
Đà Nẵng;Hòa Minh;Nhà riêng;ban;2025-07;;;;;;;;san;lon;;
Đà Nẵng;Hòa Minh;Nhà riêng;ban;2025-07;;;;;;;;san;nho;;
Đà Nẵng;Hòa Minh;Nhà riêng;ban;2025-07;;;;;;;;san;kiet;;
Đà Nẵng;Hòa Minh;Nhà riêng;ban;2025-08;;;;;;;;san;lon;;
Đà Nẵng;Hòa Minh;Nhà riêng;ban;2025-08;;;;;;;;san;nho;;
Đà Nẵng;Hòa Minh;Nhà riêng;ban;2025-08;;;;;;;;san;kiet;;
Đà Nẵng;Hòa Minh;Nhà riêng;ban;2025-09;;;;;;;;san;lon;;
Đà Nẵng;Hòa Minh;Nhà riêng;ban;2025-09;;;;;;;;san;nho;;
Đà Nẵng;Hòa Minh;Nhà riêng;ban;2025-09;;;;;;;;san;kiet;;
Đà Nẵng;Hòa Minh;Nhà riêng;ban;2025-10;;;;;;;;san;lon;;
Đà Nẵng;Hòa Minh;Nhà riêng;ban;2025-10;;;;;;;;san;nho;;
Đà Nẵng;Hòa Minh;Nhà riêng;ban;2025-10;;;;;;;;san;kiet;;
Đà Nẵng;Hòa Minh;Nhà riêng;ban;2025-11;;;;;;;;san;lon;;
Đà Nẵng;Hòa Minh;Nhà riêng;ban;2025-11;;;;;;;;san;nho;;
Đà Nẵng;Hòa Minh;Nhà riêng;ban;2025-11;;;;;;;;san;kiet;;
Đà Nẵng;Hòa Minh;Nhà riêng;ban;2025-12;;;;;;;;san;lon;;
Đà Nẵng;Hòa Minh;Nhà riêng;ban;2025-12;;;;;;;;san;nho;;
Đà Nẵng;Hòa Minh;Nhà riêng;ban;2025-12;;;;;;;;san;kiet;;
Đà Nẵng;Hòa Minh;Nhà riêng;ban;2026-01;;;;;;;;san;lon;;
Đà Nẵng;Hòa Minh;Nhà riêng;ban;2026-01;;;;;;;;san;nho;;
Đà Nẵng;Hòa Minh;Nhà riêng;ban;2026-01;;;;;;;;san;kiet;;
Đà Nẵng;Hòa Minh;Nhà riêng;ban;2026-02;;;;;;;;san;lon;;
Đà Nẵng;Hòa Minh;Nhà riêng;ban;2026-02;;;;;;;;san;nho;;
Đà Nẵng;Hòa Minh;Nhà riêng;ban;2026-02;;;;;;;;san;kiet;;
Đà Nẵng;Hòa Minh;Nhà riêng;ban;2026-03;;;;;;;;san;lon;;
Đà Nẵng;Hòa Minh;Nhà riêng;ban;2026-03;;;;;;;;san;nho;;
Đà Nẵng;Hòa Minh;Nhà riêng;ban;2026-03;;;;;;;;san;kiet;;
Đà Nẵng;Hòa Minh;Nhà riêng;ban;2026-04;;;;;;;;san;lon;;
Đà Nẵng;Hòa Minh;Nhà riêng;ban;2026-04;;;;;;;;san;nho;;
Đà Nẵng;Hòa Minh;Nhà riêng;ban;2026-04;;;;;;;;san;kiet;;
Đà Nẵng;Hòa Minh;Nhà riêng;ban;2026-05;;;;;;;;san;lon;;
Đà Nẵng;Hòa Minh;Nhà riêng;ban;2026-05;;;;;;;;san;nho;;
Đà Nẵng;Hòa Minh;Nhà riêng;ban;2026-05;;;;;;;;san;kiet;;
Đà Nẵng;Hòa Minh;Nhà riêng;ban;2026-06;;;;;;;;san;lon;;
Đà Nẵng;Hòa Minh;Nhà riêng;ban;2026-06;;;;;;;;san;nho;;
Đà Nẵng;Hòa Minh;Nhà riêng;ban;2026-06;;;;;;;;san;kiet;;
Đà Nẵng;Hòa Minh;Nhà riêng;ban;2026-07;;;;;;;;san;lon;;
Đà Nẵng;Hòa Minh;Nhà riêng;ban;2026-07;;;;;;;;san;nho;;
Đà Nẵng;Hòa Minh;Nhà riêng;ban;2026-07;;;;;;;;san;kiet;;
Đà Nẵng;Hòa Minh;Nhà riêng;ban;2026-08;;;;;;;;san;lon;;
Đà Nẵng;Hòa Minh;Nhà riêng;ban;2026-08;;;;;;;;san;nho;;
Đà Nẵng;Hòa Minh;Nhà riêng;ban;2026-08;;;;;;;;san;kiet;;
Đà Nẵng;Hòa Minh;Nhà riêng;ban;2026-09;;;;;;;;san;lon;;
Đà Nẵng;Hòa Minh;Nhà riêng;ban;2026-09;;;;;;;;san;nho;;
Đà Nẵng;Hòa Minh;Nhà riêng;ban;2026-09;;;;;;;;san;kiet;;
Đà Nẵng;Phường Hòa Khánh;Nhà riêng;ban;2024-10;;;;;;;;san;lon;;
Đà Nẵng;Phường Hòa Khánh;Nhà riêng;ban;2024-10;;;;;;;;san;nho;;
Đà Nẵng;Phường Hòa Khánh;Nhà riêng;ban;2024-10;;;;;;;;san;kiet;;
Đà Nẵng;Phường Hòa Khánh;Nhà riêng;ban;2024-11;;;;;;;;san;lon;;
Đà Nẵng;Phường Hòa Khánh;Nhà riêng;ban;2024-11;;;;;;;;san;nho;;
Đà Nẵng;Phường Hòa Khánh;Nhà riêng;ban;2024-11;;;;;;;;san;kiet;;
Đà Nẵng;Phường Hòa Khánh;Nhà riêng;ban;2024-12;;;;;;;;san;lon;;
Đà Nẵng;Phường Hòa Khánh;Nhà riêng;ban;2024-12;;;;;;;;san;nho;;
Đà Nẵng;Phường Hòa Khánh;Nhà riêng;ban;2024-12;;;;;;;;san;kiet;;
Đà Nẵng;Phường Hòa Khánh;Nhà riêng;ban;2025-01;;;;;;;;san;lon;;
Đà Nẵng;Phường Hòa Khánh;Nhà riêng;ban;2025-01;;;;;;;;san;nho;;
Đà Nẵng;Phường Hòa Khánh;Nhà riêng;ban;2025-01;;;;;;;;san;kiet;;
Đà Nẵng;Phường Hòa Khánh;Nhà riêng;ban;2025-02;;;;;;;;san;lon;;
Đà Nẵng;Phường Hòa Khánh;Nhà riêng;ban;2025-02;;;;;;;;san;nho;;
Đà Nẵng;Phường Hòa Khánh;Nhà riêng;ban;2025-02;;;;;;;;san;kiet;;
Đà Nẵng;Phường Hòa Khánh;Nhà riêng;ban;2025-03;;;;;;;;san;lon;;
Đà Nẵng;Phường Hòa Khánh;Nhà riêng;ban;2025-03;;;;;;;;san;nho;;
Đà Nẵng;Phường Hòa Khánh;Nhà riêng;ban;2025-03;;;;;;;;san;kiet;;
Đà Nẵng;Phường Hòa Khánh;Nhà riêng;ban;2025-04;;;;;;;;san;lon;;
Đà Nẵng;Phường Hòa Khánh;Nhà riêng;ban;2025-04;;;;;;;;san;nho;;
Đà Nẵng;Phường Hòa Khánh;Nhà riêng;ban;2025-04;;;;;;;;san;kiet;;
Đà Nẵng;Phường Hòa Khánh;Nhà riêng;ban;2025-05;;;;;;;;san;lon;;
Đà Nẵng;Phường Hòa Khánh;Nhà riêng;ban;2025-05;;;;;;;;san;nho;;
Đà Nẵng;Phường Hòa Khánh;Nhà riêng;ban;2025-05;;;;;;;;san;kiet;;
Đà Nẵng;Phường Hòa Khánh;Nhà riêng;ban;2025-06;;;;;;;;san;lon;;
Đà Nẵng;Phường Hòa Khánh;Nhà riêng;ban;2025-06;;;;;;;;san;nho;;
Đà Nẵng;Phường Hòa Khánh;Nhà riêng;ban;2025-06;;;;;;;;san;kiet;;
Đà Nẵng;Phường Hòa Khánh;Nhà riêng;ban;2025-07;;;;;;;;san;lon;;
Đà Nẵng;Phường Hòa Khánh;Nhà riêng;ban;2025-07;;;;;;;;san;nho;;
Đà Nẵng;Phường Hòa Khánh;Nhà riêng;ban;2025-07;;;;;;;;san;kiet;;
Đà Nẵng;Phường Hòa Khánh;Nhà riêng;ban;2025-08;;;;;;;;san;lon;;
Đà Nẵng;Phường Hòa Khánh;Nhà riêng;ban;2025-08;;;;;;;;san;nho;;
Đà Nẵng;Phường Hòa Khánh;Nhà riêng;ban;2025-08;;;;;;;;san;kiet;;
Đà Nẵng;Phường Hòa Khánh;Nhà riêng;ban;2025-09;;;;;;;;san;lon;;
Đà Nẵng;Phường Hòa Khánh;Nhà riêng;ban;2025-09;;;;;;;;san;nho;;
Đà Nẵng;Phường Hòa Khánh;Nhà riêng;ban;2025-09;;;;;;;;san;kiet;;
Đà Nẵng;Phường Hòa Khánh;Nhà riêng;ban;2025-10;;;;;;;;san;lon;;
Đà Nẵng;Phường Hòa Khánh;Nhà riêng;ban;2025-10;;;;;;;;san;nho;;
Đà Nẵng;Phường Hòa Khánh;Nhà riêng;ban;2025-10;;;;;;;;san;kiet;;
Đà Nẵng;Phường Hòa Khánh;Nhà riêng;ban;2025-11;;;;;;;;san;lon;;
Đà Nẵng;Phường Hòa Khánh;Nhà riêng;ban;2025-11;;;;;;;;san;nho;;
Đà Nẵng;Phường Hòa Khánh;Nhà riêng;ban;2025-11;;;;;;;;san;kiet;;
Đà Nẵng;Phường Hòa Khánh;Nhà riêng;ban;2025-12;;;;;;;;san;lon;;
Đà Nẵng;Phường Hòa Khánh;Nhà riêng;ban;2025-12;;;;;;;;san;nho;;
Đà Nẵng;Phường Hòa Khánh;Nhà riêng;ban;2025-12;;;;;;;;san;kiet;;
Đà Nẵng;Phường Hòa Khánh;Nhà riêng;ban;2026-01;;;;;;;;san;lon;;
Đà Nẵng;Phường Hòa Khánh;Nhà riêng;ban;2026-01;;;;;;;;san;nho;;
Đà Nẵng;Phường Hòa Khánh;Nhà riêng;ban;2026-01;;;;;;;;san;kiet;;
Đà Nẵng;Phường Hòa Khánh;Nhà riêng;ban;2026-02;;;;;;;;san;lon;;
Đà Nẵng;Phường Hòa Khánh;Nhà riêng;ban;2026-02;;;;;;;;san;nho;;
Đà Nẵng;Phường Hòa Khánh;Nhà riêng;ban;2026-02;;;;;;;;san;kiet;;
Đà Nẵng;Phường Hòa Khánh;Nhà riêng;ban;2026-03;;;;;;;;san;lon;;
Đà Nẵng;Phường Hòa Khánh;Nhà riêng;ban;2026-03;;;;;;;;san;nho;;
Đà Nẵng;Phường Hòa Khánh;Nhà riêng;ban;2026-03;;;;;;;;san;kiet;;
Đà Nẵng;Phường Hòa Khánh;Nhà riêng;ban;2026-04;;;;;;;;san;lon;;
Đà Nẵng;Phường Hòa Khánh;Nhà riêng;ban;2026-04;;;;;;;;san;nho;;
Đà Nẵng;Phường Hòa Khánh;Nhà riêng;ban;2026-04;;;;;;;;san;kiet;;
Đà Nẵng;Phường Hòa Khánh;Nhà riêng;ban;2026-05;;;;;;;;san;lon;;
Đà Nẵng;Phường Hòa Khánh;Nhà riêng;ban;2026-05;;;;;;;;san;nho;;
Đà Nẵng;Phường Hòa Khánh;Nhà riêng;ban;2026-05;;;;;;;;san;kiet;;
Đà Nẵng;Phường Hòa Khánh;Nhà riêng;ban;2026-06;;;;;;;;san;lon;;
Đà Nẵng;Phường Hòa Khánh;Nhà riêng;ban;2026-06;;;;;;;;san;nho;;
Đà Nẵng;Phường Hòa Khánh;Nhà riêng;ban;2026-06;;;;;;;;san;kiet;;
Đà Nẵng;Phường Hòa Khánh;Nhà riêng;ban;2026-07;;;;;;;;san;lon;;
Đà Nẵng;Phường Hòa Khánh;Nhà riêng;ban;2026-07;;;;;;;;san;nho;;
Đà Nẵng;Phường Hòa Khánh;Nhà riêng;ban;2026-07;;;;;;;;san;kiet;;
Đà Nẵng;Phường Hòa Khánh;Nhà riêng;ban;2026-08;;;;;;;;san;lon;;
Đà Nẵng;Phường Hòa Khánh;Nhà riêng;ban;2026-08;;;;;;;;san;nho;;
Đà Nẵng;Phường Hòa Khánh;Nhà riêng;ban;2026-08;;;;;;;;san;kiet;;
Đà Nẵng;Phường Hòa Khánh;Nhà riêng;ban;2026-09;;;;;;;;san;lon;;
Đà Nẵng;Phường Hòa Khánh;Nhà riêng;ban;2026-09;;;;;;;;san;nho;;
Đà Nẵng;Phường Hòa Khánh;Nhà riêng;ban;2026-09;;;;;;;;san;kiet;;
Đà Nẵng;Phường Sơn Trà;Nhà riêng;ban;2024-10;;;;;;;;san;lon;;
Đà Nẵng;Phường Sơn Trà;Nhà riêng;ban;2024-10;;;;;;;;san;nho;;
Đà Nẵng;Phường Sơn Trà;Nhà riêng;ban;2024-10;;;;;;;;san;kiet;;
Đà Nẵng;Phường Sơn Trà;Nhà riêng;ban;2024-11;;;;;;;;san;lon;;
Đà Nẵng;Phường Sơn Trà;Nhà riêng;ban;2024-11;;;;;;;;san;nho;;
Đà Nẵng;Phường Sơn Trà;Nhà riêng;ban;2024-11;;;;;;;;san;kiet;;
Đà Nẵng;Phường Sơn Trà;Nhà riêng;ban;2024-12;;;;;;;;san;lon;;
Đà Nẵng;Phường Sơn Trà;Nhà riêng;ban;2024-12;;;;;;;;san;nho;;
Đà Nẵng;Phường Sơn Trà;Nhà riêng;ban;2024-12;;;;;;;;san;kiet;;
Đà Nẵng;Phường Sơn Trà;Nhà riêng;ban;2025-01;;;;;;;;san;lon;;
Đà Nẵng;Phường Sơn Trà;Nhà riêng;ban;2025-01;;;;;;;;san;nho;;
Đà Nẵng;Phường Sơn Trà;Nhà riêng;ban;2025-01;;;;;;;;san;kiet;;
Đà Nẵng;Phường Sơn Trà;Nhà riêng;ban;2025-02;;;;;;;;san;lon;;
Đà Nẵng;Phường Sơn Trà;Nhà riêng;ban;2025-02;;;;;;;;san;nho;;
Đà Nẵng;Phường Sơn Trà;Nhà riêng;ban;2025-02;;;;;;;;san;kiet;;
Đà Nẵng;Phường Sơn Trà;Nhà riêng;ban;2025-03;;;;;;;;san;lon;;
Đà Nẵng;Phường Sơn Trà;Nhà riêng;ban;2025-03;;;;;;;;san;nho;;
Đà Nẵng;Phường Sơn Trà;Nhà riêng;ban;2025-03;;;;;;;;san;kiet;;
Đà Nẵng;Phường Sơn Trà;Nhà riêng;ban;2025-04;;;;;;;;san;lon;;
Đà Nẵng;Phường Sơn Trà;Nhà riêng;ban;2025-04;;;;;;;;san;nho;;
Đà Nẵng;Phường Sơn Trà;Nhà riêng;ban;2025-04;;;;;;;;san;kiet;;
Đà Nẵng;Phường Sơn Trà;Nhà riêng;ban;2025-05;;;;;;;;san;lon;;
Đà Nẵng;Phường Sơn Trà;Nhà riêng;ban;2025-05;;;;;;;;san;nho;;
Đà Nẵng;Phường Sơn Trà;Nhà riêng;ban;2025-05;;;;;;;;san;kiet;;
Đà Nẵng;Phường Sơn Trà;Nhà riêng;ban;2025-06;;;;;;;;san;lon;;
Đà Nẵng;Phường Sơn Trà;Nhà riêng;ban;2025-06;;;;;;;;san;nho;;
Đà Nẵng;Phường Sơn Trà;Nhà riêng;ban;2025-06;;;;;;;;san;kiet;;
Đà Nẵng;Phường Sơn Trà;Nhà riêng;ban;2025-07;;;;;;;;san;lon;;
Đà Nẵng;Phường Sơn Trà;Nhà riêng;ban;2025-07;;;;;;;;san;nho;;
Đà Nẵng;Phường Sơn Trà;Nhà riêng;ban;2025-07;;;;;;;;san;kiet;;
Đà Nẵng;Phường Sơn Trà;Nhà riêng;ban;2025-08;;;;;;;;san;lon;;
Đà Nẵng;Phường Sơn Trà;Nhà riêng;ban;2025-08;;;;;;;;san;nho;;
Đà Nẵng;Phường Sơn Trà;Nhà riêng;ban;2025-08;;;;;;;;san;kiet;;
Đà Nẵng;Phường Sơn Trà;Nhà riêng;ban;2025-09;;;;;;;;san;lon;;
Đà Nẵng;Phường Sơn Trà;Nhà riêng;ban;2025-09;;;;;;;;san;nho;;
Đà Nẵng;Phường Sơn Trà;Nhà riêng;ban;2025-09;;;;;;;;san;kiet;;
Đà Nẵng;Phường Sơn Trà;Nhà riêng;ban;2025-10;;;;;;;;san;lon;;
Đà Nẵng;Phường Sơn Trà;Nhà riêng;ban;2025-10;;;;;;;;san;nho;;
Đà Nẵng;Phường Sơn Trà;Nhà riêng;ban;2025-10;;;;;;;;san;kiet;;
Đà Nẵng;Phường Sơn Trà;Nhà riêng;ban;2025-11;;;;;;;;san;lon;;
Đà Nẵng;Phường Sơn Trà;Nhà riêng;ban;2025-11;;;;;;;;san;nho;;
Đà Nẵng;Phường Sơn Trà;Nhà riêng;ban;2025-11;;;;;;;;san;kiet;;
Đà Nẵng;Phường Sơn Trà;Nhà riêng;ban;2025-12;;;;;;;;san;lon;;
Đà Nẵng;Phường Sơn Trà;Nhà riêng;ban;2025-12;;;;;;;;san;nho;;
Đà Nẵng;Phường Sơn Trà;Nhà riêng;ban;2025-12;;;;;;;;san;kiet;;
Đà Nẵng;Phường Sơn Trà;Nhà riêng;ban;2026-01;;;;;;;;san;lon;;
Đà Nẵng;Phường Sơn Trà;Nhà riêng;ban;2026-01;;;;;;;;san;nho;;
Đà Nẵng;Phường Sơn Trà;Nhà riêng;ban;2026-01;;;;;;;;san;kiet;;
Đà Nẵng;Phường Sơn Trà;Nhà riêng;ban;2026-02;;;;;;;;san;lon;;
Đà Nẵng;Phường Sơn Trà;Nhà riêng;ban;2026-02;;;;;;;;san;nho;;
Đà Nẵng;Phường Sơn Trà;Nhà riêng;ban;2026-02;;;;;;;;san;kiet;;
Đà Nẵng;Phường Sơn Trà;Nhà riêng;ban;2026-03;;;;;;;;san;lon;;
Đà Nẵng;Phường Sơn Trà;Nhà riêng;ban;2026-03;;;;;;;;san;nho;;
Đà Nẵng;Phường Sơn Trà;Nhà riêng;ban;2026-03;;;;;;;;san;kiet;;
Đà Nẵng;Phường Sơn Trà;Nhà riêng;ban;2026-04;;;;;;;;san;lon;;
Đà Nẵng;Phường Sơn Trà;Nhà riêng;ban;2026-04;;;;;;;;san;nho;;
Đà Nẵng;Phường Sơn Trà;Nhà riêng;ban;2026-04;;;;;;;;san;kiet;;
Đà Nẵng;Phường Sơn Trà;Nhà riêng;ban;2026-05;;;;;;;;san;lon;;
Đà Nẵng;Phường Sơn Trà;Nhà riêng;ban;2026-05;;;;;;;;san;nho;;
Đà Nẵng;Phường Sơn Trà;Nhà riêng;ban;2026-05;;;;;;;;san;kiet;;
Đà Nẵng;Phường Sơn Trà;Nhà riêng;ban;2026-06;;;;;;;;san;lon;;
Đà Nẵng;Phường Sơn Trà;Nhà riêng;ban;2026-06;;;;;;;;san;nho;;
Đà Nẵng;Phường Sơn Trà;Nhà riêng;ban;2026-06;;;;;;;;san;kiet;;
Đà Nẵng;Phường Sơn Trà;Nhà riêng;ban;2026-07;;;;;;;;san;lon;;
Đà Nẵng;Phường Sơn Trà;Nhà riêng;ban;2026-07;;;;;;;;san;nho;;
Đà Nẵng;Phường Sơn Trà;Nhà riêng;ban;2026-07;;;;;;;;san;kiet;;
Đà Nẵng;Phường Sơn Trà;Nhà riêng;ban;2026-08;;;;;;;;san;lon;;
Đà Nẵng;Phường Sơn Trà;Nhà riêng;ban;2026-08;;;;;;;;san;nho;;
Đà Nẵng;Phường Sơn Trà;Nhà riêng;ban;2026-08;;;;;;;;san;kiet;;
Đà Nẵng;Phường Sơn Trà;Nhà riêng;ban;2026-09;;;;;;;;san;lon;;
Đà Nẵng;Phường Sơn Trà;Nhà riêng;ban;2026-09;;;;;;;;san;nho;;
Đà Nẵng;Phường Sơn Trà;Nhà riêng;ban;2026-09;;;;;;;;san;kiet;;
Đà Nẵng;Phường Hòa Xuân;Nhà riêng;ban;2024-10;;;;;;;;san;lon;;
Đà Nẵng;Phường Hòa Xuân;Nhà riêng;ban;2024-10;;;;;;;;san;nho;;
Đà Nẵng;Phường Hòa Xuân;Nhà riêng;ban;2024-10;;;;;;;;san;kiet;;
Đà Nẵng;Phường Hòa Xuân;Nhà riêng;ban;2024-11;;;;;;;;san;lon;;
Đà Nẵng;Phường Hòa Xuân;Nhà riêng;ban;2024-11;;;;;;;;san;nho;;
Đà Nẵng;Phường Hòa Xuân;Nhà riêng;ban;2024-11;;;;;;;;san;kiet;;
Đà Nẵng;Phường Hòa Xuân;Nhà riêng;ban;2024-12;;;;;;;;san;lon;;
Đà Nẵng;Phường Hòa Xuân;Nhà riêng;ban;2024-12;;;;;;;;san;nho;;
Đà Nẵng;Phường Hòa Xuân;Nhà riêng;ban;2024-12;;;;;;;;san;kiet;;
Đà Nẵng;Phường Hòa Xuân;Nhà riêng;ban;2025-01;;;;;;;;san;lon;;
Đà Nẵng;Phường Hòa Xuân;Nhà riêng;ban;2025-01;;;;;;;;san;nho;;
Đà Nẵng;Phường Hòa Xuân;Nhà riêng;ban;2025-01;;;;;;;;san;kiet;;
Đà Nẵng;Phường Hòa Xuân;Nhà riêng;ban;2025-02;;;;;;;;san;lon;;
Đà Nẵng;Phường Hòa Xuân;Nhà riêng;ban;2025-02;;;;;;;;san;nho;;
Đà Nẵng;Phường Hòa Xuân;Nhà riêng;ban;2025-02;;;;;;;;san;kiet;;
Đà Nẵng;Phường Hòa Xuân;Nhà riêng;ban;2025-03;;;;;;;;san;lon;;
Đà Nẵng;Phường Hòa Xuân;Nhà riêng;ban;2025-03;;;;;;;;san;nho;;
Đà Nẵng;Phường Hòa Xuân;Nhà riêng;ban;2025-03;;;;;;;;san;kiet;;
Đà Nẵng;Phường Hòa Xuân;Nhà riêng;ban;2025-04;;;;;;;;san;lon;;
Đà Nẵng;Phường Hòa Xuân;Nhà riêng;ban;2025-04;;;;;;;;san;nho;;
Đà Nẵng;Phường Hòa Xuân;Nhà riêng;ban;2025-04;;;;;;;;san;kiet;;
Đà Nẵng;Phường Hòa Xuân;Nhà riêng;ban;2025-05;;;;;;;;san;lon;;
Đà Nẵng;Phường Hòa Xuân;Nhà riêng;ban;2025-05;;;;;;;;san;nho;;
Đà Nẵng;Phường Hòa Xuân;Nhà riêng;ban;2025-05;;;;;;;;san;kiet;;
Đà Nẵng;Phường Hòa Xuân;Nhà riêng;ban;2025-06;;;;;;;;san;lon;;
Đà Nẵng;Phường Hòa Xuân;Nhà riêng;ban;2025-06;;;;;;;;san;nho;;
Đà Nẵng;Phường Hòa Xuân;Nhà riêng;ban;2025-06;;;;;;;;san;kiet;;
Đà Nẵng;Phường Hòa Xuân;Nhà riêng;ban;2025-07;;;;;;;;san;lon;;
Đà Nẵng;Phường Hòa Xuân;Nhà riêng;ban;2025-07;;;;;;;;san;nho;;
Đà Nẵng;Phường Hòa Xuân;Nhà riêng;ban;2025-07;;;;;;;;san;kiet;;
Đà Nẵng;Phường Hòa Xuân;Nhà riêng;ban;2025-08;;;;;;;;san;lon;;
Đà Nẵng;Phường Hòa Xuân;Nhà riêng;ban;2025-08;;;;;;;;san;nho;;
Đà Nẵng;Phường Hòa Xuân;Nhà riêng;ban;2025-08;;;;;;;;san;kiet;;
Đà Nẵng;Phường Hòa Xuân;Nhà riêng;ban;2025-09;;;;;;;;san;lon;;
Đà Nẵng;Phường Hòa Xuân;Nhà riêng;ban;2025-09;;;;;;;;san;nho;;
Đà Nẵng;Phường Hòa Xuân;Nhà riêng;ban;2025-09;;;;;;;;san;kiet;;
Đà Nẵng;Phường Hòa Xuân;Nhà riêng;ban;2025-10;;;;;;;;san;lon;;
Đà Nẵng;Phường Hòa Xuân;Nhà riêng;ban;2025-10;;;;;;;;san;nho;;
Đà Nẵng;Phường Hòa Xuân;Nhà riêng;ban;2025-10;;;;;;;;san;kiet;;
Đà Nẵng;Phường Hòa Xuân;Nhà riêng;ban;2025-11;;;;;;;;san;lon;;
Đà Nẵng;Phường Hòa Xuân;Nhà riêng;ban;2025-11;;;;;;;;san;nho;;
Đà Nẵng;Phường Hòa Xuân;Nhà riêng;ban;2025-11;;;;;;;;san;kiet;;
Đà Nẵng;Phường Hòa Xuân;Nhà riêng;ban;2025-12;;;;;;;;san;lon;;
Đà Nẵng;Phường Hòa Xuân;Nhà riêng;ban;2025-12;;;;;;;;san;nho;;
Đà Nẵng;Phường Hòa Xuân;Nhà riêng;ban;2025-12;;;;;;;;san;kiet;;
Đà Nẵng;Phường Hòa Xuân;Nhà riêng;ban;2026-01;;;;;;;;san;lon;;
Đà Nẵng;Phường Hòa Xuân;Nhà riêng;ban;2026-01;;;;;;;;san;nho;;
Đà Nẵng;Phường Hòa Xuân;Nhà riêng;ban;2026-01;;;;;;;;san;kiet;;
Đà Nẵng;Phường Hòa Xuân;Nhà riêng;ban;2026-02;;;;;;;;san;lon;;
Đà Nẵng;Phường Hòa Xuân;Nhà riêng;ban;2026-02;;;;;;;;san;nho;;
Đà Nẵng;Phường Hòa Xuân;Nhà riêng;ban;2026-02;;;;;;;;san;kiet;;
Đà Nẵng;Phường Hòa Xuân;Nhà riêng;ban;2026-03;;;;;;;;san;lon;;
Đà Nẵng;Phường Hòa Xuân;Nhà riêng;ban;2026-03;;;;;;;;san;nho;;
Đà Nẵng;Phường Hòa Xuân;Nhà riêng;ban;2026-03;;;;;;;;san;kiet;;
Đà Nẵng;Phường Hòa Xuân;Nhà riêng;ban;2026-04;;;;;;;;san;lon;;
Đà Nẵng;Phường Hòa Xuân;Nhà riêng;ban;2026-04;;;;;;;;san;nho;;
Đà Nẵng;Phường Hòa Xuân;Nhà riêng;ban;2026-04;;;;;;;;san;kiet;;
Đà Nẵng;Phường Hòa Xuân;Nhà riêng;ban;2026-05;;;;;;;;san;lon;;
Đà Nẵng;Phường Hòa Xuân;Nhà riêng;ban;2026-05;;;;;;;;san;nho;;
Đà Nẵng;Phường Hòa Xuân;Nhà riêng;ban;2026-05;;;;;;;;san;kiet;;
Đà Nẵng;Phường Hòa Xuân;Nhà riêng;ban;2026-06;;;;;;;;san;lon;;
Đà Nẵng;Phường Hòa Xuân;Nhà riêng;ban;2026-06;;;;;;;;san;nho;;
Đà Nẵng;Phường Hòa Xuân;Nhà riêng;ban;2026-06;;;;;;;;san;kiet;;
Đà Nẵng;Phường Hòa Xuân;Nhà riêng;ban;2026-07;;;;;;;;san;lon;;
Đà Nẵng;Phường Hòa Xuân;Nhà riêng;ban;2026-07;;;;;;;;san;nho;;
Đà Nẵng;Phường Hòa Xuân;Nhà riêng;ban;2026-07;;;;;;;;san;kiet;;
Đà Nẵng;Phường Hòa Xuân;Nhà riêng;ban;2026-08;;;;;;;;san;lon;;
Đà Nẵng;Phường Hòa Xuân;Nhà riêng;ban;2026-08;;;;;;;;san;nho;;
Đà Nẵng;Phường Hòa Xuân;Nhà riêng;ban;2026-08;;;;;;;;san;kiet;;
Đà Nẵng;Phường Hòa Xuân;Nhà riêng;ban;2026-09;;;;;;;;san;lon;;
Đà Nẵng;Phường Hòa Xuân;Nhà riêng;ban;2026-09;;;;;;;;san;nho;;
Đà Nẵng;Phường Hòa Xuân;Nhà riêng;ban;2026-09;;;;;;;;san;kiet;;
Đà Nẵng;Phường An Hải;Thuê đất / Nhà xưởng / Kho bãi;thue;2024-10;;;;;;;;dat;lon;;
Đà Nẵng;Phường An Hải;Thuê đất / Nhà xưởng / Kho bãi;thue;2024-10;;;;;;;;dat;nho;;
Đà Nẵng;Phường An Hải;Thuê đất / Nhà xưởng / Kho bãi;thue;2024-10;;;;;;;;dat;kiet;;
Đà Nẵng;Phường An Hải;Thuê đất / Nhà xưởng / Kho bãi;thue;2024-11;;;;;;;;dat;lon;;
Đà Nẵng;Phường An Hải;Thuê đất / Nhà xưởng / Kho bãi;thue;2024-11;;;;;;;;dat;nho;;
Đà Nẵng;Phường An Hải;Thuê đất / Nhà xưởng / Kho bãi;thue;2024-11;;;;;;;;dat;kiet;;
Đà Nẵng;Phường An Hải;Thuê đất / Nhà xưởng / Kho bãi;thue;2024-12;;;;;;;;dat;lon;;
Đà Nẵng;Phường An Hải;Thuê đất / Nhà xưởng / Kho bãi;thue;2024-12;;;;;;;;dat;nho;;
Đà Nẵng;Phường An Hải;Thuê đất / Nhà xưởng / Kho bãi;thue;2024-12;;;;;;;;dat;kiet;;
Đà Nẵng;Phường An Hải;Thuê đất / Nhà xưởng / Kho bãi;thue;2025-01;;;;;;;;dat;lon;;
Đà Nẵng;Phường An Hải;Thuê đất / Nhà xưởng / Kho bãi;thue;2025-01;;;;;;;;dat;nho;;
Đà Nẵng;Phường An Hải;Thuê đất / Nhà xưởng / Kho bãi;thue;2025-01;;;;;;;;dat;kiet;;
Đà Nẵng;Phường An Hải;Thuê đất / Nhà xưởng / Kho bãi;thue;2025-02;;;;;;;;dat;lon;;
Đà Nẵng;Phường An Hải;Thuê đất / Nhà xưởng / Kho bãi;thue;2025-02;;;;;;;;dat;nho;;
Đà Nẵng;Phường An Hải;Thuê đất / Nhà xưởng / Kho bãi;thue;2025-02;;;;;;;;dat;kiet;;
Đà Nẵng;Phường An Hải;Thuê đất / Nhà xưởng / Kho bãi;thue;2025-03;;;;;;;;dat;lon;;
Đà Nẵng;Phường An Hải;Thuê đất / Nhà xưởng / Kho bãi;thue;2025-03;;;;;;;;dat;nho;;
Đà Nẵng;Phường An Hải;Thuê đất / Nhà xưởng / Kho bãi;thue;2025-03;;;;;;;;dat;kiet;;
Đà Nẵng;Phường An Hải;Thuê đất / Nhà xưởng / Kho bãi;thue;2025-04;;;;;;;;dat;lon;;
Đà Nẵng;Phường An Hải;Thuê đất / Nhà xưởng / Kho bãi;thue;2025-04;;;;;;;;dat;nho;;
Đà Nẵng;Phường An Hải;Thuê đất / Nhà xưởng / Kho bãi;thue;2025-04;;;;;;;;dat;kiet;;
Đà Nẵng;Phường An Hải;Thuê đất / Nhà xưởng / Kho bãi;thue;2025-05;;;;;;;;dat;lon;;
Đà Nẵng;Phường An Hải;Thuê đất / Nhà xưởng / Kho bãi;thue;2025-05;;;;;;;;dat;nho;;
Đà Nẵng;Phường An Hải;Thuê đất / Nhà xưởng / Kho bãi;thue;2025-05;;;;;;;;dat;kiet;;
Đà Nẵng;Phường An Hải;Thuê đất / Nhà xưởng / Kho bãi;thue;2025-06;;;;;;;;dat;lon;;
Đà Nẵng;Phường An Hải;Thuê đất / Nhà xưởng / Kho bãi;thue;2025-06;;;;;;;;dat;nho;;
Đà Nẵng;Phường An Hải;Thuê đất / Nhà xưởng / Kho bãi;thue;2025-06;;;;;;;;dat;kiet;;
Đà Nẵng;Phường An Hải;Thuê đất / Nhà xưởng / Kho bãi;thue;2025-07;;;;;;;;dat;lon;;
Đà Nẵng;Phường An Hải;Thuê đất / Nhà xưởng / Kho bãi;thue;2025-07;;;;;;;;dat;nho;;
Đà Nẵng;Phường An Hải;Thuê đất / Nhà xưởng / Kho bãi;thue;2025-07;;;;;;;;dat;kiet;;
Đà Nẵng;Phường An Hải;Thuê đất / Nhà xưởng / Kho bãi;thue;2025-08;;;;;;;;dat;lon;;
Đà Nẵng;Phường An Hải;Thuê đất / Nhà xưởng / Kho bãi;thue;2025-08;;;;;;;;dat;nho;;
Đà Nẵng;Phường An Hải;Thuê đất / Nhà xưởng / Kho bãi;thue;2025-08;;;;;;;;dat;kiet;;
Đà Nẵng;Phường An Hải;Thuê đất / Nhà xưởng / Kho bãi;thue;2025-09;;;;;;;;dat;lon;;
Đà Nẵng;Phường An Hải;Thuê đất / Nhà xưởng / Kho bãi;thue;2025-09;;;;;;;;dat;nho;;
Đà Nẵng;Phường An Hải;Thuê đất / Nhà xưởng / Kho bãi;thue;2025-09;;;;;;;;dat;kiet;;
Đà Nẵng;Phường An Hải;Thuê đất / Nhà xưởng / Kho bãi;thue;2025-10;;;;;;;;dat;lon;;
Đà Nẵng;Phường An Hải;Thuê đất / Nhà xưởng / Kho bãi;thue;2025-10;;;;;;;;dat;nho;;
Đà Nẵng;Phường An Hải;Thuê đất / Nhà xưởng / Kho bãi;thue;2025-10;;;;;;;;dat;kiet;;
Đà Nẵng;Phường An Hải;Thuê đất / Nhà xưởng / Kho bãi;thue;2025-11;;;;;;;;dat;lon;;
Đà Nẵng;Phường An Hải;Thuê đất / Nhà xưởng / Kho bãi;thue;2025-11;;;;;;;;dat;nho;;
Đà Nẵng;Phường An Hải;Thuê đất / Nhà xưởng / Kho bãi;thue;2025-11;;;;;;;;dat;kiet;;
Đà Nẵng;Phường An Hải;Thuê đất / Nhà xưởng / Kho bãi;thue;2025-12;;;;;;;;dat;lon;;
Đà Nẵng;Phường An Hải;Thuê đất / Nhà xưởng / Kho bãi;thue;2025-12;;;;;;;;dat;nho;;
Đà Nẵng;Phường An Hải;Thuê đất / Nhà xưởng / Kho bãi;thue;2025-12;;;;;;;;dat;kiet;;
Đà Nẵng;Phường An Hải;Thuê đất / Nhà xưởng / Kho bãi;thue;2026-01;;;;;;;;dat;lon;;
Đà Nẵng;Phường An Hải;Thuê đất / Nhà xưởng / Kho bãi;thue;2026-01;;;;;;;;dat;nho;;
Đà Nẵng;Phường An Hải;Thuê đất / Nhà xưởng / Kho bãi;thue;2026-01;;;;;;;;dat;kiet;;
Đà Nẵng;Phường An Hải;Thuê đất / Nhà xưởng / Kho bãi;thue;2026-02;;;;;;;;dat;lon;;
Đà Nẵng;Phường An Hải;Thuê đất / Nhà xưởng / Kho bãi;thue;2026-02;;;;;;;;dat;nho;;
Đà Nẵng;Phường An Hải;Thuê đất / Nhà xưởng / Kho bãi;thue;2026-02;;;;;;;;dat;kiet;;
Đà Nẵng;Phường An Hải;Thuê đất / Nhà xưởng / Kho bãi;thue;2026-03;;;;;;;;dat;lon;;
Đà Nẵng;Phường An Hải;Thuê đất / Nhà xưởng / Kho bãi;thue;2026-03;;;;;;;;dat;nho;;
Đà Nẵng;Phường An Hải;Thuê đất / Nhà xưởng / Kho bãi;thue;2026-03;;;;;;;;dat;kiet;;
Đà Nẵng;Phường An Hải;Thuê đất / Nhà xưởng / Kho bãi;thue;2026-04;;;;;;;;dat;lon;;
Đà Nẵng;Phường An Hải;Thuê đất / Nhà xưởng / Kho bãi;thue;2026-04;;;;;;;;dat;nho;;
Đà Nẵng;Phường An Hải;Thuê đất / Nhà xưởng / Kho bãi;thue;2026-04;;;;;;;;dat;kiet;;
Đà Nẵng;Phường An Hải;Thuê đất / Nhà xưởng / Kho bãi;thue;2026-05;;;;;;;;dat;lon;;
Đà Nẵng;Phường An Hải;Thuê đất / Nhà xưởng / Kho bãi;thue;2026-05;;;;;;;;dat;nho;;
Đà Nẵng;Phường An Hải;Thuê đất / Nhà xưởng / Kho bãi;thue;2026-05;;;;;;;;dat;kiet;;
Đà Nẵng;Phường An Hải;Thuê đất / Nhà xưởng / Kho bãi;thue;2026-06;;;;;;;;dat;lon;;
Đà Nẵng;Phường An Hải;Thuê đất / Nhà xưởng / Kho bãi;thue;2026-06;;;;;;;;dat;nho;;
Đà Nẵng;Phường An Hải;Thuê đất / Nhà xưởng / Kho bãi;thue;2026-06;;;;;;;;dat;kiet;;
Đà Nẵng;Phường An Hải;Thuê đất / Nhà xưởng / Kho bãi;thue;2026-07;;;;;;;;dat;lon;;
Đà Nẵng;Phường An Hải;Thuê đất / Nhà xưởng / Kho bãi;thue;2026-07;;;;;;;;dat;nho;;
Đà Nẵng;Phường An Hải;Thuê đất / Nhà xưởng / Kho bãi;thue;2026-07;;;;;;;;dat;kiet;;
Đà Nẵng;Phường An Hải;Thuê đất / Nhà xưởng / Kho bãi;thue;2026-08;;;;;;;;dat;lon;;
Đà Nẵng;Phường An Hải;Thuê đất / Nhà xưởng / Kho bãi;thue;2026-08;;;;;;;;dat;nho;;
Đà Nẵng;Phường An Hải;Thuê đất / Nhà xưởng / Kho bãi;thue;2026-08;;;;;;;;dat;kiet;;
Đà Nẵng;Phường An Hải;Thuê đất / Nhà xưởng / Kho bãi;thue;2026-09;;;;;;;;dat;lon;;
Đà Nẵng;Phường An Hải;Thuê đất / Nhà xưởng / Kho bãi;thue;2026-09;;;;;;;;dat;nho;;
Đà Nẵng;Phường An Hải;Thuê đất / Nhà xưởng / Kho bãi;thue;2026-09;;;;;;;;dat;kiet;;
Đà Nẵng;Phường Hải Châu;Văn phòng;thue;2024-10;;;;;;;;san;lon;;
Đà Nẵng;Phường Hải Châu;Văn phòng;thue;2024-10;;;;;;;;san;nho;;
Đà Nẵng;Phường Hải Châu;Văn phòng;thue;2024-10;;;;;;;;san;kiet;;
Đà Nẵng;Phường Hải Châu;Văn phòng;thue;2024-11;;;;;;;;san;lon;;
Đà Nẵng;Phường Hải Châu;Văn phòng;thue;2024-11;;;;;;;;san;nho;;
Đà Nẵng;Phường Hải Châu;Văn phòng;thue;2024-11;;;;;;;;san;kiet;;
Đà Nẵng;Phường Hải Châu;Văn phòng;thue;2024-12;;;;;;;;san;lon;;
Đà Nẵng;Phường Hải Châu;Văn phòng;thue;2024-12;;;;;;;;san;nho;;
Đà Nẵng;Phường Hải Châu;Văn phòng;thue;2024-12;;;;;;;;san;kiet;;
Đà Nẵng;Phường Hải Châu;Văn phòng;thue;2025-01;;;;;;;;san;lon;;
Đà Nẵng;Phường Hải Châu;Văn phòng;thue;2025-01;;;;;;;;san;nho;;
Đà Nẵng;Phường Hải Châu;Văn phòng;thue;2025-01;;;;;;;;san;kiet;;
Đà Nẵng;Phường Hải Châu;Văn phòng;thue;2025-02;;;;;;;;san;lon;;
Đà Nẵng;Phường Hải Châu;Văn phòng;thue;2025-02;;;;;;;;san;nho;;
Đà Nẵng;Phường Hải Châu;Văn phòng;thue;2025-02;;;;;;;;san;kiet;;
Đà Nẵng;Phường Hải Châu;Văn phòng;thue;2025-03;;;;;;;;san;lon;;
Đà Nẵng;Phường Hải Châu;Văn phòng;thue;2025-03;;;;;;;;san;nho;;
Đà Nẵng;Phường Hải Châu;Văn phòng;thue;2025-03;;;;;;;;san;kiet;;
Đà Nẵng;Phường Hải Châu;Văn phòng;thue;2025-04;;;;;;;;san;lon;;
Đà Nẵng;Phường Hải Châu;Văn phòng;thue;2025-04;;;;;;;;san;nho;;
Đà Nẵng;Phường Hải Châu;Văn phòng;thue;2025-04;;;;;;;;san;kiet;;
Đà Nẵng;Phường Hải Châu;Văn phòng;thue;2025-05;;;;;;;;san;lon;;
Đà Nẵng;Phường Hải Châu;Văn phòng;thue;2025-05;;;;;;;;san;nho;;
Đà Nẵng;Phường Hải Châu;Văn phòng;thue;2025-05;;;;;;;;san;kiet;;
Đà Nẵng;Phường Hải Châu;Văn phòng;thue;2025-06;;;;;;;;san;lon;;
Đà Nẵng;Phường Hải Châu;Văn phòng;thue;2025-06;;;;;;;;san;nho;;
Đà Nẵng;Phường Hải Châu;Văn phòng;thue;2025-06;;;;;;;;san;kiet;;
Đà Nẵng;Phường Hải Châu;Văn phòng;thue;2025-07;;;;;;;;san;lon;;
Đà Nẵng;Phường Hải Châu;Văn phòng;thue;2025-07;;;;;;;;san;nho;;
Đà Nẵng;Phường Hải Châu;Văn phòng;thue;2025-07;;;;;;;;san;kiet;;
Đà Nẵng;Phường Hải Châu;Văn phòng;thue;2025-08;;;;;;;;san;lon;;
Đà Nẵng;Phường Hải Châu;Văn phòng;thue;2025-08;;;;;;;;san;nho;;
Đà Nẵng;Phường Hải Châu;Văn phòng;thue;2025-08;;;;;;;;san;kiet;;
Đà Nẵng;Phường Hải Châu;Văn phòng;thue;2025-09;;;;;;;;san;lon;;
Đà Nẵng;Phường Hải Châu;Văn phòng;thue;2025-09;;;;;;;;san;nho;;
Đà Nẵng;Phường Hải Châu;Văn phòng;thue;2025-09;;;;;;;;san;kiet;;
Đà Nẵng;Phường Hải Châu;Văn phòng;thue;2025-10;;;;;;;;san;lon;;
Đà Nẵng;Phường Hải Châu;Văn phòng;thue;2025-10;;;;;;;;san;nho;;
Đà Nẵng;Phường Hải Châu;Văn phòng;thue;2025-10;;;;;;;;san;kiet;;
Đà Nẵng;Phường Hải Châu;Văn phòng;thue;2025-11;;;;;;;;san;lon;;
Đà Nẵng;Phường Hải Châu;Văn phòng;thue;2025-11;;;;;;;;san;nho;;
Đà Nẵng;Phường Hải Châu;Văn phòng;thue;2025-11;;;;;;;;san;kiet;;
Đà Nẵng;Phường Hải Châu;Văn phòng;thue;2025-12;;;;;;;;san;lon;;
Đà Nẵng;Phường Hải Châu;Văn phòng;thue;2025-12;;;;;;;;san;nho;;
Đà Nẵng;Phường Hải Châu;Văn phòng;thue;2025-12;;;;;;;;san;kiet;;
Đà Nẵng;Phường Hải Châu;Văn phòng;thue;2026-01;;;;;;;;san;lon;;
Đà Nẵng;Phường Hải Châu;Văn phòng;thue;2026-01;;;;;;;;san;nho;;
Đà Nẵng;Phường Hải Châu;Văn phòng;thue;2026-01;;;;;;;;san;kiet;;
Đà Nẵng;Phường Hải Châu;Văn phòng;thue;2026-02;;;;;;;;san;lon;;
Đà Nẵng;Phường Hải Châu;Văn phòng;thue;2026-02;;;;;;;;san;nho;;
Đà Nẵng;Phường Hải Châu;Văn phòng;thue;2026-02;;;;;;;;san;kiet;;
Đà Nẵng;Phường Hải Châu;Văn phòng;thue;2026-03;;;;;;;;san;lon;;
Đà Nẵng;Phường Hải Châu;Văn phòng;thue;2026-03;;;;;;;;san;nho;;
Đà Nẵng;Phường Hải Châu;Văn phòng;thue;2026-03;;;;;;;;san;kiet;;
Đà Nẵng;Phường Hải Châu;Văn phòng;thue;2026-04;;;;;;;;san;lon;;
Đà Nẵng;Phường Hải Châu;Văn phòng;thue;2026-04;;;;;;;;san;nho;;
Đà Nẵng;Phường Hải Châu;Văn phòng;thue;2026-04;;;;;;;;san;kiet;;
Đà Nẵng;Phường Hải Châu;Văn phòng;thue;2026-05;;;;;;;;san;lon;;
Đà Nẵng;Phường Hải Châu;Văn phòng;thue;2026-05;;;;;;;;san;nho;;
Đà Nẵng;Phường Hải Châu;Văn phòng;thue;2026-05;;;;;;;;san;kiet;;
Đà Nẵng;Phường Hải Châu;Văn phòng;thue;2026-06;;;;;;;;san;lon;;
Đà Nẵng;Phường Hải Châu;Văn phòng;thue;2026-06;;;;;;;;san;nho;;
Đà Nẵng;Phường Hải Châu;Văn phòng;thue;2026-06;;;;;;;;san;kiet;;
Đà Nẵng;Phường Hải Châu;Văn phòng;thue;2026-07;;;;;;;;san;lon;;
Đà Nẵng;Phường Hải Châu;Văn phòng;thue;2026-07;;;;;;;;san;nho;;
Đà Nẵng;Phường Hải Châu;Văn phòng;thue;2026-07;;;;;;;;san;kiet;;
Đà Nẵng;Phường Hải Châu;Văn phòng;thue;2026-08;;;;;;;;san;lon;;
Đà Nẵng;Phường Hải Châu;Văn phòng;thue;2026-08;;;;;;;;san;nho;;
Đà Nẵng;Phường Hải Châu;Văn phòng;thue;2026-08;;;;;;;;san;kiet;;
Đà Nẵng;Phường Hải Châu;Văn phòng;thue;2026-09;;;;;;;;san;lon;;
Đà Nẵng;Phường Hải Châu;Văn phòng;thue;2026-09;;;;;;;;san;nho;;
Đà Nẵng;Phường Hải Châu;Văn phòng;thue;2026-09;;;;;;;;san;kiet;;
Gia Lai;Phường Quy Nhơn;Căn hộ;ban;2024-10;;;;;;;;can;;;
Gia Lai;Phường Quy Nhơn;Căn hộ;ban;2024-11;;;;;;;;can;;;
Gia Lai;Phường Quy Nhơn;Căn hộ;ban;2024-12;;;;;;;;can;;;
Gia Lai;Phường Quy Nhơn;Căn hộ;ban;2025-01;;;;;;;;can;;;
Gia Lai;Phường Quy Nhơn;Căn hộ;ban;2025-02;;;;;;;;can;;;
Gia Lai;Phường Quy Nhơn;Căn hộ;ban;2025-03;;;;;;;;can;;;
Gia Lai;Phường Quy Nhơn;Căn hộ;ban;2025-04;;;;;;;;can;;;
Gia Lai;Phường Quy Nhơn;Căn hộ;ban;2025-05;;;;;;;;can;;;
Gia Lai;Phường Quy Nhơn;Căn hộ;ban;2025-06;;;;;;;;can;;;
Gia Lai;Phường Quy Nhơn;Căn hộ;ban;2025-07;;;;;;;;can;;;
Gia Lai;Phường Quy Nhơn;Căn hộ;ban;2025-08;;;;;;;;can;;;
Gia Lai;Phường Quy Nhơn;Căn hộ;ban;2025-09;;;;;;;;can;;;
Gia Lai;Phường Quy Nhơn;Căn hộ;ban;2025-10;;;;;;;;can;;;
Gia Lai;Phường Quy Nhơn;Căn hộ;ban;2025-11;;;;;;;;can;;;
Gia Lai;Phường Quy Nhơn;Căn hộ;ban;2025-12;;;;;;;;can;;;
Gia Lai;Phường Quy Nhơn;Căn hộ;ban;2026-01;;;;;;;;can;;;
Gia Lai;Phường Quy Nhơn;Căn hộ;ban;2026-02;;;;;;;;can;;;
Gia Lai;Phường Quy Nhơn;Căn hộ;ban;2026-03;;;;;;;;can;;;
Gia Lai;Phường Quy Nhơn;Căn hộ;ban;2026-04;;;;;;;;can;;;
Gia Lai;Phường Quy Nhơn;Căn hộ;ban;2026-05;;;;;;;;can;;;
Gia Lai;Phường Quy Nhơn;Căn hộ;ban;2026-06;;;;;;;;can;;;
Gia Lai;Phường Quy Nhơn;Căn hộ;ban;2026-07;;;;;;;;can;;;
Gia Lai;Phường Quy Nhơn;Căn hộ;ban;2026-08;;;;;;;;can;;;
Gia Lai;Phường Quy Nhơn;Căn hộ;ban;2026-09;;;;;;;;can;;;
Gia Lai;Phường Quy Nhơn;Condotel;ban;2024-10;;;;;;;;can;;;
Gia Lai;Phường Quy Nhơn;Condotel;ban;2024-11;;;;;;;;can;;;
Gia Lai;Phường Quy Nhơn;Condotel;ban;2024-12;;;;;;;;can;;;
Gia Lai;Phường Quy Nhơn;Condotel;ban;2025-01;;;;;;;;can;;;
Gia Lai;Phường Quy Nhơn;Condotel;ban;2025-02;;;;;;;;can;;;
Gia Lai;Phường Quy Nhơn;Condotel;ban;2025-03;;;;;;;;can;;;
Gia Lai;Phường Quy Nhơn;Condotel;ban;2025-04;;;;;;;;can;;;
Gia Lai;Phường Quy Nhơn;Condotel;ban;2025-05;;;;;;;;can;;;
Gia Lai;Phường Quy Nhơn;Condotel;ban;2025-06;;;;;;;;can;;;
Gia Lai;Phường Quy Nhơn;Condotel;ban;2025-07;;;;;;;;can;;;
Gia Lai;Phường Quy Nhơn;Condotel;ban;2025-08;;;;;;;;can;;;
Gia Lai;Phường Quy Nhơn;Condotel;ban;2025-09;;;;;;;;can;;;
Gia Lai;Phường Quy Nhơn;Condotel;ban;2025-10;;;;;;;;can;;;
Gia Lai;Phường Quy Nhơn;Condotel;ban;2025-11;;;;;;;;can;;;
Gia Lai;Phường Quy Nhơn;Condotel;ban;2025-12;;;;;;;;can;;;
Gia Lai;Phường Quy Nhơn;Condotel;ban;2026-01;;;;;;;;can;;;
Gia Lai;Phường Quy Nhơn;Condotel;ban;2026-02;;;;;;;;can;;;
Gia Lai;Phường Quy Nhơn;Condotel;ban;2026-03;;;;;;;;can;;;
Gia Lai;Phường Quy Nhơn;Condotel;ban;2026-04;;;;;;;;can;;;
Gia Lai;Phường Quy Nhơn;Condotel;ban;2026-05;;;;;;;;can;;;
Gia Lai;Phường Quy Nhơn;Condotel;ban;2026-06;;;;;;;;can;;;
Gia Lai;Phường Quy Nhơn;Condotel;ban;2026-07;;;;;;;;can;;;
Gia Lai;Phường Quy Nhơn;Condotel;ban;2026-08;;;;;;;;can;;;
Gia Lai;Phường Quy Nhơn;Condotel;ban;2026-09;;;;;;;;can;;;
Gia Lai;Phường Hoài Nhơn Đông;Đất nền / Đất nền dự án;ban;2024-10;;;;;;;;dat;lon;;
Gia Lai;Phường Hoài Nhơn Đông;Đất nền / Đất nền dự án;ban;2024-10;;;;;;;;dat;nho;;
Gia Lai;Phường Hoài Nhơn Đông;Đất nền / Đất nền dự án;ban;2024-10;;;;;;;;dat;kiet;;
Gia Lai;Phường Hoài Nhơn Đông;Đất nền / Đất nền dự án;ban;2024-11;;;;;;;;dat;lon;;
Gia Lai;Phường Hoài Nhơn Đông;Đất nền / Đất nền dự án;ban;2024-11;;;;;;;;dat;nho;;
Gia Lai;Phường Hoài Nhơn Đông;Đất nền / Đất nền dự án;ban;2024-11;;;;;;;;dat;kiet;;
Gia Lai;Phường Hoài Nhơn Đông;Đất nền / Đất nền dự án;ban;2024-12;;;;;;;;dat;lon;;
Gia Lai;Phường Hoài Nhơn Đông;Đất nền / Đất nền dự án;ban;2024-12;;;;;;;;dat;nho;;
Gia Lai;Phường Hoài Nhơn Đông;Đất nền / Đất nền dự án;ban;2024-12;;;;;;;;dat;kiet;;
Gia Lai;Phường Hoài Nhơn Đông;Đất nền / Đất nền dự án;ban;2025-01;;;;;;;;dat;lon;;
Gia Lai;Phường Hoài Nhơn Đông;Đất nền / Đất nền dự án;ban;2025-01;;;;;;;;dat;nho;;
Gia Lai;Phường Hoài Nhơn Đông;Đất nền / Đất nền dự án;ban;2025-01;;;;;;;;dat;kiet;;
Gia Lai;Phường Hoài Nhơn Đông;Đất nền / Đất nền dự án;ban;2025-02;;;;;;;;dat;lon;;
Gia Lai;Phường Hoài Nhơn Đông;Đất nền / Đất nền dự án;ban;2025-02;;;;;;;;dat;nho;;
Gia Lai;Phường Hoài Nhơn Đông;Đất nền / Đất nền dự án;ban;2025-02;;;;;;;;dat;kiet;;
Gia Lai;Phường Hoài Nhơn Đông;Đất nền / Đất nền dự án;ban;2025-03;;;;;;;;dat;lon;;
Gia Lai;Phường Hoài Nhơn Đông;Đất nền / Đất nền dự án;ban;2025-03;;;;;;;;dat;nho;;
Gia Lai;Phường Hoài Nhơn Đông;Đất nền / Đất nền dự án;ban;2025-03;;;;;;;;dat;kiet;;
Gia Lai;Phường Hoài Nhơn Đông;Đất nền / Đất nền dự án;ban;2025-04;;;;;;;;dat;lon;;
Gia Lai;Phường Hoài Nhơn Đông;Đất nền / Đất nền dự án;ban;2025-04;;;;;;;;dat;nho;;
Gia Lai;Phường Hoài Nhơn Đông;Đất nền / Đất nền dự án;ban;2025-04;;;;;;;;dat;kiet;;
Gia Lai;Phường Hoài Nhơn Đông;Đất nền / Đất nền dự án;ban;2025-05;;;;;;;;dat;lon;;
Gia Lai;Phường Hoài Nhơn Đông;Đất nền / Đất nền dự án;ban;2025-05;;;;;;;;dat;nho;;
Gia Lai;Phường Hoài Nhơn Đông;Đất nền / Đất nền dự án;ban;2025-05;;;;;;;;dat;kiet;;
Gia Lai;Phường Hoài Nhơn Đông;Đất nền / Đất nền dự án;ban;2025-06;;;;;;;;dat;lon;;
Gia Lai;Phường Hoài Nhơn Đông;Đất nền / Đất nền dự án;ban;2025-06;;;;;;;;dat;nho;;
Gia Lai;Phường Hoài Nhơn Đông;Đất nền / Đất nền dự án;ban;2025-06;;;;;;;;dat;kiet;;
Gia Lai;Phường Hoài Nhơn Đông;Đất nền / Đất nền dự án;ban;2025-07;;;;;;;;dat;lon;;
Gia Lai;Phường Hoài Nhơn Đông;Đất nền / Đất nền dự án;ban;2025-07;;;;;;;;dat;nho;;
Gia Lai;Phường Hoài Nhơn Đông;Đất nền / Đất nền dự án;ban;2025-07;;;;;;;;dat;kiet;;
Gia Lai;Phường Hoài Nhơn Đông;Đất nền / Đất nền dự án;ban;2025-08;;;;;;;;dat;lon;;
Gia Lai;Phường Hoài Nhơn Đông;Đất nền / Đất nền dự án;ban;2025-08;;;;;;;;dat;nho;;
Gia Lai;Phường Hoài Nhơn Đông;Đất nền / Đất nền dự án;ban;2025-08;;;;;;;;dat;kiet;;
Gia Lai;Phường Hoài Nhơn Đông;Đất nền / Đất nền dự án;ban;2025-09;;;;;;;;dat;lon;;
Gia Lai;Phường Hoài Nhơn Đông;Đất nền / Đất nền dự án;ban;2025-09;;;;;;;;dat;nho;;
Gia Lai;Phường Hoài Nhơn Đông;Đất nền / Đất nền dự án;ban;2025-09;;;;;;;;dat;kiet;;
Gia Lai;Phường Hoài Nhơn Đông;Đất nền / Đất nền dự án;ban;2025-10;;;;;;;;dat;lon;;
Gia Lai;Phường Hoài Nhơn Đông;Đất nền / Đất nền dự án;ban;2025-10;;;;;;;;dat;nho;;
Gia Lai;Phường Hoài Nhơn Đông;Đất nền / Đất nền dự án;ban;2025-10;;;;;;;;dat;kiet;;
Gia Lai;Phường Hoài Nhơn Đông;Đất nền / Đất nền dự án;ban;2025-11;;;;;;;;dat;lon;;
Gia Lai;Phường Hoài Nhơn Đông;Đất nền / Đất nền dự án;ban;2025-11;;;;;;;;dat;nho;;
Gia Lai;Phường Hoài Nhơn Đông;Đất nền / Đất nền dự án;ban;2025-11;;;;;;;;dat;kiet;;
Gia Lai;Phường Hoài Nhơn Đông;Đất nền / Đất nền dự án;ban;2025-12;;;;;;;;dat;lon;;
Gia Lai;Phường Hoài Nhơn Đông;Đất nền / Đất nền dự án;ban;2025-12;;;;;;;;dat;nho;;
Gia Lai;Phường Hoài Nhơn Đông;Đất nền / Đất nền dự án;ban;2025-12;;;;;;;;dat;kiet;;
Gia Lai;Phường Hoài Nhơn Đông;Đất nền / Đất nền dự án;ban;2026-01;;;;;;;;dat;lon;;
Gia Lai;Phường Hoài Nhơn Đông;Đất nền / Đất nền dự án;ban;2026-01;;;;;;;;dat;nho;;
Gia Lai;Phường Hoài Nhơn Đông;Đất nền / Đất nền dự án;ban;2026-01;;;;;;;;dat;kiet;;
Gia Lai;Phường Hoài Nhơn Đông;Đất nền / Đất nền dự án;ban;2026-02;;;;;;;;dat;lon;;
Gia Lai;Phường Hoài Nhơn Đông;Đất nền / Đất nền dự án;ban;2026-02;;;;;;;;dat;nho;;
Gia Lai;Phường Hoài Nhơn Đông;Đất nền / Đất nền dự án;ban;2026-02;;;;;;;;dat;kiet;;
Gia Lai;Phường Hoài Nhơn Đông;Đất nền / Đất nền dự án;ban;2026-03;;;;;;;;dat;lon;;
Gia Lai;Phường Hoài Nhơn Đông;Đất nền / Đất nền dự án;ban;2026-03;;;;;;;;dat;nho;;
Gia Lai;Phường Hoài Nhơn Đông;Đất nền / Đất nền dự án;ban;2026-03;;;;;;;;dat;kiet;;
Gia Lai;Phường Hoài Nhơn Đông;Đất nền / Đất nền dự án;ban;2026-04;;;;;;;;dat;lon;;
Gia Lai;Phường Hoài Nhơn Đông;Đất nền / Đất nền dự án;ban;2026-04;;;;;;;;dat;nho;;
Gia Lai;Phường Hoài Nhơn Đông;Đất nền / Đất nền dự án;ban;2026-04;;;;;;;;dat;kiet;;
Gia Lai;Phường Hoài Nhơn Đông;Đất nền / Đất nền dự án;ban;2026-05;;;;;;;;dat;lon;;
Gia Lai;Phường Hoài Nhơn Đông;Đất nền / Đất nền dự án;ban;2026-05;;;;;;;;dat;nho;;
Gia Lai;Phường Hoài Nhơn Đông;Đất nền / Đất nền dự án;ban;2026-05;;;;;;;;dat;kiet;;
Gia Lai;Phường Hoài Nhơn Đông;Đất nền / Đất nền dự án;ban;2026-06;;;;;;;;dat;lon;;
Gia Lai;Phường Hoài Nhơn Đông;Đất nền / Đất nền dự án;ban;2026-06;;;;;;;;dat;nho;;
Gia Lai;Phường Hoài Nhơn Đông;Đất nền / Đất nền dự án;ban;2026-06;;;;;;;;dat;kiet;;
Gia Lai;Phường Hoài Nhơn Đông;Đất nền / Đất nền dự án;ban;2026-07;;;;;;;;dat;lon;;
Gia Lai;Phường Hoài Nhơn Đông;Đất nền / Đất nền dự án;ban;2026-07;;;;;;;;dat;nho;;
Gia Lai;Phường Hoài Nhơn Đông;Đất nền / Đất nền dự án;ban;2026-07;;;;;;;;dat;kiet;;
Gia Lai;Phường Hoài Nhơn Đông;Đất nền / Đất nền dự án;ban;2026-08;;;;;;;;dat;lon;;
Gia Lai;Phường Hoài Nhơn Đông;Đất nền / Đất nền dự án;ban;2026-08;;;;;;;;dat;nho;;
Gia Lai;Phường Hoài Nhơn Đông;Đất nền / Đất nền dự án;ban;2026-08;;;;;;;;dat;kiet;;
Gia Lai;Phường Hoài Nhơn Đông;Đất nền / Đất nền dự án;ban;2026-09;;;;;;;;dat;lon;;
Gia Lai;Phường Hoài Nhơn Đông;Đất nền / Đất nền dự án;ban;2026-09;;;;;;;;dat;nho;;
Gia Lai;Phường Hoài Nhơn Đông;Đất nền / Đất nền dự án;ban;2026-09;;;;;;;;dat;kiet;;
Gia Lai;Phường Quy Nhơn;Nhà biệt thự / Liền kề;ban;2024-10;;;;;;;;san;lon;;
Gia Lai;Phường Quy Nhơn;Nhà biệt thự / Liền kề;ban;2024-10;;;;;;;;san;nho;;
Gia Lai;Phường Quy Nhơn;Nhà biệt thự / Liền kề;ban;2024-10;;;;;;;;san;kiet;;
Gia Lai;Phường Quy Nhơn;Nhà biệt thự / Liền kề;ban;2024-11;;;;;;;;san;lon;;
Gia Lai;Phường Quy Nhơn;Nhà biệt thự / Liền kề;ban;2024-11;;;;;;;;san;nho;;
Gia Lai;Phường Quy Nhơn;Nhà biệt thự / Liền kề;ban;2024-11;;;;;;;;san;kiet;;
Gia Lai;Phường Quy Nhơn;Nhà biệt thự / Liền kề;ban;2024-12;;;;;;;;san;lon;;
Gia Lai;Phường Quy Nhơn;Nhà biệt thự / Liền kề;ban;2024-12;;;;;;;;san;nho;;
Gia Lai;Phường Quy Nhơn;Nhà biệt thự / Liền kề;ban;2024-12;;;;;;;;san;kiet;;
Gia Lai;Phường Quy Nhơn;Nhà biệt thự / Liền kề;ban;2025-01;;;;;;;;san;lon;;
Gia Lai;Phường Quy Nhơn;Nhà biệt thự / Liền kề;ban;2025-01;;;;;;;;san;nho;;
Gia Lai;Phường Quy Nhơn;Nhà biệt thự / Liền kề;ban;2025-01;;;;;;;;san;kiet;;
Gia Lai;Phường Quy Nhơn;Nhà biệt thự / Liền kề;ban;2025-02;;;;;;;;san;lon;;
Gia Lai;Phường Quy Nhơn;Nhà biệt thự / Liền kề;ban;2025-02;;;;;;;;san;nho;;
Gia Lai;Phường Quy Nhơn;Nhà biệt thự / Liền kề;ban;2025-02;;;;;;;;san;kiet;;
Gia Lai;Phường Quy Nhơn;Nhà biệt thự / Liền kề;ban;2025-03;;;;;;;;san;lon;;
Gia Lai;Phường Quy Nhơn;Nhà biệt thự / Liền kề;ban;2025-03;;;;;;;;san;nho;;
Gia Lai;Phường Quy Nhơn;Nhà biệt thự / Liền kề;ban;2025-03;;;;;;;;san;kiet;;
Gia Lai;Phường Quy Nhơn;Nhà biệt thự / Liền kề;ban;2025-04;;;;;;;;san;lon;;
Gia Lai;Phường Quy Nhơn;Nhà biệt thự / Liền kề;ban;2025-04;;;;;;;;san;nho;;
Gia Lai;Phường Quy Nhơn;Nhà biệt thự / Liền kề;ban;2025-04;;;;;;;;san;kiet;;
Gia Lai;Phường Quy Nhơn;Nhà biệt thự / Liền kề;ban;2025-05;;;;;;;;san;lon;;
Gia Lai;Phường Quy Nhơn;Nhà biệt thự / Liền kề;ban;2025-05;;;;;;;;san;nho;;
Gia Lai;Phường Quy Nhơn;Nhà biệt thự / Liền kề;ban;2025-05;;;;;;;;san;kiet;;
Gia Lai;Phường Quy Nhơn;Nhà biệt thự / Liền kề;ban;2025-06;;;;;;;;san;lon;;
Gia Lai;Phường Quy Nhơn;Nhà biệt thự / Liền kề;ban;2025-06;;;;;;;;san;nho;;
Gia Lai;Phường Quy Nhơn;Nhà biệt thự / Liền kề;ban;2025-06;;;;;;;;san;kiet;;
Gia Lai;Phường Quy Nhơn;Nhà biệt thự / Liền kề;ban;2025-07;;;;;;;;san;lon;;
Gia Lai;Phường Quy Nhơn;Nhà biệt thự / Liền kề;ban;2025-07;;;;;;;;san;nho;;
Gia Lai;Phường Quy Nhơn;Nhà biệt thự / Liền kề;ban;2025-07;;;;;;;;san;kiet;;
Gia Lai;Phường Quy Nhơn;Nhà biệt thự / Liền kề;ban;2025-08;;;;;;;;san;lon;;
Gia Lai;Phường Quy Nhơn;Nhà biệt thự / Liền kề;ban;2025-08;;;;;;;;san;nho;;
Gia Lai;Phường Quy Nhơn;Nhà biệt thự / Liền kề;ban;2025-08;;;;;;;;san;kiet;;
Gia Lai;Phường Quy Nhơn;Nhà biệt thự / Liền kề;ban;2025-09;;;;;;;;san;lon;;
Gia Lai;Phường Quy Nhơn;Nhà biệt thự / Liền kề;ban;2025-09;;;;;;;;san;nho;;
Gia Lai;Phường Quy Nhơn;Nhà biệt thự / Liền kề;ban;2025-09;;;;;;;;san;kiet;;
Gia Lai;Phường Quy Nhơn;Nhà biệt thự / Liền kề;ban;2025-10;;;;;;;;san;lon;;
Gia Lai;Phường Quy Nhơn;Nhà biệt thự / Liền kề;ban;2025-10;;;;;;;;san;nho;;
Gia Lai;Phường Quy Nhơn;Nhà biệt thự / Liền kề;ban;2025-10;;;;;;;;san;kiet;;
Gia Lai;Phường Quy Nhơn;Nhà biệt thự / Liền kề;ban;2025-11;;;;;;;;san;lon;;
Gia Lai;Phường Quy Nhơn;Nhà biệt thự / Liền kề;ban;2025-11;;;;;;;;san;nho;;
Gia Lai;Phường Quy Nhơn;Nhà biệt thự / Liền kề;ban;2025-11;;;;;;;;san;kiet;;
Gia Lai;Phường Quy Nhơn;Nhà biệt thự / Liền kề;ban;2025-12;;;;;;;;san;lon;;
Gia Lai;Phường Quy Nhơn;Nhà biệt thự / Liền kề;ban;2025-12;;;;;;;;san;nho;;
Gia Lai;Phường Quy Nhơn;Nhà biệt thự / Liền kề;ban;2025-12;;;;;;;;san;kiet;;
Gia Lai;Phường Quy Nhơn;Nhà biệt thự / Liền kề;ban;2026-01;;;;;;;;san;lon;;
Gia Lai;Phường Quy Nhơn;Nhà biệt thự / Liền kề;ban;2026-01;;;;;;;;san;nho;;
Gia Lai;Phường Quy Nhơn;Nhà biệt thự / Liền kề;ban;2026-01;;;;;;;;san;kiet;;
Gia Lai;Phường Quy Nhơn;Nhà biệt thự / Liền kề;ban;2026-02;;;;;;;;san;lon;;
Gia Lai;Phường Quy Nhơn;Nhà biệt thự / Liền kề;ban;2026-02;;;;;;;;san;nho;;
Gia Lai;Phường Quy Nhơn;Nhà biệt thự / Liền kề;ban;2026-02;;;;;;;;san;kiet;;
Gia Lai;Phường Quy Nhơn;Nhà biệt thự / Liền kề;ban;2026-03;;;;;;;;san;lon;;
Gia Lai;Phường Quy Nhơn;Nhà biệt thự / Liền kề;ban;2026-03;;;;;;;;san;nho;;
Gia Lai;Phường Quy Nhơn;Nhà biệt thự / Liền kề;ban;2026-03;;;;;;;;san;kiet;;
Gia Lai;Phường Quy Nhơn;Nhà biệt thự / Liền kề;ban;2026-04;;;;;;;;san;lon;;
Gia Lai;Phường Quy Nhơn;Nhà biệt thự / Liền kề;ban;2026-04;;;;;;;;san;nho;;
Gia Lai;Phường Quy Nhơn;Nhà biệt thự / Liền kề;ban;2026-04;;;;;;;;san;kiet;;
Gia Lai;Phường Quy Nhơn;Nhà biệt thự / Liền kề;ban;2026-05;;;;;;;;san;lon;;
Gia Lai;Phường Quy Nhơn;Nhà biệt thự / Liền kề;ban;2026-05;;;;;;;;san;nho;;
Gia Lai;Phường Quy Nhơn;Nhà biệt thự / Liền kề;ban;2026-05;;;;;;;;san;kiet;;
Gia Lai;Phường Quy Nhơn;Nhà biệt thự / Liền kề;ban;2026-06;;;;;;;;san;lon;;
Gia Lai;Phường Quy Nhơn;Nhà biệt thự / Liền kề;ban;2026-06;;;;;;;;san;nho;;
Gia Lai;Phường Quy Nhơn;Nhà biệt thự / Liền kề;ban;2026-06;;;;;;;;san;kiet;;
Gia Lai;Phường Quy Nhơn;Nhà biệt thự / Liền kề;ban;2026-07;;;;;;;;san;lon;;
Gia Lai;Phường Quy Nhơn;Nhà biệt thự / Liền kề;ban;2026-07;;;;;;;;san;nho;;
Gia Lai;Phường Quy Nhơn;Nhà biệt thự / Liền kề;ban;2026-07;;;;;;;;san;kiet;;
Gia Lai;Phường Quy Nhơn;Nhà biệt thự / Liền kề;ban;2026-08;;;;;;;;san;lon;;
Gia Lai;Phường Quy Nhơn;Nhà biệt thự / Liền kề;ban;2026-08;;;;;;;;san;nho;;
Gia Lai;Phường Quy Nhơn;Nhà biệt thự / Liền kề;ban;2026-08;;;;;;;;san;kiet;;
Gia Lai;Phường Quy Nhơn;Nhà biệt thự / Liền kề;ban;2026-09;;;;;;;;san;lon;;
Gia Lai;Phường Quy Nhơn;Nhà biệt thự / Liền kề;ban;2026-09;;;;;;;;san;nho;;
Gia Lai;Phường Quy Nhơn;Nhà biệt thự / Liền kề;ban;2026-09;;;;;;;;san;kiet;;
Gia Lai;Phường Quy Nhơn Nam;Nhà riêng;thue;2024-10;;;;;;;;san;lon;;
Gia Lai;Phường Quy Nhơn Nam;Nhà riêng;thue;2024-10;;;;;;;;san;nho;;
Gia Lai;Phường Quy Nhơn Nam;Nhà riêng;thue;2024-10;;;;;;;;san;kiet;;
Gia Lai;Phường Quy Nhơn Nam;Nhà riêng;thue;2024-11;;;;;;;;san;lon;;
Gia Lai;Phường Quy Nhơn Nam;Nhà riêng;thue;2024-11;;;;;;;;san;nho;;
Gia Lai;Phường Quy Nhơn Nam;Nhà riêng;thue;2024-11;;;;;;;;san;kiet;;
Gia Lai;Phường Quy Nhơn Nam;Nhà riêng;thue;2024-12;;;;;;;;san;lon;;
Gia Lai;Phường Quy Nhơn Nam;Nhà riêng;thue;2024-12;;;;;;;;san;nho;;
Gia Lai;Phường Quy Nhơn Nam;Nhà riêng;thue;2024-12;;;;;;;;san;kiet;;
Gia Lai;Phường Quy Nhơn Nam;Nhà riêng;thue;2025-01;;;;;;;;san;lon;;
Gia Lai;Phường Quy Nhơn Nam;Nhà riêng;thue;2025-01;;;;;;;;san;nho;;
Gia Lai;Phường Quy Nhơn Nam;Nhà riêng;thue;2025-01;;;;;;;;san;kiet;;
Gia Lai;Phường Quy Nhơn Nam;Nhà riêng;thue;2025-02;;;;;;;;san;lon;;
Gia Lai;Phường Quy Nhơn Nam;Nhà riêng;thue;2025-02;;;;;;;;san;nho;;
Gia Lai;Phường Quy Nhơn Nam;Nhà riêng;thue;2025-02;;;;;;;;san;kiet;;
Gia Lai;Phường Quy Nhơn Nam;Nhà riêng;thue;2025-03;;;;;;;;san;lon;;
Gia Lai;Phường Quy Nhơn Nam;Nhà riêng;thue;2025-03;;;;;;;;san;nho;;
Gia Lai;Phường Quy Nhơn Nam;Nhà riêng;thue;2025-03;;;;;;;;san;kiet;;
Gia Lai;Phường Quy Nhơn Nam;Nhà riêng;thue;2025-04;;;;;;;;san;lon;;
Gia Lai;Phường Quy Nhơn Nam;Nhà riêng;thue;2025-04;;;;;;;;san;nho;;
Gia Lai;Phường Quy Nhơn Nam;Nhà riêng;thue;2025-04;;;;;;;;san;kiet;;
Gia Lai;Phường Quy Nhơn Nam;Nhà riêng;thue;2025-05;;;;;;;;san;lon;;
Gia Lai;Phường Quy Nhơn Nam;Nhà riêng;thue;2025-05;;;;;;;;san;nho;;
Gia Lai;Phường Quy Nhơn Nam;Nhà riêng;thue;2025-05;;;;;;;;san;kiet;;
Gia Lai;Phường Quy Nhơn Nam;Nhà riêng;thue;2025-06;;;;;;;;san;lon;;
Gia Lai;Phường Quy Nhơn Nam;Nhà riêng;thue;2025-06;;;;;;;;san;nho;;
Gia Lai;Phường Quy Nhơn Nam;Nhà riêng;thue;2025-06;;;;;;;;san;kiet;;
Gia Lai;Phường Quy Nhơn Nam;Nhà riêng;thue;2025-07;;;;;;;;san;lon;;
Gia Lai;Phường Quy Nhơn Nam;Nhà riêng;thue;2025-07;;;;;;;;san;nho;;
Gia Lai;Phường Quy Nhơn Nam;Nhà riêng;thue;2025-07;;;;;;;;san;kiet;;
Gia Lai;Phường Quy Nhơn Nam;Nhà riêng;thue;2025-08;;;;;;;;san;lon;;
Gia Lai;Phường Quy Nhơn Nam;Nhà riêng;thue;2025-08;;;;;;;;san;nho;;
Gia Lai;Phường Quy Nhơn Nam;Nhà riêng;thue;2025-08;;;;;;;;san;kiet;;
Gia Lai;Phường Quy Nhơn Nam;Nhà riêng;thue;2025-09;;;;;;;;san;lon;;
Gia Lai;Phường Quy Nhơn Nam;Nhà riêng;thue;2025-09;;;;;;;;san;nho;;
Gia Lai;Phường Quy Nhơn Nam;Nhà riêng;thue;2025-09;;;;;;;;san;kiet;;
Gia Lai;Phường Quy Nhơn Nam;Nhà riêng;thue;2025-10;;;;;;;;san;lon;;
Gia Lai;Phường Quy Nhơn Nam;Nhà riêng;thue;2025-10;;;;;;;;san;nho;;
Gia Lai;Phường Quy Nhơn Nam;Nhà riêng;thue;2025-10;;;;;;;;san;kiet;;
Gia Lai;Phường Quy Nhơn Nam;Nhà riêng;thue;2025-11;;;;;;;;san;lon;;
Gia Lai;Phường Quy Nhơn Nam;Nhà riêng;thue;2025-11;;;;;;;;san;nho;;
Gia Lai;Phường Quy Nhơn Nam;Nhà riêng;thue;2025-11;;;;;;;;san;kiet;;
Gia Lai;Phường Quy Nhơn Nam;Nhà riêng;thue;2025-12;;;;;;;;san;lon;;
Gia Lai;Phường Quy Nhơn Nam;Nhà riêng;thue;2025-12;;;;;;;;san;nho;;
Gia Lai;Phường Quy Nhơn Nam;Nhà riêng;thue;2025-12;;;;;;;;san;kiet;;
Gia Lai;Phường Quy Nhơn Nam;Nhà riêng;thue;2026-01;;;;;;;;san;lon;;
Gia Lai;Phường Quy Nhơn Nam;Nhà riêng;thue;2026-01;;;;;;;;san;nho;;
Gia Lai;Phường Quy Nhơn Nam;Nhà riêng;thue;2026-01;;;;;;;;san;kiet;;
Gia Lai;Phường Quy Nhơn Nam;Nhà riêng;thue;2026-02;;;;;;;;san;lon;;
Gia Lai;Phường Quy Nhơn Nam;Nhà riêng;thue;2026-02;;;;;;;;san;nho;;
Gia Lai;Phường Quy Nhơn Nam;Nhà riêng;thue;2026-02;;;;;;;;san;kiet;;
Gia Lai;Phường Quy Nhơn Nam;Nhà riêng;thue;2026-03;;;;;;;;san;lon;;
Gia Lai;Phường Quy Nhơn Nam;Nhà riêng;thue;2026-03;;;;;;;;san;nho;;
Gia Lai;Phường Quy Nhơn Nam;Nhà riêng;thue;2026-03;;;;;;;;san;kiet;;
Gia Lai;Phường Quy Nhơn Nam;Nhà riêng;thue;2026-04;;;;;;;;san;lon;;
Gia Lai;Phường Quy Nhơn Nam;Nhà riêng;thue;2026-04;;;;;;;;san;nho;;
Gia Lai;Phường Quy Nhơn Nam;Nhà riêng;thue;2026-04;;;;;;;;san;kiet;;
Gia Lai;Phường Quy Nhơn Nam;Nhà riêng;thue;2026-05;;;;;;;;san;lon;;
Gia Lai;Phường Quy Nhơn Nam;Nhà riêng;thue;2026-05;;;;;;;;san;nho;;
Gia Lai;Phường Quy Nhơn Nam;Nhà riêng;thue;2026-05;;;;;;;;san;kiet;;
Gia Lai;Phường Quy Nhơn Nam;Nhà riêng;thue;2026-06;;;;;;;;san;lon;;
Gia Lai;Phường Quy Nhơn Nam;Nhà riêng;thue;2026-06;;;;;;;;san;nho;;
Gia Lai;Phường Quy Nhơn Nam;Nhà riêng;thue;2026-06;;;;;;;;san;kiet;;
Gia Lai;Phường Quy Nhơn Nam;Nhà riêng;thue;2026-07;;;;;;;;san;lon;;
Gia Lai;Phường Quy Nhơn Nam;Nhà riêng;thue;2026-07;;;;;;;;san;nho;;
Gia Lai;Phường Quy Nhơn Nam;Nhà riêng;thue;2026-07;;;;;;;;san;kiet;;
Gia Lai;Phường Quy Nhơn Nam;Nhà riêng;thue;2026-08;;;;;;;;san;lon;;
Gia Lai;Phường Quy Nhơn Nam;Nhà riêng;thue;2026-08;;;;;;;;san;nho;;
Gia Lai;Phường Quy Nhơn Nam;Nhà riêng;thue;2026-08;;;;;;;;san;kiet;;
Gia Lai;Phường Quy Nhơn Nam;Nhà riêng;thue;2026-09;;;;;;;;san;lon;;
Gia Lai;Phường Quy Nhơn Nam;Nhà riêng;thue;2026-09;;;;;;;;san;nho;;
Gia Lai;Phường Quy Nhơn Nam;Nhà riêng;thue;2026-09;;;;;;;;san;kiet;;
Gia Lai;Phường Quy Nhơn;Nhà riêng;thue;2024-10;;;;;;;;san;lon;;
Gia Lai;Phường Quy Nhơn;Nhà riêng;thue;2024-10;;;;;;;;san;nho;;
Gia Lai;Phường Quy Nhơn;Nhà riêng;thue;2024-10;;;;;;;;san;kiet;;
Gia Lai;Phường Quy Nhơn;Nhà riêng;thue;2024-11;;;;;;;;san;lon;;
Gia Lai;Phường Quy Nhơn;Nhà riêng;thue;2024-11;;;;;;;;san;nho;;
Gia Lai;Phường Quy Nhơn;Nhà riêng;thue;2024-11;;;;;;;;san;kiet;;
Gia Lai;Phường Quy Nhơn;Nhà riêng;thue;2024-12;;;;;;;;san;lon;;
Gia Lai;Phường Quy Nhơn;Nhà riêng;thue;2024-12;;;;;;;;san;nho;;
Gia Lai;Phường Quy Nhơn;Nhà riêng;thue;2024-12;;;;;;;;san;kiet;;
Gia Lai;Phường Quy Nhơn;Nhà riêng;thue;2025-01;;;;;;;;san;lon;;
Gia Lai;Phường Quy Nhơn;Nhà riêng;thue;2025-01;;;;;;;;san;nho;;
Gia Lai;Phường Quy Nhơn;Nhà riêng;thue;2025-01;;;;;;;;san;kiet;;
Gia Lai;Phường Quy Nhơn;Nhà riêng;thue;2025-02;;;;;;;;san;lon;;
Gia Lai;Phường Quy Nhơn;Nhà riêng;thue;2025-02;;;;;;;;san;nho;;
Gia Lai;Phường Quy Nhơn;Nhà riêng;thue;2025-02;;;;;;;;san;kiet;;
Gia Lai;Phường Quy Nhơn;Nhà riêng;thue;2025-03;;;;;;;;san;lon;;
Gia Lai;Phường Quy Nhơn;Nhà riêng;thue;2025-03;;;;;;;;san;nho;;
Gia Lai;Phường Quy Nhơn;Nhà riêng;thue;2025-03;;;;;;;;san;kiet;;
Gia Lai;Phường Quy Nhơn;Nhà riêng;thue;2025-04;;;;;;;;san;lon;;
Gia Lai;Phường Quy Nhơn;Nhà riêng;thue;2025-04;;;;;;;;san;nho;;
Gia Lai;Phường Quy Nhơn;Nhà riêng;thue;2025-04;;;;;;;;san;kiet;;
Gia Lai;Phường Quy Nhơn;Nhà riêng;thue;2025-05;;;;;;;;san;lon;;
Gia Lai;Phường Quy Nhơn;Nhà riêng;thue;2025-05;;;;;;;;san;nho;;
Gia Lai;Phường Quy Nhơn;Nhà riêng;thue;2025-05;;;;;;;;san;kiet;;
Gia Lai;Phường Quy Nhơn;Nhà riêng;thue;2025-06;;;;;;;;san;lon;;
Gia Lai;Phường Quy Nhơn;Nhà riêng;thue;2025-06;;;;;;;;san;nho;;
Gia Lai;Phường Quy Nhơn;Nhà riêng;thue;2025-06;;;;;;;;san;kiet;;
Gia Lai;Phường Quy Nhơn;Nhà riêng;thue;2025-07;;;;;;;;san;lon;;
Gia Lai;Phường Quy Nhơn;Nhà riêng;thue;2025-07;;;;;;;;san;nho;;
Gia Lai;Phường Quy Nhơn;Nhà riêng;thue;2025-07;;;;;;;;san;kiet;;
Gia Lai;Phường Quy Nhơn;Nhà riêng;thue;2025-08;;;;;;;;san;lon;;
Gia Lai;Phường Quy Nhơn;Nhà riêng;thue;2025-08;;;;;;;;san;nho;;
Gia Lai;Phường Quy Nhơn;Nhà riêng;thue;2025-08;;;;;;;;san;kiet;;
Gia Lai;Phường Quy Nhơn;Nhà riêng;thue;2025-09;;;;;;;;san;lon;;
Gia Lai;Phường Quy Nhơn;Nhà riêng;thue;2025-09;;;;;;;;san;nho;;
Gia Lai;Phường Quy Nhơn;Nhà riêng;thue;2025-09;;;;;;;;san;kiet;;
Gia Lai;Phường Quy Nhơn;Nhà riêng;thue;2025-10;;;;;;;;san;lon;;
Gia Lai;Phường Quy Nhơn;Nhà riêng;thue;2025-10;;;;;;;;san;nho;;
Gia Lai;Phường Quy Nhơn;Nhà riêng;thue;2025-10;;;;;;;;san;kiet;;
Gia Lai;Phường Quy Nhơn;Nhà riêng;thue;2025-11;;;;;;;;san;lon;;
Gia Lai;Phường Quy Nhơn;Nhà riêng;thue;2025-11;;;;;;;;san;nho;;
Gia Lai;Phường Quy Nhơn;Nhà riêng;thue;2025-11;;;;;;;;san;kiet;;
Gia Lai;Phường Quy Nhơn;Nhà riêng;thue;2025-12;;;;;;;;san;lon;;
Gia Lai;Phường Quy Nhơn;Nhà riêng;thue;2025-12;;;;;;;;san;nho;;
Gia Lai;Phường Quy Nhơn;Nhà riêng;thue;2025-12;;;;;;;;san;kiet;;
Gia Lai;Phường Quy Nhơn;Nhà riêng;thue;2026-01;;;;;;;;san;lon;;
Gia Lai;Phường Quy Nhơn;Nhà riêng;thue;2026-01;;;;;;;;san;nho;;
Gia Lai;Phường Quy Nhơn;Nhà riêng;thue;2026-01;;;;;;;;san;kiet;;
Gia Lai;Phường Quy Nhơn;Nhà riêng;thue;2026-02;;;;;;;;san;lon;;
Gia Lai;Phường Quy Nhơn;Nhà riêng;thue;2026-02;;;;;;;;san;nho;;
Gia Lai;Phường Quy Nhơn;Nhà riêng;thue;2026-02;;;;;;;;san;kiet;;
Gia Lai;Phường Quy Nhơn;Nhà riêng;thue;2026-03;;;;;;;;san;lon;;
Gia Lai;Phường Quy Nhơn;Nhà riêng;thue;2026-03;;;;;;;;san;nho;;
Gia Lai;Phường Quy Nhơn;Nhà riêng;thue;2026-03;;;;;;;;san;kiet;;
Gia Lai;Phường Quy Nhơn;Nhà riêng;thue;2026-04;;;;;;;;san;lon;;
Gia Lai;Phường Quy Nhơn;Nhà riêng;thue;2026-04;;;;;;;;san;nho;;
Gia Lai;Phường Quy Nhơn;Nhà riêng;thue;2026-04;;;;;;;;san;kiet;;
Gia Lai;Phường Quy Nhơn;Nhà riêng;thue;2026-05;;;;;;;;san;lon;;
Gia Lai;Phường Quy Nhơn;Nhà riêng;thue;2026-05;;;;;;;;san;nho;;
Gia Lai;Phường Quy Nhơn;Nhà riêng;thue;2026-05;;;;;;;;san;kiet;;
Gia Lai;Phường Quy Nhơn;Nhà riêng;thue;2026-06;;;;;;;;san;lon;;
Gia Lai;Phường Quy Nhơn;Nhà riêng;thue;2026-06;;;;;;;;san;nho;;
Gia Lai;Phường Quy Nhơn;Nhà riêng;thue;2026-06;;;;;;;;san;kiet;;
Gia Lai;Phường Quy Nhơn;Nhà riêng;thue;2026-07;;;;;;;;san;lon;;
Gia Lai;Phường Quy Nhơn;Nhà riêng;thue;2026-07;;;;;;;;san;nho;;
Gia Lai;Phường Quy Nhơn;Nhà riêng;thue;2026-07;;;;;;;;san;kiet;;
Gia Lai;Phường Quy Nhơn;Nhà riêng;thue;2026-08;;;;;;;;san;lon;;
Gia Lai;Phường Quy Nhơn;Nhà riêng;thue;2026-08;;;;;;;;san;nho;;
Gia Lai;Phường Quy Nhơn;Nhà riêng;thue;2026-08;;;;;;;;san;kiet;;
Gia Lai;Phường Quy Nhơn;Nhà riêng;thue;2026-09;;;;;;;;san;lon;;
Gia Lai;Phường Quy Nhơn;Nhà riêng;thue;2026-09;;;;;;;;san;nho;;
Gia Lai;Phường Quy Nhơn;Nhà riêng;thue;2026-09;;;;;;;;san;kiet;;
Gia Lai;Phường Quy Nhơn Bắc;Shophouse / Nhà phố thương mại;ban;2024-10;;;;;;;;san;lon;;
Gia Lai;Phường Quy Nhơn Bắc;Shophouse / Nhà phố thương mại;ban;2024-10;;;;;;;;san;nho;;
Gia Lai;Phường Quy Nhơn Bắc;Shophouse / Nhà phố thương mại;ban;2024-10;;;;;;;;san;kiet;;
Gia Lai;Phường Quy Nhơn Bắc;Shophouse / Nhà phố thương mại;ban;2024-11;;;;;;;;san;lon;;
Gia Lai;Phường Quy Nhơn Bắc;Shophouse / Nhà phố thương mại;ban;2024-11;;;;;;;;san;nho;;
Gia Lai;Phường Quy Nhơn Bắc;Shophouse / Nhà phố thương mại;ban;2024-11;;;;;;;;san;kiet;;
Gia Lai;Phường Quy Nhơn Bắc;Shophouse / Nhà phố thương mại;ban;2024-12;;;;;;;;san;lon;;
Gia Lai;Phường Quy Nhơn Bắc;Shophouse / Nhà phố thương mại;ban;2024-12;;;;;;;;san;nho;;
Gia Lai;Phường Quy Nhơn Bắc;Shophouse / Nhà phố thương mại;ban;2024-12;;;;;;;;san;kiet;;
Gia Lai;Phường Quy Nhơn Bắc;Shophouse / Nhà phố thương mại;ban;2025-01;;;;;;;;san;lon;;
Gia Lai;Phường Quy Nhơn Bắc;Shophouse / Nhà phố thương mại;ban;2025-01;;;;;;;;san;nho;;
Gia Lai;Phường Quy Nhơn Bắc;Shophouse / Nhà phố thương mại;ban;2025-01;;;;;;;;san;kiet;;
Gia Lai;Phường Quy Nhơn Bắc;Shophouse / Nhà phố thương mại;ban;2025-02;;;;;;;;san;lon;;
Gia Lai;Phường Quy Nhơn Bắc;Shophouse / Nhà phố thương mại;ban;2025-02;;;;;;;;san;nho;;
Gia Lai;Phường Quy Nhơn Bắc;Shophouse / Nhà phố thương mại;ban;2025-02;;;;;;;;san;kiet;;
Gia Lai;Phường Quy Nhơn Bắc;Shophouse / Nhà phố thương mại;ban;2025-03;;;;;;;;san;lon;;
Gia Lai;Phường Quy Nhơn Bắc;Shophouse / Nhà phố thương mại;ban;2025-03;;;;;;;;san;nho;;
Gia Lai;Phường Quy Nhơn Bắc;Shophouse / Nhà phố thương mại;ban;2025-03;;;;;;;;san;kiet;;
Gia Lai;Phường Quy Nhơn Bắc;Shophouse / Nhà phố thương mại;ban;2025-04;;;;;;;;san;lon;;
Gia Lai;Phường Quy Nhơn Bắc;Shophouse / Nhà phố thương mại;ban;2025-04;;;;;;;;san;nho;;
Gia Lai;Phường Quy Nhơn Bắc;Shophouse / Nhà phố thương mại;ban;2025-04;;;;;;;;san;kiet;;
Gia Lai;Phường Quy Nhơn Bắc;Shophouse / Nhà phố thương mại;ban;2025-05;;;;;;;;san;lon;;
Gia Lai;Phường Quy Nhơn Bắc;Shophouse / Nhà phố thương mại;ban;2025-05;;;;;;;;san;nho;;
Gia Lai;Phường Quy Nhơn Bắc;Shophouse / Nhà phố thương mại;ban;2025-05;;;;;;;;san;kiet;;
Gia Lai;Phường Quy Nhơn Bắc;Shophouse / Nhà phố thương mại;ban;2025-06;;;;;;;;san;lon;;
Gia Lai;Phường Quy Nhơn Bắc;Shophouse / Nhà phố thương mại;ban;2025-06;;;;;;;;san;nho;;
Gia Lai;Phường Quy Nhơn Bắc;Shophouse / Nhà phố thương mại;ban;2025-06;;;;;;;;san;kiet;;
Gia Lai;Phường Quy Nhơn Bắc;Shophouse / Nhà phố thương mại;ban;2025-07;;;;;;;;san;lon;;
Gia Lai;Phường Quy Nhơn Bắc;Shophouse / Nhà phố thương mại;ban;2025-07;;;;;;;;san;nho;;
Gia Lai;Phường Quy Nhơn Bắc;Shophouse / Nhà phố thương mại;ban;2025-07;;;;;;;;san;kiet;;
Gia Lai;Phường Quy Nhơn Bắc;Shophouse / Nhà phố thương mại;ban;2025-08;;;;;;;;san;lon;;
Gia Lai;Phường Quy Nhơn Bắc;Shophouse / Nhà phố thương mại;ban;2025-08;;;;;;;;san;nho;;
Gia Lai;Phường Quy Nhơn Bắc;Shophouse / Nhà phố thương mại;ban;2025-08;;;;;;;;san;kiet;;
Gia Lai;Phường Quy Nhơn Bắc;Shophouse / Nhà phố thương mại;ban;2025-09;;;;;;;;san;lon;;
Gia Lai;Phường Quy Nhơn Bắc;Shophouse / Nhà phố thương mại;ban;2025-09;;;;;;;;san;nho;;
Gia Lai;Phường Quy Nhơn Bắc;Shophouse / Nhà phố thương mại;ban;2025-09;;;;;;;;san;kiet;;
Gia Lai;Phường Quy Nhơn Bắc;Shophouse / Nhà phố thương mại;ban;2025-10;;;;;;;;san;lon;;
Gia Lai;Phường Quy Nhơn Bắc;Shophouse / Nhà phố thương mại;ban;2025-10;;;;;;;;san;nho;;
Gia Lai;Phường Quy Nhơn Bắc;Shophouse / Nhà phố thương mại;ban;2025-10;;;;;;;;san;kiet;;
Gia Lai;Phường Quy Nhơn Bắc;Shophouse / Nhà phố thương mại;ban;2025-11;;;;;;;;san;lon;;
Gia Lai;Phường Quy Nhơn Bắc;Shophouse / Nhà phố thương mại;ban;2025-11;;;;;;;;san;nho;;
Gia Lai;Phường Quy Nhơn Bắc;Shophouse / Nhà phố thương mại;ban;2025-11;;;;;;;;san;kiet;;
Gia Lai;Phường Quy Nhơn Bắc;Shophouse / Nhà phố thương mại;ban;2025-12;;;;;;;;san;lon;;
Gia Lai;Phường Quy Nhơn Bắc;Shophouse / Nhà phố thương mại;ban;2025-12;;;;;;;;san;nho;;
Gia Lai;Phường Quy Nhơn Bắc;Shophouse / Nhà phố thương mại;ban;2025-12;;;;;;;;san;kiet;;
Gia Lai;Phường Quy Nhơn Bắc;Shophouse / Nhà phố thương mại;ban;2026-01;;;;;;;;san;lon;;
Gia Lai;Phường Quy Nhơn Bắc;Shophouse / Nhà phố thương mại;ban;2026-01;;;;;;;;san;nho;;
Gia Lai;Phường Quy Nhơn Bắc;Shophouse / Nhà phố thương mại;ban;2026-01;;;;;;;;san;kiet;;
Gia Lai;Phường Quy Nhơn Bắc;Shophouse / Nhà phố thương mại;ban;2026-02;;;;;;;;san;lon;;
Gia Lai;Phường Quy Nhơn Bắc;Shophouse / Nhà phố thương mại;ban;2026-02;;;;;;;;san;nho;;
Gia Lai;Phường Quy Nhơn Bắc;Shophouse / Nhà phố thương mại;ban;2026-02;;;;;;;;san;kiet;;
Gia Lai;Phường Quy Nhơn Bắc;Shophouse / Nhà phố thương mại;ban;2026-03;;;;;;;;san;lon;;
Gia Lai;Phường Quy Nhơn Bắc;Shophouse / Nhà phố thương mại;ban;2026-03;;;;;;;;san;nho;;
Gia Lai;Phường Quy Nhơn Bắc;Shophouse / Nhà phố thương mại;ban;2026-03;;;;;;;;san;kiet;;
Gia Lai;Phường Quy Nhơn Bắc;Shophouse / Nhà phố thương mại;ban;2026-04;;;;;;;;san;lon;;
Gia Lai;Phường Quy Nhơn Bắc;Shophouse / Nhà phố thương mại;ban;2026-04;;;;;;;;san;nho;;
Gia Lai;Phường Quy Nhơn Bắc;Shophouse / Nhà phố thương mại;ban;2026-04;;;;;;;;san;kiet;;
Gia Lai;Phường Quy Nhơn Bắc;Shophouse / Nhà phố thương mại;ban;2026-05;;;;;;;;san;lon;;
Gia Lai;Phường Quy Nhơn Bắc;Shophouse / Nhà phố thương mại;ban;2026-05;;;;;;;;san;nho;;
Gia Lai;Phường Quy Nhơn Bắc;Shophouse / Nhà phố thương mại;ban;2026-05;;;;;;;;san;kiet;;
Gia Lai;Phường Quy Nhơn Bắc;Shophouse / Nhà phố thương mại;ban;2026-06;;;;;;;;san;lon;;
Gia Lai;Phường Quy Nhơn Bắc;Shophouse / Nhà phố thương mại;ban;2026-06;;;;;;;;san;nho;;
Gia Lai;Phường Quy Nhơn Bắc;Shophouse / Nhà phố thương mại;ban;2026-06;;;;;;;;san;kiet;;
Gia Lai;Phường Quy Nhơn Bắc;Shophouse / Nhà phố thương mại;ban;2026-07;;;;;;;;san;lon;;
Gia Lai;Phường Quy Nhơn Bắc;Shophouse / Nhà phố thương mại;ban;2026-07;;;;;;;;san;nho;;
Gia Lai;Phường Quy Nhơn Bắc;Shophouse / Nhà phố thương mại;ban;2026-07;;;;;;;;san;kiet;;
Gia Lai;Phường Quy Nhơn Bắc;Shophouse / Nhà phố thương mại;ban;2026-08;;;;;;;;san;lon;;
Gia Lai;Phường Quy Nhơn Bắc;Shophouse / Nhà phố thương mại;ban;2026-08;;;;;;;;san;nho;;
Gia Lai;Phường Quy Nhơn Bắc;Shophouse / Nhà phố thương mại;ban;2026-08;;;;;;;;san;kiet;;
Gia Lai;Phường Quy Nhơn Bắc;Shophouse / Nhà phố thương mại;ban;2026-09;;;;;;;;san;lon;;
Gia Lai;Phường Quy Nhơn Bắc;Shophouse / Nhà phố thương mại;ban;2026-09;;;;;;;;san;nho;;
Gia Lai;Phường Quy Nhơn Bắc;Shophouse / Nhà phố thương mại;ban;2026-09;;;;;;;;san;kiet;;
Gia Lai;Phường Quy Nhơn Tây;Thuê đất / Nhà xưởng / Kho bãi;thue;2024-10;;;;;;;;dat;lon;;
Gia Lai;Phường Quy Nhơn Tây;Thuê đất / Nhà xưởng / Kho bãi;thue;2024-10;;;;;;;;dat;nho;;
Gia Lai;Phường Quy Nhơn Tây;Thuê đất / Nhà xưởng / Kho bãi;thue;2024-10;;;;;;;;dat;kiet;;
Gia Lai;Phường Quy Nhơn Tây;Thuê đất / Nhà xưởng / Kho bãi;thue;2024-11;;;;;;;;dat;lon;;
Gia Lai;Phường Quy Nhơn Tây;Thuê đất / Nhà xưởng / Kho bãi;thue;2024-11;;;;;;;;dat;nho;;
Gia Lai;Phường Quy Nhơn Tây;Thuê đất / Nhà xưởng / Kho bãi;thue;2024-11;;;;;;;;dat;kiet;;
Gia Lai;Phường Quy Nhơn Tây;Thuê đất / Nhà xưởng / Kho bãi;thue;2024-12;;;;;;;;dat;lon;;
Gia Lai;Phường Quy Nhơn Tây;Thuê đất / Nhà xưởng / Kho bãi;thue;2024-12;;;;;;;;dat;nho;;
Gia Lai;Phường Quy Nhơn Tây;Thuê đất / Nhà xưởng / Kho bãi;thue;2024-12;;;;;;;;dat;kiet;;
Gia Lai;Phường Quy Nhơn Tây;Thuê đất / Nhà xưởng / Kho bãi;thue;2025-01;;;;;;;;dat;lon;;
Gia Lai;Phường Quy Nhơn Tây;Thuê đất / Nhà xưởng / Kho bãi;thue;2025-01;;;;;;;;dat;nho;;
Gia Lai;Phường Quy Nhơn Tây;Thuê đất / Nhà xưởng / Kho bãi;thue;2025-01;;;;;;;;dat;kiet;;
Gia Lai;Phường Quy Nhơn Tây;Thuê đất / Nhà xưởng / Kho bãi;thue;2025-02;;;;;;;;dat;lon;;
Gia Lai;Phường Quy Nhơn Tây;Thuê đất / Nhà xưởng / Kho bãi;thue;2025-02;;;;;;;;dat;nho;;
Gia Lai;Phường Quy Nhơn Tây;Thuê đất / Nhà xưởng / Kho bãi;thue;2025-02;;;;;;;;dat;kiet;;
Gia Lai;Phường Quy Nhơn Tây;Thuê đất / Nhà xưởng / Kho bãi;thue;2025-03;;;;;;;;dat;lon;;
Gia Lai;Phường Quy Nhơn Tây;Thuê đất / Nhà xưởng / Kho bãi;thue;2025-03;;;;;;;;dat;nho;;
Gia Lai;Phường Quy Nhơn Tây;Thuê đất / Nhà xưởng / Kho bãi;thue;2025-03;;;;;;;;dat;kiet;;
Gia Lai;Phường Quy Nhơn Tây;Thuê đất / Nhà xưởng / Kho bãi;thue;2025-04;;;;;;;;dat;lon;;
Gia Lai;Phường Quy Nhơn Tây;Thuê đất / Nhà xưởng / Kho bãi;thue;2025-04;;;;;;;;dat;nho;;
Gia Lai;Phường Quy Nhơn Tây;Thuê đất / Nhà xưởng / Kho bãi;thue;2025-04;;;;;;;;dat;kiet;;
Gia Lai;Phường Quy Nhơn Tây;Thuê đất / Nhà xưởng / Kho bãi;thue;2025-05;;;;;;;;dat;lon;;
Gia Lai;Phường Quy Nhơn Tây;Thuê đất / Nhà xưởng / Kho bãi;thue;2025-05;;;;;;;;dat;nho;;
Gia Lai;Phường Quy Nhơn Tây;Thuê đất / Nhà xưởng / Kho bãi;thue;2025-05;;;;;;;;dat;kiet;;
Gia Lai;Phường Quy Nhơn Tây;Thuê đất / Nhà xưởng / Kho bãi;thue;2025-06;;;;;;;;dat;lon;;
Gia Lai;Phường Quy Nhơn Tây;Thuê đất / Nhà xưởng / Kho bãi;thue;2025-06;;;;;;;;dat;nho;;
Gia Lai;Phường Quy Nhơn Tây;Thuê đất / Nhà xưởng / Kho bãi;thue;2025-06;;;;;;;;dat;kiet;;
Gia Lai;Phường Quy Nhơn Tây;Thuê đất / Nhà xưởng / Kho bãi;thue;2025-07;;;;;;;;dat;lon;;
Gia Lai;Phường Quy Nhơn Tây;Thuê đất / Nhà xưởng / Kho bãi;thue;2025-07;;;;;;;;dat;nho;;
Gia Lai;Phường Quy Nhơn Tây;Thuê đất / Nhà xưởng / Kho bãi;thue;2025-07;;;;;;;;dat;kiet;;
Gia Lai;Phường Quy Nhơn Tây;Thuê đất / Nhà xưởng / Kho bãi;thue;2025-08;;;;;;;;dat;lon;;
Gia Lai;Phường Quy Nhơn Tây;Thuê đất / Nhà xưởng / Kho bãi;thue;2025-08;;;;;;;;dat;nho;;
Gia Lai;Phường Quy Nhơn Tây;Thuê đất / Nhà xưởng / Kho bãi;thue;2025-08;;;;;;;;dat;kiet;;
Gia Lai;Phường Quy Nhơn Tây;Thuê đất / Nhà xưởng / Kho bãi;thue;2025-09;;;;;;;;dat;lon;;
Gia Lai;Phường Quy Nhơn Tây;Thuê đất / Nhà xưởng / Kho bãi;thue;2025-09;;;;;;;;dat;nho;;
Gia Lai;Phường Quy Nhơn Tây;Thuê đất / Nhà xưởng / Kho bãi;thue;2025-09;;;;;;;;dat;kiet;;
Gia Lai;Phường Quy Nhơn Tây;Thuê đất / Nhà xưởng / Kho bãi;thue;2025-10;;;;;;;;dat;lon;;
Gia Lai;Phường Quy Nhơn Tây;Thuê đất / Nhà xưởng / Kho bãi;thue;2025-10;;;;;;;;dat;nho;;
Gia Lai;Phường Quy Nhơn Tây;Thuê đất / Nhà xưởng / Kho bãi;thue;2025-10;;;;;;;;dat;kiet;;
Gia Lai;Phường Quy Nhơn Tây;Thuê đất / Nhà xưởng / Kho bãi;thue;2025-11;;;;;;;;dat;lon;;
Gia Lai;Phường Quy Nhơn Tây;Thuê đất / Nhà xưởng / Kho bãi;thue;2025-11;;;;;;;;dat;nho;;
Gia Lai;Phường Quy Nhơn Tây;Thuê đất / Nhà xưởng / Kho bãi;thue;2025-11;;;;;;;;dat;kiet;;
Gia Lai;Phường Quy Nhơn Tây;Thuê đất / Nhà xưởng / Kho bãi;thue;2025-12;;;;;;;;dat;lon;;
Gia Lai;Phường Quy Nhơn Tây;Thuê đất / Nhà xưởng / Kho bãi;thue;2025-12;;;;;;;;dat;nho;;
Gia Lai;Phường Quy Nhơn Tây;Thuê đất / Nhà xưởng / Kho bãi;thue;2025-12;;;;;;;;dat;kiet;;
Gia Lai;Phường Quy Nhơn Tây;Thuê đất / Nhà xưởng / Kho bãi;thue;2026-01;;;;;;;;dat;lon;;
Gia Lai;Phường Quy Nhơn Tây;Thuê đất / Nhà xưởng / Kho bãi;thue;2026-01;;;;;;;;dat;nho;;
Gia Lai;Phường Quy Nhơn Tây;Thuê đất / Nhà xưởng / Kho bãi;thue;2026-01;;;;;;;;dat;kiet;;
Gia Lai;Phường Quy Nhơn Tây;Thuê đất / Nhà xưởng / Kho bãi;thue;2026-02;;;;;;;;dat;lon;;
Gia Lai;Phường Quy Nhơn Tây;Thuê đất / Nhà xưởng / Kho bãi;thue;2026-02;;;;;;;;dat;nho;;
Gia Lai;Phường Quy Nhơn Tây;Thuê đất / Nhà xưởng / Kho bãi;thue;2026-02;;;;;;;;dat;kiet;;
Gia Lai;Phường Quy Nhơn Tây;Thuê đất / Nhà xưởng / Kho bãi;thue;2026-03;;;;;;;;dat;lon;;
Gia Lai;Phường Quy Nhơn Tây;Thuê đất / Nhà xưởng / Kho bãi;thue;2026-03;;;;;;;;dat;nho;;
Gia Lai;Phường Quy Nhơn Tây;Thuê đất / Nhà xưởng / Kho bãi;thue;2026-03;;;;;;;;dat;kiet;;
Gia Lai;Phường Quy Nhơn Tây;Thuê đất / Nhà xưởng / Kho bãi;thue;2026-04;;;;;;;;dat;lon;;
Gia Lai;Phường Quy Nhơn Tây;Thuê đất / Nhà xưởng / Kho bãi;thue;2026-04;;;;;;;;dat;nho;;
Gia Lai;Phường Quy Nhơn Tây;Thuê đất / Nhà xưởng / Kho bãi;thue;2026-04;;;;;;;;dat;kiet;;
Gia Lai;Phường Quy Nhơn Tây;Thuê đất / Nhà xưởng / Kho bãi;thue;2026-05;;;;;;;;dat;lon;;
Gia Lai;Phường Quy Nhơn Tây;Thuê đất / Nhà xưởng / Kho bãi;thue;2026-05;;;;;;;;dat;nho;;
Gia Lai;Phường Quy Nhơn Tây;Thuê đất / Nhà xưởng / Kho bãi;thue;2026-05;;;;;;;;dat;kiet;;
Gia Lai;Phường Quy Nhơn Tây;Thuê đất / Nhà xưởng / Kho bãi;thue;2026-06;;;;;;;;dat;lon;;
Gia Lai;Phường Quy Nhơn Tây;Thuê đất / Nhà xưởng / Kho bãi;thue;2026-06;;;;;;;;dat;nho;;
Gia Lai;Phường Quy Nhơn Tây;Thuê đất / Nhà xưởng / Kho bãi;thue;2026-06;;;;;;;;dat;kiet;;
Gia Lai;Phường Quy Nhơn Tây;Thuê đất / Nhà xưởng / Kho bãi;thue;2026-07;;;;;;;;dat;lon;;
Gia Lai;Phường Quy Nhơn Tây;Thuê đất / Nhà xưởng / Kho bãi;thue;2026-07;;;;;;;;dat;nho;;
Gia Lai;Phường Quy Nhơn Tây;Thuê đất / Nhà xưởng / Kho bãi;thue;2026-07;;;;;;;;dat;kiet;;
Gia Lai;Phường Quy Nhơn Tây;Thuê đất / Nhà xưởng / Kho bãi;thue;2026-08;;;;;;;;dat;lon;;
Gia Lai;Phường Quy Nhơn Tây;Thuê đất / Nhà xưởng / Kho bãi;thue;2026-08;;;;;;;;dat;nho;;
Gia Lai;Phường Quy Nhơn Tây;Thuê đất / Nhà xưởng / Kho bãi;thue;2026-08;;;;;;;;dat;kiet;;
Gia Lai;Phường Quy Nhơn Tây;Thuê đất / Nhà xưởng / Kho bãi;thue;2026-09;;;;;;;;dat;lon;;
Gia Lai;Phường Quy Nhơn Tây;Thuê đất / Nhà xưởng / Kho bãi;thue;2026-09;;;;;;;;dat;nho;;
Gia Lai;Phường Quy Nhơn Tây;Thuê đất / Nhà xưởng / Kho bãi;thue;2026-09;;;;;;;;dat;kiet;;
Gia Lai;Phường Quy Nhơn Đông;Thuê đất / Nhà xưởng / Kho bãi;thue;2024-10;;;;;;;;dat;lon;;
Gia Lai;Phường Quy Nhơn Đông;Thuê đất / Nhà xưởng / Kho bãi;thue;2024-10;;;;;;;;dat;nho;;
Gia Lai;Phường Quy Nhơn Đông;Thuê đất / Nhà xưởng / Kho bãi;thue;2024-10;;;;;;;;dat;kiet;;
Gia Lai;Phường Quy Nhơn Đông;Thuê đất / Nhà xưởng / Kho bãi;thue;2024-11;;;;;;;;dat;lon;;
Gia Lai;Phường Quy Nhơn Đông;Thuê đất / Nhà xưởng / Kho bãi;thue;2024-11;;;;;;;;dat;nho;;
Gia Lai;Phường Quy Nhơn Đông;Thuê đất / Nhà xưởng / Kho bãi;thue;2024-11;;;;;;;;dat;kiet;;
Gia Lai;Phường Quy Nhơn Đông;Thuê đất / Nhà xưởng / Kho bãi;thue;2024-12;;;;;;;;dat;lon;;
Gia Lai;Phường Quy Nhơn Đông;Thuê đất / Nhà xưởng / Kho bãi;thue;2024-12;;;;;;;;dat;nho;;
Gia Lai;Phường Quy Nhơn Đông;Thuê đất / Nhà xưởng / Kho bãi;thue;2024-12;;;;;;;;dat;kiet;;
Gia Lai;Phường Quy Nhơn Đông;Thuê đất / Nhà xưởng / Kho bãi;thue;2025-01;;;;;;;;dat;lon;;
Gia Lai;Phường Quy Nhơn Đông;Thuê đất / Nhà xưởng / Kho bãi;thue;2025-01;;;;;;;;dat;nho;;
Gia Lai;Phường Quy Nhơn Đông;Thuê đất / Nhà xưởng / Kho bãi;thue;2025-01;;;;;;;;dat;kiet;;
Gia Lai;Phường Quy Nhơn Đông;Thuê đất / Nhà xưởng / Kho bãi;thue;2025-02;;;;;;;;dat;lon;;
Gia Lai;Phường Quy Nhơn Đông;Thuê đất / Nhà xưởng / Kho bãi;thue;2025-02;;;;;;;;dat;nho;;
Gia Lai;Phường Quy Nhơn Đông;Thuê đất / Nhà xưởng / Kho bãi;thue;2025-02;;;;;;;;dat;kiet;;
Gia Lai;Phường Quy Nhơn Đông;Thuê đất / Nhà xưởng / Kho bãi;thue;2025-03;;;;;;;;dat;lon;;
Gia Lai;Phường Quy Nhơn Đông;Thuê đất / Nhà xưởng / Kho bãi;thue;2025-03;;;;;;;;dat;nho;;
Gia Lai;Phường Quy Nhơn Đông;Thuê đất / Nhà xưởng / Kho bãi;thue;2025-03;;;;;;;;dat;kiet;;
Gia Lai;Phường Quy Nhơn Đông;Thuê đất / Nhà xưởng / Kho bãi;thue;2025-04;;;;;;;;dat;lon;;
Gia Lai;Phường Quy Nhơn Đông;Thuê đất / Nhà xưởng / Kho bãi;thue;2025-04;;;;;;;;dat;nho;;
Gia Lai;Phường Quy Nhơn Đông;Thuê đất / Nhà xưởng / Kho bãi;thue;2025-04;;;;;;;;dat;kiet;;
Gia Lai;Phường Quy Nhơn Đông;Thuê đất / Nhà xưởng / Kho bãi;thue;2025-05;;;;;;;;dat;lon;;
Gia Lai;Phường Quy Nhơn Đông;Thuê đất / Nhà xưởng / Kho bãi;thue;2025-05;;;;;;;;dat;nho;;
Gia Lai;Phường Quy Nhơn Đông;Thuê đất / Nhà xưởng / Kho bãi;thue;2025-05;;;;;;;;dat;kiet;;
Gia Lai;Phường Quy Nhơn Đông;Thuê đất / Nhà xưởng / Kho bãi;thue;2025-06;;;;;;;;dat;lon;;
Gia Lai;Phường Quy Nhơn Đông;Thuê đất / Nhà xưởng / Kho bãi;thue;2025-06;;;;;;;;dat;nho;;
Gia Lai;Phường Quy Nhơn Đông;Thuê đất / Nhà xưởng / Kho bãi;thue;2025-06;;;;;;;;dat;kiet;;
Gia Lai;Phường Quy Nhơn Đông;Thuê đất / Nhà xưởng / Kho bãi;thue;2025-07;;;;;;;;dat;lon;;
Gia Lai;Phường Quy Nhơn Đông;Thuê đất / Nhà xưởng / Kho bãi;thue;2025-07;;;;;;;;dat;nho;;
Gia Lai;Phường Quy Nhơn Đông;Thuê đất / Nhà xưởng / Kho bãi;thue;2025-07;;;;;;;;dat;kiet;;
Gia Lai;Phường Quy Nhơn Đông;Thuê đất / Nhà xưởng / Kho bãi;thue;2025-08;;;;;;;;dat;lon;;
Gia Lai;Phường Quy Nhơn Đông;Thuê đất / Nhà xưởng / Kho bãi;thue;2025-08;;;;;;;;dat;nho;;
Gia Lai;Phường Quy Nhơn Đông;Thuê đất / Nhà xưởng / Kho bãi;thue;2025-08;;;;;;;;dat;kiet;;
Gia Lai;Phường Quy Nhơn Đông;Thuê đất / Nhà xưởng / Kho bãi;thue;2025-09;;;;;;;;dat;lon;;
Gia Lai;Phường Quy Nhơn Đông;Thuê đất / Nhà xưởng / Kho bãi;thue;2025-09;;;;;;;;dat;nho;;
Gia Lai;Phường Quy Nhơn Đông;Thuê đất / Nhà xưởng / Kho bãi;thue;2025-09;;;;;;;;dat;kiet;;
Gia Lai;Phường Quy Nhơn Đông;Thuê đất / Nhà xưởng / Kho bãi;thue;2025-10;;;;;;;;dat;lon;;
Gia Lai;Phường Quy Nhơn Đông;Thuê đất / Nhà xưởng / Kho bãi;thue;2025-10;;;;;;;;dat;nho;;
Gia Lai;Phường Quy Nhơn Đông;Thuê đất / Nhà xưởng / Kho bãi;thue;2025-10;;;;;;;;dat;kiet;;
Gia Lai;Phường Quy Nhơn Đông;Thuê đất / Nhà xưởng / Kho bãi;thue;2025-11;;;;;;;;dat;lon;;
Gia Lai;Phường Quy Nhơn Đông;Thuê đất / Nhà xưởng / Kho bãi;thue;2025-11;;;;;;;;dat;nho;;
Gia Lai;Phường Quy Nhơn Đông;Thuê đất / Nhà xưởng / Kho bãi;thue;2025-11;;;;;;;;dat;kiet;;
Gia Lai;Phường Quy Nhơn Đông;Thuê đất / Nhà xưởng / Kho bãi;thue;2025-12;;;;;;;;dat;lon;;
Gia Lai;Phường Quy Nhơn Đông;Thuê đất / Nhà xưởng / Kho bãi;thue;2025-12;;;;;;;;dat;nho;;
Gia Lai;Phường Quy Nhơn Đông;Thuê đất / Nhà xưởng / Kho bãi;thue;2025-12;;;;;;;;dat;kiet;;
Gia Lai;Phường Quy Nhơn Đông;Thuê đất / Nhà xưởng / Kho bãi;thue;2026-01;;;;;;;;dat;lon;;
Gia Lai;Phường Quy Nhơn Đông;Thuê đất / Nhà xưởng / Kho bãi;thue;2026-01;;;;;;;;dat;nho;;
Gia Lai;Phường Quy Nhơn Đông;Thuê đất / Nhà xưởng / Kho bãi;thue;2026-01;;;;;;;;dat;kiet;;
Gia Lai;Phường Quy Nhơn Đông;Thuê đất / Nhà xưởng / Kho bãi;thue;2026-02;;;;;;;;dat;lon;;
Gia Lai;Phường Quy Nhơn Đông;Thuê đất / Nhà xưởng / Kho bãi;thue;2026-02;;;;;;;;dat;nho;;
Gia Lai;Phường Quy Nhơn Đông;Thuê đất / Nhà xưởng / Kho bãi;thue;2026-02;;;;;;;;dat;kiet;;
Gia Lai;Phường Quy Nhơn Đông;Thuê đất / Nhà xưởng / Kho bãi;thue;2026-03;;;;;;;;dat;lon;;
Gia Lai;Phường Quy Nhơn Đông;Thuê đất / Nhà xưởng / Kho bãi;thue;2026-03;;;;;;;;dat;nho;;
Gia Lai;Phường Quy Nhơn Đông;Thuê đất / Nhà xưởng / Kho bãi;thue;2026-03;;;;;;;;dat;kiet;;
Gia Lai;Phường Quy Nhơn Đông;Thuê đất / Nhà xưởng / Kho bãi;thue;2026-04;;;;;;;;dat;lon;;
Gia Lai;Phường Quy Nhơn Đông;Thuê đất / Nhà xưởng / Kho bãi;thue;2026-04;;;;;;;;dat;nho;;
Gia Lai;Phường Quy Nhơn Đông;Thuê đất / Nhà xưởng / Kho bãi;thue;2026-04;;;;;;;;dat;kiet;;
Gia Lai;Phường Quy Nhơn Đông;Thuê đất / Nhà xưởng / Kho bãi;thue;2026-05;;;;;;;;dat;lon;;
Gia Lai;Phường Quy Nhơn Đông;Thuê đất / Nhà xưởng / Kho bãi;thue;2026-05;;;;;;;;dat;nho;;
Gia Lai;Phường Quy Nhơn Đông;Thuê đất / Nhà xưởng / Kho bãi;thue;2026-05;;;;;;;;dat;kiet;;
Gia Lai;Phường Quy Nhơn Đông;Thuê đất / Nhà xưởng / Kho bãi;thue;2026-06;;;;;;;;dat;lon;;
Gia Lai;Phường Quy Nhơn Đông;Thuê đất / Nhà xưởng / Kho bãi;thue;2026-06;;;;;;;;dat;nho;;
Gia Lai;Phường Quy Nhơn Đông;Thuê đất / Nhà xưởng / Kho bãi;thue;2026-06;;;;;;;;dat;kiet;;
Gia Lai;Phường Quy Nhơn Đông;Thuê đất / Nhà xưởng / Kho bãi;thue;2026-07;;;;;;;;dat;lon;;
Gia Lai;Phường Quy Nhơn Đông;Thuê đất / Nhà xưởng / Kho bãi;thue;2026-07;;;;;;;;dat;nho;;
Gia Lai;Phường Quy Nhơn Đông;Thuê đất / Nhà xưởng / Kho bãi;thue;2026-07;;;;;;;;dat;kiet;;
Gia Lai;Phường Quy Nhơn Đông;Thuê đất / Nhà xưởng / Kho bãi;thue;2026-08;;;;;;;;dat;lon;;
Gia Lai;Phường Quy Nhơn Đông;Thuê đất / Nhà xưởng / Kho bãi;thue;2026-08;;;;;;;;dat;nho;;
Gia Lai;Phường Quy Nhơn Đông;Thuê đất / Nhà xưởng / Kho bãi;thue;2026-08;;;;;;;;dat;kiet;;
Gia Lai;Phường Quy Nhơn Đông;Thuê đất / Nhà xưởng / Kho bãi;thue;2026-09;;;;;;;;dat;lon;;
Gia Lai;Phường Quy Nhơn Đông;Thuê đất / Nhà xưởng / Kho bãi;thue;2026-09;;;;;;;;dat;nho;;
Gia Lai;Phường Quy Nhơn Đông;Thuê đất / Nhà xưởng / Kho bãi;thue;2026-09;;;;;;;;dat;kiet;;
Huế;Phường Vỹ Dạ;Biệt thự / Liền kề;thue;2024-10;;;;;;;;san;lon;;
Huế;Phường Vỹ Dạ;Biệt thự / Liền kề;thue;2024-10;;;;;;;;san;nho;;
Huế;Phường Vỹ Dạ;Biệt thự / Liền kề;thue;2024-10;;;;;;;;san;kiet;;
Huế;Phường Vỹ Dạ;Biệt thự / Liền kề;thue;2024-11;;;;;;;;san;lon;;
Huế;Phường Vỹ Dạ;Biệt thự / Liền kề;thue;2024-11;;;;;;;;san;nho;;
Huế;Phường Vỹ Dạ;Biệt thự / Liền kề;thue;2024-11;;;;;;;;san;kiet;;
Huế;Phường Vỹ Dạ;Biệt thự / Liền kề;thue;2024-12;;;;;;;;san;lon;;
Huế;Phường Vỹ Dạ;Biệt thự / Liền kề;thue;2024-12;;;;;;;;san;nho;;
Huế;Phường Vỹ Dạ;Biệt thự / Liền kề;thue;2024-12;;;;;;;;san;kiet;;
Huế;Phường Vỹ Dạ;Biệt thự / Liền kề;thue;2025-01;;;;;;;;san;lon;;
Huế;Phường Vỹ Dạ;Biệt thự / Liền kề;thue;2025-01;;;;;;;;san;nho;;
Huế;Phường Vỹ Dạ;Biệt thự / Liền kề;thue;2025-01;;;;;;;;san;kiet;;
Huế;Phường Vỹ Dạ;Biệt thự / Liền kề;thue;2025-02;;;;;;;;san;lon;;
Huế;Phường Vỹ Dạ;Biệt thự / Liền kề;thue;2025-02;;;;;;;;san;nho;;
Huế;Phường Vỹ Dạ;Biệt thự / Liền kề;thue;2025-02;;;;;;;;san;kiet;;
Huế;Phường Vỹ Dạ;Biệt thự / Liền kề;thue;2025-03;;;;;;;;san;lon;;
Huế;Phường Vỹ Dạ;Biệt thự / Liền kề;thue;2025-03;;;;;;;;san;nho;;
Huế;Phường Vỹ Dạ;Biệt thự / Liền kề;thue;2025-03;;;;;;;;san;kiet;;
Huế;Phường Vỹ Dạ;Biệt thự / Liền kề;thue;2025-04;;;;;;;;san;lon;;
Huế;Phường Vỹ Dạ;Biệt thự / Liền kề;thue;2025-04;;;;;;;;san;nho;;
Huế;Phường Vỹ Dạ;Biệt thự / Liền kề;thue;2025-04;;;;;;;;san;kiet;;
Huế;Phường Vỹ Dạ;Biệt thự / Liền kề;thue;2025-05;;;;;;;;san;lon;;
Huế;Phường Vỹ Dạ;Biệt thự / Liền kề;thue;2025-05;;;;;;;;san;nho;;
Huế;Phường Vỹ Dạ;Biệt thự / Liền kề;thue;2025-05;;;;;;;;san;kiet;;
Huế;Phường Vỹ Dạ;Biệt thự / Liền kề;thue;2025-06;;;;;;;;san;lon;;
Huế;Phường Vỹ Dạ;Biệt thự / Liền kề;thue;2025-06;;;;;;;;san;nho;;
Huế;Phường Vỹ Dạ;Biệt thự / Liền kề;thue;2025-06;;;;;;;;san;kiet;;
Huế;Phường Vỹ Dạ;Biệt thự / Liền kề;thue;2025-07;;;;;;;;san;lon;;
Huế;Phường Vỹ Dạ;Biệt thự / Liền kề;thue;2025-07;;;;;;;;san;nho;;
Huế;Phường Vỹ Dạ;Biệt thự / Liền kề;thue;2025-07;;;;;;;;san;kiet;;
Huế;Phường Vỹ Dạ;Biệt thự / Liền kề;thue;2025-08;;;;;;;;san;lon;;
Huế;Phường Vỹ Dạ;Biệt thự / Liền kề;thue;2025-08;;;;;;;;san;nho;;
Huế;Phường Vỹ Dạ;Biệt thự / Liền kề;thue;2025-08;;;;;;;;san;kiet;;
Huế;Phường Vỹ Dạ;Biệt thự / Liền kề;thue;2025-09;;;;;;;;san;lon;;
Huế;Phường Vỹ Dạ;Biệt thự / Liền kề;thue;2025-09;;;;;;;;san;nho;;
Huế;Phường Vỹ Dạ;Biệt thự / Liền kề;thue;2025-09;;;;;;;;san;kiet;;
Huế;Phường Vỹ Dạ;Biệt thự / Liền kề;thue;2025-10;;;;;;;;san;lon;;
Huế;Phường Vỹ Dạ;Biệt thự / Liền kề;thue;2025-10;;;;;;;;san;nho;;
Huế;Phường Vỹ Dạ;Biệt thự / Liền kề;thue;2025-10;;;;;;;;san;kiet;;
Huế;Phường Vỹ Dạ;Biệt thự / Liền kề;thue;2025-11;;;;;;;;san;lon;;
Huế;Phường Vỹ Dạ;Biệt thự / Liền kề;thue;2025-11;;;;;;;;san;nho;;
Huế;Phường Vỹ Dạ;Biệt thự / Liền kề;thue;2025-11;;;;;;;;san;kiet;;
Huế;Phường Vỹ Dạ;Biệt thự / Liền kề;thue;2025-12;;;;;;;;san;lon;;
Huế;Phường Vỹ Dạ;Biệt thự / Liền kề;thue;2025-12;;;;;;;;san;nho;;
Huế;Phường Vỹ Dạ;Biệt thự / Liền kề;thue;2025-12;;;;;;;;san;kiet;;
Huế;Phường Vỹ Dạ;Biệt thự / Liền kề;thue;2026-01;;;;;;;;san;lon;;
Huế;Phường Vỹ Dạ;Biệt thự / Liền kề;thue;2026-01;;;;;;;;san;nho;;
Huế;Phường Vỹ Dạ;Biệt thự / Liền kề;thue;2026-01;;;;;;;;san;kiet;;
Huế;Phường Vỹ Dạ;Biệt thự / Liền kề;thue;2026-02;;;;;;;;san;lon;;
Huế;Phường Vỹ Dạ;Biệt thự / Liền kề;thue;2026-02;;;;;;;;san;nho;;
Huế;Phường Vỹ Dạ;Biệt thự / Liền kề;thue;2026-02;;;;;;;;san;kiet;;
Huế;Phường Vỹ Dạ;Biệt thự / Liền kề;thue;2026-03;;;;;;;;san;lon;;
Huế;Phường Vỹ Dạ;Biệt thự / Liền kề;thue;2026-03;;;;;;;;san;nho;;
Huế;Phường Vỹ Dạ;Biệt thự / Liền kề;thue;2026-03;;;;;;;;san;kiet;;
Huế;Phường Vỹ Dạ;Biệt thự / Liền kề;thue;2026-04;;;;;;;;san;lon;;
Huế;Phường Vỹ Dạ;Biệt thự / Liền kề;thue;2026-04;;;;;;;;san;nho;;
Huế;Phường Vỹ Dạ;Biệt thự / Liền kề;thue;2026-04;;;;;;;;san;kiet;;
Huế;Phường Vỹ Dạ;Biệt thự / Liền kề;thue;2026-05;;;;;;;;san;lon;;
Huế;Phường Vỹ Dạ;Biệt thự / Liền kề;thue;2026-05;;;;;;;;san;nho;;
Huế;Phường Vỹ Dạ;Biệt thự / Liền kề;thue;2026-05;;;;;;;;san;kiet;;
Huế;Phường Vỹ Dạ;Biệt thự / Liền kề;thue;2026-06;;;;;;;;san;lon;;
Huế;Phường Vỹ Dạ;Biệt thự / Liền kề;thue;2026-06;;;;;;;;san;nho;;
Huế;Phường Vỹ Dạ;Biệt thự / Liền kề;thue;2026-06;;;;;;;;san;kiet;;
Huế;Phường Vỹ Dạ;Biệt thự / Liền kề;thue;2026-07;;;;;;;;san;lon;;
Huế;Phường Vỹ Dạ;Biệt thự / Liền kề;thue;2026-07;;;;;;;;san;nho;;
Huế;Phường Vỹ Dạ;Biệt thự / Liền kề;thue;2026-07;;;;;;;;san;kiet;;
Huế;Phường Vỹ Dạ;Biệt thự / Liền kề;thue;2026-08;;;;;;;;san;lon;;
Huế;Phường Vỹ Dạ;Biệt thự / Liền kề;thue;2026-08;;;;;;;;san;nho;;
Huế;Phường Vỹ Dạ;Biệt thự / Liền kề;thue;2026-08;;;;;;;;san;kiet;;
Huế;Phường Vỹ Dạ;Biệt thự / Liền kề;thue;2026-09;;;;;;;;san;lon;;
Huế;Phường Vỹ Dạ;Biệt thự / Liền kề;thue;2026-09;;;;;;;;san;nho;;
Huế;Phường Vỹ Dạ;Biệt thự / Liền kề;thue;2026-09;;;;;;;;san;kiet;;
Huế;Phường An Cựu;Căn hộ;thue;2024-10;;;;;;;;can;;;
Huế;Phường An Cựu;Căn hộ;thue;2024-11;;;;;;;;can;;;
Huế;Phường An Cựu;Căn hộ;thue;2024-12;;;;;;;;can;;;
Huế;Phường An Cựu;Căn hộ;thue;2025-01;;;;;;;;can;;;
Huế;Phường An Cựu;Căn hộ;thue;2025-02;;;;;;;;can;;;
Huế;Phường An Cựu;Căn hộ;thue;2025-03;;;;;;;;can;;;
Huế;Phường An Cựu;Căn hộ;thue;2025-04;;;;;;;;can;;;
Huế;Phường An Cựu;Căn hộ;thue;2025-05;;;;;;;;can;;;
Huế;Phường An Cựu;Căn hộ;thue;2025-06;;;;;;;;can;;;
Huế;Phường An Cựu;Căn hộ;thue;2025-07;;;;;;;;can;;;
Huế;Phường An Cựu;Căn hộ;thue;2025-08;;;;;;;;can;;;
Huế;Phường An Cựu;Căn hộ;thue;2025-09;;;;;;;;can;;;
Huế;Phường An Cựu;Căn hộ;thue;2025-10;;;;;;;;can;;;
Huế;Phường An Cựu;Căn hộ;thue;2025-11;;;;;;;;can;;;
Huế;Phường An Cựu;Căn hộ;thue;2025-12;;;;;;;;can;;;
Huế;Phường An Cựu;Căn hộ;thue;2026-01;;;;;;;;can;;;
Huế;Phường An Cựu;Căn hộ;thue;2026-02;;;;;;;;can;;;
Huế;Phường An Cựu;Căn hộ;thue;2026-03;;;;;;;;can;;;
Huế;Phường An Cựu;Căn hộ;thue;2026-04;;;;;;;;can;;;
Huế;Phường An Cựu;Căn hộ;thue;2026-05;;;;;;;;can;;;
Huế;Phường An Cựu;Căn hộ;thue;2026-06;;;;;;;;can;;;
Huế;Phường An Cựu;Căn hộ;thue;2026-07;;;;;;;;can;;;
Huế;Phường An Cựu;Căn hộ;thue;2026-08;;;;;;;;can;;;
Huế;Phường An Cựu;Căn hộ;thue;2026-09;;;;;;;;can;;;
Huế;Phường Thuận Hóa;Căn hộ;ban;2024-10;;;;;;;;can;;;
Huế;Phường Thuận Hóa;Căn hộ;ban;2024-11;;;;;;;;can;;;
Huế;Phường Thuận Hóa;Căn hộ;ban;2024-12;;;;;;;;can;;;
Huế;Phường Thuận Hóa;Căn hộ;ban;2025-01;;;;;;;;can;;;
Huế;Phường Thuận Hóa;Căn hộ;ban;2025-02;;;;;;;;can;;;
Huế;Phường Thuận Hóa;Căn hộ;ban;2025-03;;;;;;;;can;;;
Huế;Phường Thuận Hóa;Căn hộ;ban;2025-04;;;;;;;;can;;;
Huế;Phường Thuận Hóa;Căn hộ;ban;2025-05;;;;;;;;can;;;
Huế;Phường Thuận Hóa;Căn hộ;ban;2025-06;;;;;;;;can;;;
Huế;Phường Thuận Hóa;Căn hộ;ban;2025-07;;;;;;;;can;;;
Huế;Phường Thuận Hóa;Căn hộ;ban;2025-08;;;;;;;;can;;;
Huế;Phường Thuận Hóa;Căn hộ;ban;2025-09;;;;;;;;can;;;
Huế;Phường Thuận Hóa;Căn hộ;ban;2025-10;;;;;;;;can;;;
Huế;Phường Thuận Hóa;Căn hộ;ban;2025-11;;;;;;;;can;;;
Huế;Phường Thuận Hóa;Căn hộ;ban;2025-12;;;;;;;;can;;;
Huế;Phường Thuận Hóa;Căn hộ;ban;2026-01;;;;;;;;can;;;
Huế;Phường Thuận Hóa;Căn hộ;ban;2026-02;;;;;;;;can;;;
Huế;Phường Thuận Hóa;Căn hộ;ban;2026-03;;;;;;;;can;;;
Huế;Phường Thuận Hóa;Căn hộ;ban;2026-04;;;;;;;;can;;;
Huế;Phường Thuận Hóa;Căn hộ;ban;2026-05;;;;;;;;can;;;
Huế;Phường Thuận Hóa;Căn hộ;ban;2026-06;;;;;;;;can;;;
Huế;Phường Thuận Hóa;Căn hộ;ban;2026-07;;;;;;;;can;;;
Huế;Phường Thuận Hóa;Căn hộ;ban;2026-08;;;;;;;;can;;;
Huế;Phường Thuận Hóa;Căn hộ;ban;2026-09;;;;;;;;can;;;
Huế;Phường An Cựu;Căn hộ;ban;2024-10;;;;;;;;can;;;
Huế;Phường An Cựu;Căn hộ;ban;2024-11;;;;;;;;can;;;
Huế;Phường An Cựu;Căn hộ;ban;2024-12;;;;;;;;can;;;
Huế;Phường An Cựu;Căn hộ;ban;2025-01;;;;;;;;can;;;
Huế;Phường An Cựu;Căn hộ;ban;2025-02;;;;;;;;can;;;
Huế;Phường An Cựu;Căn hộ;ban;2025-03;;;;;;;;can;;;
Huế;Phường An Cựu;Căn hộ;ban;2025-04;;;;;;;;can;;;
Huế;Phường An Cựu;Căn hộ;ban;2025-05;;;;;;;;can;;;
Huế;Phường An Cựu;Căn hộ;ban;2025-06;;;;;;;;can;;;
Huế;Phường An Cựu;Căn hộ;ban;2025-07;;;;;;;;can;;;
Huế;Phường An Cựu;Căn hộ;ban;2025-08;;;;;;;;can;;;
Huế;Phường An Cựu;Căn hộ;ban;2025-09;;;;;;;;can;;;
Huế;Phường An Cựu;Căn hộ;ban;2025-10;;;;;;;;can;;;
Huế;Phường An Cựu;Căn hộ;ban;2025-11;;;;;;;;can;;;
Huế;Phường An Cựu;Căn hộ;ban;2025-12;;;;;;;;can;;;
Huế;Phường An Cựu;Căn hộ;ban;2026-01;;;;;;;;can;;;
Huế;Phường An Cựu;Căn hộ;ban;2026-02;;;;;;;;can;;;
Huế;Phường An Cựu;Căn hộ;ban;2026-03;;;;;;;;can;;;
Huế;Phường An Cựu;Căn hộ;ban;2026-04;;;;;;;;can;;;
Huế;Phường An Cựu;Căn hộ;ban;2026-05;;;;;;;;can;;;
Huế;Phường An Cựu;Căn hộ;ban;2026-06;;;;;;;;can;;;
Huế;Phường An Cựu;Căn hộ;ban;2026-07;;;;;;;;can;;;
Huế;Phường An Cựu;Căn hộ;ban;2026-08;;;;;;;;can;;;
Huế;Phường An Cựu;Căn hộ;ban;2026-09;;;;;;;;can;;;
Huế;Phường Hương An;Đất nền / Đất nền dự án;ban;2024-10;;;;;;;;dat;lon;;
Huế;Phường Hương An;Đất nền / Đất nền dự án;ban;2024-10;;;;;;;;dat;nho;;
Huế;Phường Hương An;Đất nền / Đất nền dự án;ban;2024-10;;;;;;;;dat;kiet;;
Huế;Phường Hương An;Đất nền / Đất nền dự án;ban;2024-11;;;;;;;;dat;lon;;
Huế;Phường Hương An;Đất nền / Đất nền dự án;ban;2024-11;;;;;;;;dat;nho;;
Huế;Phường Hương An;Đất nền / Đất nền dự án;ban;2024-11;;;;;;;;dat;kiet;;
Huế;Phường Hương An;Đất nền / Đất nền dự án;ban;2024-12;;;;;;;;dat;lon;;
Huế;Phường Hương An;Đất nền / Đất nền dự án;ban;2024-12;;;;;;;;dat;nho;;
Huế;Phường Hương An;Đất nền / Đất nền dự án;ban;2024-12;;;;;;;;dat;kiet;;
Huế;Phường Hương An;Đất nền / Đất nền dự án;ban;2025-01;;;;;;;;dat;lon;;
Huế;Phường Hương An;Đất nền / Đất nền dự án;ban;2025-01;;;;;;;;dat;nho;;
Huế;Phường Hương An;Đất nền / Đất nền dự án;ban;2025-01;;;;;;;;dat;kiet;;
Huế;Phường Hương An;Đất nền / Đất nền dự án;ban;2025-02;;;;;;;;dat;lon;;
Huế;Phường Hương An;Đất nền / Đất nền dự án;ban;2025-02;;;;;;;;dat;nho;;
Huế;Phường Hương An;Đất nền / Đất nền dự án;ban;2025-02;;;;;;;;dat;kiet;;
Huế;Phường Hương An;Đất nền / Đất nền dự án;ban;2025-03;;;;;;;;dat;lon;;
Huế;Phường Hương An;Đất nền / Đất nền dự án;ban;2025-03;;;;;;;;dat;nho;;
Huế;Phường Hương An;Đất nền / Đất nền dự án;ban;2025-03;;;;;;;;dat;kiet;;
Huế;Phường Hương An;Đất nền / Đất nền dự án;ban;2025-04;;;;;;;;dat;lon;;
Huế;Phường Hương An;Đất nền / Đất nền dự án;ban;2025-04;;;;;;;;dat;nho;;
Huế;Phường Hương An;Đất nền / Đất nền dự án;ban;2025-04;;;;;;;;dat;kiet;;
Huế;Phường Hương An;Đất nền / Đất nền dự án;ban;2025-05;;;;;;;;dat;lon;;
Huế;Phường Hương An;Đất nền / Đất nền dự án;ban;2025-05;;;;;;;;dat;nho;;
Huế;Phường Hương An;Đất nền / Đất nền dự án;ban;2025-05;;;;;;;;dat;kiet;;
Huế;Phường Hương An;Đất nền / Đất nền dự án;ban;2025-06;;;;;;;;dat;lon;;
Huế;Phường Hương An;Đất nền / Đất nền dự án;ban;2025-06;;;;;;;;dat;nho;;
Huế;Phường Hương An;Đất nền / Đất nền dự án;ban;2025-06;;;;;;;;dat;kiet;;
Huế;Phường Hương An;Đất nền / Đất nền dự án;ban;2025-07;;;;;;;;dat;lon;;
Huế;Phường Hương An;Đất nền / Đất nền dự án;ban;2025-07;;;;;;;;dat;nho;;
Huế;Phường Hương An;Đất nền / Đất nền dự án;ban;2025-07;;;;;;;;dat;kiet;;
Huế;Phường Hương An;Đất nền / Đất nền dự án;ban;2025-08;;;;;;;;dat;lon;;
Huế;Phường Hương An;Đất nền / Đất nền dự án;ban;2025-08;;;;;;;;dat;nho;;
Huế;Phường Hương An;Đất nền / Đất nền dự án;ban;2025-08;;;;;;;;dat;kiet;;
Huế;Phường Hương An;Đất nền / Đất nền dự án;ban;2025-09;;;;;;;;dat;lon;;
Huế;Phường Hương An;Đất nền / Đất nền dự án;ban;2025-09;;;;;;;;dat;nho;;
Huế;Phường Hương An;Đất nền / Đất nền dự án;ban;2025-09;;;;;;;;dat;kiet;;
Huế;Phường Hương An;Đất nền / Đất nền dự án;ban;2025-10;;;;;;;;dat;lon;;
Huế;Phường Hương An;Đất nền / Đất nền dự án;ban;2025-10;;;;;;;;dat;nho;;
Huế;Phường Hương An;Đất nền / Đất nền dự án;ban;2025-10;;;;;;;;dat;kiet;;
Huế;Phường Hương An;Đất nền / Đất nền dự án;ban;2025-11;;;;;;;;dat;lon;;
Huế;Phường Hương An;Đất nền / Đất nền dự án;ban;2025-11;;;;;;;;dat;nho;;
Huế;Phường Hương An;Đất nền / Đất nền dự án;ban;2025-11;;;;;;;;dat;kiet;;
Huế;Phường Hương An;Đất nền / Đất nền dự án;ban;2025-12;;;;;;;;dat;lon;;
Huế;Phường Hương An;Đất nền / Đất nền dự án;ban;2025-12;;;;;;;;dat;nho;;
Huế;Phường Hương An;Đất nền / Đất nền dự án;ban;2025-12;;;;;;;;dat;kiet;;
Huế;Phường Hương An;Đất nền / Đất nền dự án;ban;2026-01;;;;;;;;dat;lon;;
Huế;Phường Hương An;Đất nền / Đất nền dự án;ban;2026-01;;;;;;;;dat;nho;;
Huế;Phường Hương An;Đất nền / Đất nền dự án;ban;2026-01;;;;;;;;dat;kiet;;
Huế;Phường Hương An;Đất nền / Đất nền dự án;ban;2026-02;;;;;;;;dat;lon;;
Huế;Phường Hương An;Đất nền / Đất nền dự án;ban;2026-02;;;;;;;;dat;nho;;
Huế;Phường Hương An;Đất nền / Đất nền dự án;ban;2026-02;;;;;;;;dat;kiet;;
Huế;Phường Hương An;Đất nền / Đất nền dự án;ban;2026-03;;;;;;;;dat;lon;;
Huế;Phường Hương An;Đất nền / Đất nền dự án;ban;2026-03;;;;;;;;dat;nho;;
Huế;Phường Hương An;Đất nền / Đất nền dự án;ban;2026-03;;;;;;;;dat;kiet;;
Huế;Phường Hương An;Đất nền / Đất nền dự án;ban;2026-04;;;;;;;;dat;lon;;
Huế;Phường Hương An;Đất nền / Đất nền dự án;ban;2026-04;;;;;;;;dat;nho;;
Huế;Phường Hương An;Đất nền / Đất nền dự án;ban;2026-04;;;;;;;;dat;kiet;;
Huế;Phường Hương An;Đất nền / Đất nền dự án;ban;2026-05;;;;;;;;dat;lon;;
Huế;Phường Hương An;Đất nền / Đất nền dự án;ban;2026-05;;;;;;;;dat;nho;;
Huế;Phường Hương An;Đất nền / Đất nền dự án;ban;2026-05;;;;;;;;dat;kiet;;
Huế;Phường Hương An;Đất nền / Đất nền dự án;ban;2026-06;;;;;;;;dat;lon;;
Huế;Phường Hương An;Đất nền / Đất nền dự án;ban;2026-06;;;;;;;;dat;nho;;
Huế;Phường Hương An;Đất nền / Đất nền dự án;ban;2026-06;;;;;;;;dat;kiet;;
Huế;Phường Hương An;Đất nền / Đất nền dự án;ban;2026-07;;;;;;;;dat;lon;;
Huế;Phường Hương An;Đất nền / Đất nền dự án;ban;2026-07;;;;;;;;dat;nho;;
Huế;Phường Hương An;Đất nền / Đất nền dự án;ban;2026-07;;;;;;;;dat;kiet;;
Huế;Phường Hương An;Đất nền / Đất nền dự án;ban;2026-08;;;;;;;;dat;lon;;
Huế;Phường Hương An;Đất nền / Đất nền dự án;ban;2026-08;;;;;;;;dat;nho;;
Huế;Phường Hương An;Đất nền / Đất nền dự án;ban;2026-08;;;;;;;;dat;kiet;;
Huế;Phường Hương An;Đất nền / Đất nền dự án;ban;2026-09;;;;;;;;dat;lon;;
Huế;Phường Hương An;Đất nền / Đất nền dự án;ban;2026-09;;;;;;;;dat;nho;;
Huế;Phường Hương An;Đất nền / Đất nền dự án;ban;2026-09;;;;;;;;dat;kiet;;
Huế;Phường An Cựu;Đất nền / Đất nền dự án;ban;2024-10;;;;;;;;dat;lon;;
Huế;Phường An Cựu;Đất nền / Đất nền dự án;ban;2024-10;;;;;;;;dat;nho;;
Huế;Phường An Cựu;Đất nền / Đất nền dự án;ban;2024-10;;;;;;;;dat;kiet;;
Huế;Phường An Cựu;Đất nền / Đất nền dự án;ban;2024-11;;;;;;;;dat;lon;;
Huế;Phường An Cựu;Đất nền / Đất nền dự án;ban;2024-11;;;;;;;;dat;nho;;
Huế;Phường An Cựu;Đất nền / Đất nền dự án;ban;2024-11;;;;;;;;dat;kiet;;
Huế;Phường An Cựu;Đất nền / Đất nền dự án;ban;2024-12;;;;;;;;dat;lon;;
Huế;Phường An Cựu;Đất nền / Đất nền dự án;ban;2024-12;;;;;;;;dat;nho;;
Huế;Phường An Cựu;Đất nền / Đất nền dự án;ban;2024-12;;;;;;;;dat;kiet;;
Huế;Phường An Cựu;Đất nền / Đất nền dự án;ban;2025-01;;;;;;;;dat;lon;;
Huế;Phường An Cựu;Đất nền / Đất nền dự án;ban;2025-01;;;;;;;;dat;nho;;
Huế;Phường An Cựu;Đất nền / Đất nền dự án;ban;2025-01;;;;;;;;dat;kiet;;
Huế;Phường An Cựu;Đất nền / Đất nền dự án;ban;2025-02;;;;;;;;dat;lon;;
Huế;Phường An Cựu;Đất nền / Đất nền dự án;ban;2025-02;;;;;;;;dat;nho;;
Huế;Phường An Cựu;Đất nền / Đất nền dự án;ban;2025-02;;;;;;;;dat;kiet;;
Huế;Phường An Cựu;Đất nền / Đất nền dự án;ban;2025-03;;;;;;;;dat;lon;;
Huế;Phường An Cựu;Đất nền / Đất nền dự án;ban;2025-03;;;;;;;;dat;nho;;
Huế;Phường An Cựu;Đất nền / Đất nền dự án;ban;2025-03;;;;;;;;dat;kiet;;
Huế;Phường An Cựu;Đất nền / Đất nền dự án;ban;2025-04;;;;;;;;dat;lon;;
Huế;Phường An Cựu;Đất nền / Đất nền dự án;ban;2025-04;;;;;;;;dat;nho;;
Huế;Phường An Cựu;Đất nền / Đất nền dự án;ban;2025-04;;;;;;;;dat;kiet;;
Huế;Phường An Cựu;Đất nền / Đất nền dự án;ban;2025-05;;;;;;;;dat;lon;;
Huế;Phường An Cựu;Đất nền / Đất nền dự án;ban;2025-05;;;;;;;;dat;nho;;
Huế;Phường An Cựu;Đất nền / Đất nền dự án;ban;2025-05;;;;;;;;dat;kiet;;
Huế;Phường An Cựu;Đất nền / Đất nền dự án;ban;2025-06;;;;;;;;dat;lon;;
Huế;Phường An Cựu;Đất nền / Đất nền dự án;ban;2025-06;;;;;;;;dat;nho;;
Huế;Phường An Cựu;Đất nền / Đất nền dự án;ban;2025-06;;;;;;;;dat;kiet;;
Huế;Phường An Cựu;Đất nền / Đất nền dự án;ban;2025-07;;;;;;;;dat;lon;;
Huế;Phường An Cựu;Đất nền / Đất nền dự án;ban;2025-07;;;;;;;;dat;nho;;
Huế;Phường An Cựu;Đất nền / Đất nền dự án;ban;2025-07;;;;;;;;dat;kiet;;
Huế;Phường An Cựu;Đất nền / Đất nền dự án;ban;2025-08;;;;;;;;dat;lon;;
Huế;Phường An Cựu;Đất nền / Đất nền dự án;ban;2025-08;;;;;;;;dat;nho;;
Huế;Phường An Cựu;Đất nền / Đất nền dự án;ban;2025-08;;;;;;;;dat;kiet;;
Huế;Phường An Cựu;Đất nền / Đất nền dự án;ban;2025-09;;;;;;;;dat;lon;;
Huế;Phường An Cựu;Đất nền / Đất nền dự án;ban;2025-09;;;;;;;;dat;nho;;
Huế;Phường An Cựu;Đất nền / Đất nền dự án;ban;2025-09;;;;;;;;dat;kiet;;
Huế;Phường An Cựu;Đất nền / Đất nền dự án;ban;2025-10;;;;;;;;dat;lon;;
Huế;Phường An Cựu;Đất nền / Đất nền dự án;ban;2025-10;;;;;;;;dat;nho;;
Huế;Phường An Cựu;Đất nền / Đất nền dự án;ban;2025-10;;;;;;;;dat;kiet;;
Huế;Phường An Cựu;Đất nền / Đất nền dự án;ban;2025-11;;;;;;;;dat;lon;;
Huế;Phường An Cựu;Đất nền / Đất nền dự án;ban;2025-11;;;;;;;;dat;nho;;
Huế;Phường An Cựu;Đất nền / Đất nền dự án;ban;2025-11;;;;;;;;dat;kiet;;
Huế;Phường An Cựu;Đất nền / Đất nền dự án;ban;2025-12;;;;;;;;dat;lon;;
Huế;Phường An Cựu;Đất nền / Đất nền dự án;ban;2025-12;;;;;;;;dat;nho;;
Huế;Phường An Cựu;Đất nền / Đất nền dự án;ban;2025-12;;;;;;;;dat;kiet;;
Huế;Phường An Cựu;Đất nền / Đất nền dự án;ban;2026-01;;;;;;;;dat;lon;;
Huế;Phường An Cựu;Đất nền / Đất nền dự án;ban;2026-01;;;;;;;;dat;nho;;
Huế;Phường An Cựu;Đất nền / Đất nền dự án;ban;2026-01;;;;;;;;dat;kiet;;
Huế;Phường An Cựu;Đất nền / Đất nền dự án;ban;2026-02;;;;;;;;dat;lon;;
Huế;Phường An Cựu;Đất nền / Đất nền dự án;ban;2026-02;;;;;;;;dat;nho;;
Huế;Phường An Cựu;Đất nền / Đất nền dự án;ban;2026-02;;;;;;;;dat;kiet;;
Huế;Phường An Cựu;Đất nền / Đất nền dự án;ban;2026-03;;;;;;;;dat;lon;;
Huế;Phường An Cựu;Đất nền / Đất nền dự án;ban;2026-03;;;;;;;;dat;nho;;
Huế;Phường An Cựu;Đất nền / Đất nền dự án;ban;2026-03;;;;;;;;dat;kiet;;
Huế;Phường An Cựu;Đất nền / Đất nền dự án;ban;2026-04;;;;;;;;dat;lon;;
Huế;Phường An Cựu;Đất nền / Đất nền dự án;ban;2026-04;;;;;;;;dat;nho;;
Huế;Phường An Cựu;Đất nền / Đất nền dự án;ban;2026-04;;;;;;;;dat;kiet;;
Huế;Phường An Cựu;Đất nền / Đất nền dự án;ban;2026-05;;;;;;;;dat;lon;;
Huế;Phường An Cựu;Đất nền / Đất nền dự án;ban;2026-05;;;;;;;;dat;nho;;
Huế;Phường An Cựu;Đất nền / Đất nền dự án;ban;2026-05;;;;;;;;dat;kiet;;
Huế;Phường An Cựu;Đất nền / Đất nền dự án;ban;2026-06;;;;;;;;dat;lon;;
Huế;Phường An Cựu;Đất nền / Đất nền dự án;ban;2026-06;;;;;;;;dat;nho;;
Huế;Phường An Cựu;Đất nền / Đất nền dự án;ban;2026-06;;;;;;;;dat;kiet;;
Huế;Phường An Cựu;Đất nền / Đất nền dự án;ban;2026-07;;;;;;;;dat;lon;;
Huế;Phường An Cựu;Đất nền / Đất nền dự án;ban;2026-07;;;;;;;;dat;nho;;
Huế;Phường An Cựu;Đất nền / Đất nền dự án;ban;2026-07;;;;;;;;dat;kiet;;
Huế;Phường An Cựu;Đất nền / Đất nền dự án;ban;2026-08;;;;;;;;dat;lon;;
Huế;Phường An Cựu;Đất nền / Đất nền dự án;ban;2026-08;;;;;;;;dat;nho;;
Huế;Phường An Cựu;Đất nền / Đất nền dự án;ban;2026-08;;;;;;;;dat;kiet;;
Huế;Phường An Cựu;Đất nền / Đất nền dự án;ban;2026-09;;;;;;;;dat;lon;;
Huế;Phường An Cựu;Đất nền / Đất nền dự án;ban;2026-09;;;;;;;;dat;nho;;
Huế;Phường An Cựu;Đất nền / Đất nền dự án;ban;2026-09;;;;;;;;dat;kiet;;
Huế;Xã Chân Mây - Lăng Cô;Đất nền / Đất nền dự án;ban;2024-10;;;;;;;;dat;lon;;
Huế;Xã Chân Mây - Lăng Cô;Đất nền / Đất nền dự án;ban;2024-10;;;;;;;;dat;nho;;
Huế;Xã Chân Mây - Lăng Cô;Đất nền / Đất nền dự án;ban;2024-10;;;;;;;;dat;kiet;;
Huế;Xã Chân Mây - Lăng Cô;Đất nền / Đất nền dự án;ban;2024-11;;;;;;;;dat;lon;;
Huế;Xã Chân Mây - Lăng Cô;Đất nền / Đất nền dự án;ban;2024-11;;;;;;;;dat;nho;;
Huế;Xã Chân Mây - Lăng Cô;Đất nền / Đất nền dự án;ban;2024-11;;;;;;;;dat;kiet;;
Huế;Xã Chân Mây - Lăng Cô;Đất nền / Đất nền dự án;ban;2024-12;;;;;;;;dat;lon;;
Huế;Xã Chân Mây - Lăng Cô;Đất nền / Đất nền dự án;ban;2024-12;;;;;;;;dat;nho;;
Huế;Xã Chân Mây - Lăng Cô;Đất nền / Đất nền dự án;ban;2024-12;;;;;;;;dat;kiet;;
Huế;Xã Chân Mây - Lăng Cô;Đất nền / Đất nền dự án;ban;2025-01;;;;;;;;dat;lon;;
Huế;Xã Chân Mây - Lăng Cô;Đất nền / Đất nền dự án;ban;2025-01;;;;;;;;dat;nho;;
Huế;Xã Chân Mây - Lăng Cô;Đất nền / Đất nền dự án;ban;2025-01;;;;;;;;dat;kiet;;
Huế;Xã Chân Mây - Lăng Cô;Đất nền / Đất nền dự án;ban;2025-02;;;;;;;;dat;lon;;
Huế;Xã Chân Mây - Lăng Cô;Đất nền / Đất nền dự án;ban;2025-02;;;;;;;;dat;nho;;
Huế;Xã Chân Mây - Lăng Cô;Đất nền / Đất nền dự án;ban;2025-02;;;;;;;;dat;kiet;;
Huế;Xã Chân Mây - Lăng Cô;Đất nền / Đất nền dự án;ban;2025-03;;;;;;;;dat;lon;;
Huế;Xã Chân Mây - Lăng Cô;Đất nền / Đất nền dự án;ban;2025-03;;;;;;;;dat;nho;;
Huế;Xã Chân Mây - Lăng Cô;Đất nền / Đất nền dự án;ban;2025-03;;;;;;;;dat;kiet;;
Huế;Xã Chân Mây - Lăng Cô;Đất nền / Đất nền dự án;ban;2025-04;;;;;;;;dat;lon;;
Huế;Xã Chân Mây - Lăng Cô;Đất nền / Đất nền dự án;ban;2025-04;;;;;;;;dat;nho;;
Huế;Xã Chân Mây - Lăng Cô;Đất nền / Đất nền dự án;ban;2025-04;;;;;;;;dat;kiet;;
Huế;Xã Chân Mây - Lăng Cô;Đất nền / Đất nền dự án;ban;2025-05;;;;;;;;dat;lon;;
Huế;Xã Chân Mây - Lăng Cô;Đất nền / Đất nền dự án;ban;2025-05;;;;;;;;dat;nho;;
Huế;Xã Chân Mây - Lăng Cô;Đất nền / Đất nền dự án;ban;2025-05;;;;;;;;dat;kiet;;
Huế;Xã Chân Mây - Lăng Cô;Đất nền / Đất nền dự án;ban;2025-06;;;;;;;;dat;lon;;
Huế;Xã Chân Mây - Lăng Cô;Đất nền / Đất nền dự án;ban;2025-06;;;;;;;;dat;nho;;
Huế;Xã Chân Mây - Lăng Cô;Đất nền / Đất nền dự án;ban;2025-06;;;;;;;;dat;kiet;;
Huế;Xã Chân Mây - Lăng Cô;Đất nền / Đất nền dự án;ban;2025-07;;;;;;;;dat;lon;;
Huế;Xã Chân Mây - Lăng Cô;Đất nền / Đất nền dự án;ban;2025-07;;;;;;;;dat;nho;;
Huế;Xã Chân Mây - Lăng Cô;Đất nền / Đất nền dự án;ban;2025-07;;;;;;;;dat;kiet;;
Huế;Xã Chân Mây - Lăng Cô;Đất nền / Đất nền dự án;ban;2025-08;;;;;;;;dat;lon;;
Huế;Xã Chân Mây - Lăng Cô;Đất nền / Đất nền dự án;ban;2025-08;;;;;;;;dat;nho;;
Huế;Xã Chân Mây - Lăng Cô;Đất nền / Đất nền dự án;ban;2025-08;;;;;;;;dat;kiet;;
Huế;Xã Chân Mây - Lăng Cô;Đất nền / Đất nền dự án;ban;2025-09;;;;;;;;dat;lon;;
Huế;Xã Chân Mây - Lăng Cô;Đất nền / Đất nền dự án;ban;2025-09;;;;;;;;dat;nho;;
Huế;Xã Chân Mây - Lăng Cô;Đất nền / Đất nền dự án;ban;2025-09;;;;;;;;dat;kiet;;
Huế;Xã Chân Mây - Lăng Cô;Đất nền / Đất nền dự án;ban;2025-10;;;;;;;;dat;lon;;
Huế;Xã Chân Mây - Lăng Cô;Đất nền / Đất nền dự án;ban;2025-10;;;;;;;;dat;nho;;
Huế;Xã Chân Mây - Lăng Cô;Đất nền / Đất nền dự án;ban;2025-10;;;;;;;;dat;kiet;;
Huế;Xã Chân Mây - Lăng Cô;Đất nền / Đất nền dự án;ban;2025-11;;;;;;;;dat;lon;;
Huế;Xã Chân Mây - Lăng Cô;Đất nền / Đất nền dự án;ban;2025-11;;;;;;;;dat;nho;;
Huế;Xã Chân Mây - Lăng Cô;Đất nền / Đất nền dự án;ban;2025-11;;;;;;;;dat;kiet;;
Huế;Xã Chân Mây - Lăng Cô;Đất nền / Đất nền dự án;ban;2025-12;;;;;;;;dat;lon;;
Huế;Xã Chân Mây - Lăng Cô;Đất nền / Đất nền dự án;ban;2025-12;;;;;;;;dat;nho;;
Huế;Xã Chân Mây - Lăng Cô;Đất nền / Đất nền dự án;ban;2025-12;;;;;;;;dat;kiet;;
Huế;Xã Chân Mây - Lăng Cô;Đất nền / Đất nền dự án;ban;2026-01;;;;;;;;dat;lon;;
Huế;Xã Chân Mây - Lăng Cô;Đất nền / Đất nền dự án;ban;2026-01;;;;;;;;dat;nho;;
Huế;Xã Chân Mây - Lăng Cô;Đất nền / Đất nền dự án;ban;2026-01;;;;;;;;dat;kiet;;
Huế;Xã Chân Mây - Lăng Cô;Đất nền / Đất nền dự án;ban;2026-02;;;;;;;;dat;lon;;
Huế;Xã Chân Mây - Lăng Cô;Đất nền / Đất nền dự án;ban;2026-02;;;;;;;;dat;nho;;
Huế;Xã Chân Mây - Lăng Cô;Đất nền / Đất nền dự án;ban;2026-02;;;;;;;;dat;kiet;;
Huế;Xã Chân Mây - Lăng Cô;Đất nền / Đất nền dự án;ban;2026-03;;;;;;;;dat;lon;;
Huế;Xã Chân Mây - Lăng Cô;Đất nền / Đất nền dự án;ban;2026-03;;;;;;;;dat;nho;;
Huế;Xã Chân Mây - Lăng Cô;Đất nền / Đất nền dự án;ban;2026-03;;;;;;;;dat;kiet;;
Huế;Xã Chân Mây - Lăng Cô;Đất nền / Đất nền dự án;ban;2026-04;;;;;;;;dat;lon;;
Huế;Xã Chân Mây - Lăng Cô;Đất nền / Đất nền dự án;ban;2026-04;;;;;;;;dat;nho;;
Huế;Xã Chân Mây - Lăng Cô;Đất nền / Đất nền dự án;ban;2026-04;;;;;;;;dat;kiet;;
Huế;Xã Chân Mây - Lăng Cô;Đất nền / Đất nền dự án;ban;2026-05;;;;;;;;dat;lon;;
Huế;Xã Chân Mây - Lăng Cô;Đất nền / Đất nền dự án;ban;2026-05;;;;;;;;dat;nho;;
Huế;Xã Chân Mây - Lăng Cô;Đất nền / Đất nền dự án;ban;2026-05;;;;;;;;dat;kiet;;
Huế;Xã Chân Mây - Lăng Cô;Đất nền / Đất nền dự án;ban;2026-06;;;;;;;;dat;lon;;
Huế;Xã Chân Mây - Lăng Cô;Đất nền / Đất nền dự án;ban;2026-06;;;;;;;;dat;nho;;
Huế;Xã Chân Mây - Lăng Cô;Đất nền / Đất nền dự án;ban;2026-06;;;;;;;;dat;kiet;;
Huế;Xã Chân Mây - Lăng Cô;Đất nền / Đất nền dự án;ban;2026-07;;;;;;;;dat;lon;;
Huế;Xã Chân Mây - Lăng Cô;Đất nền / Đất nền dự án;ban;2026-07;;;;;;;;dat;nho;;
Huế;Xã Chân Mây - Lăng Cô;Đất nền / Đất nền dự án;ban;2026-07;;;;;;;;dat;kiet;;
Huế;Xã Chân Mây - Lăng Cô;Đất nền / Đất nền dự án;ban;2026-08;;;;;;;;dat;lon;;
Huế;Xã Chân Mây - Lăng Cô;Đất nền / Đất nền dự án;ban;2026-08;;;;;;;;dat;nho;;
Huế;Xã Chân Mây - Lăng Cô;Đất nền / Đất nền dự án;ban;2026-08;;;;;;;;dat;kiet;;
Huế;Xã Chân Mây - Lăng Cô;Đất nền / Đất nền dự án;ban;2026-09;;;;;;;;dat;lon;;
Huế;Xã Chân Mây - Lăng Cô;Đất nền / Đất nền dự án;ban;2026-09;;;;;;;;dat;nho;;
Huế;Xã Chân Mây - Lăng Cô;Đất nền / Đất nền dự án;ban;2026-09;;;;;;;;dat;kiet;;
Huế;Phường Thuận Hóa;Đất nền / Đất nền dự án;ban;2024-10;;;;;;;;dat;lon;;
Huế;Phường Thuận Hóa;Đất nền / Đất nền dự án;ban;2024-10;;;;;;;;dat;nho;;
Huế;Phường Thuận Hóa;Đất nền / Đất nền dự án;ban;2024-10;;;;;;;;dat;kiet;;
Huế;Phường Thuận Hóa;Đất nền / Đất nền dự án;ban;2024-11;;;;;;;;dat;lon;;
Huế;Phường Thuận Hóa;Đất nền / Đất nền dự án;ban;2024-11;;;;;;;;dat;nho;;
Huế;Phường Thuận Hóa;Đất nền / Đất nền dự án;ban;2024-11;;;;;;;;dat;kiet;;
Huế;Phường Thuận Hóa;Đất nền / Đất nền dự án;ban;2024-12;;;;;;;;dat;lon;;
Huế;Phường Thuận Hóa;Đất nền / Đất nền dự án;ban;2024-12;;;;;;;;dat;nho;;
Huế;Phường Thuận Hóa;Đất nền / Đất nền dự án;ban;2024-12;;;;;;;;dat;kiet;;
Huế;Phường Thuận Hóa;Đất nền / Đất nền dự án;ban;2025-01;;;;;;;;dat;lon;;
Huế;Phường Thuận Hóa;Đất nền / Đất nền dự án;ban;2025-01;;;;;;;;dat;nho;;
Huế;Phường Thuận Hóa;Đất nền / Đất nền dự án;ban;2025-01;;;;;;;;dat;kiet;;
Huế;Phường Thuận Hóa;Đất nền / Đất nền dự án;ban;2025-02;;;;;;;;dat;lon;;
Huế;Phường Thuận Hóa;Đất nền / Đất nền dự án;ban;2025-02;;;;;;;;dat;nho;;
Huế;Phường Thuận Hóa;Đất nền / Đất nền dự án;ban;2025-02;;;;;;;;dat;kiet;;
Huế;Phường Thuận Hóa;Đất nền / Đất nền dự án;ban;2025-03;;;;;;;;dat;lon;;
Huế;Phường Thuận Hóa;Đất nền / Đất nền dự án;ban;2025-03;;;;;;;;dat;nho;;
Huế;Phường Thuận Hóa;Đất nền / Đất nền dự án;ban;2025-03;;;;;;;;dat;kiet;;
Huế;Phường Thuận Hóa;Đất nền / Đất nền dự án;ban;2025-04;;;;;;;;dat;lon;;
Huế;Phường Thuận Hóa;Đất nền / Đất nền dự án;ban;2025-04;;;;;;;;dat;nho;;
Huế;Phường Thuận Hóa;Đất nền / Đất nền dự án;ban;2025-04;;;;;;;;dat;kiet;;
Huế;Phường Thuận Hóa;Đất nền / Đất nền dự án;ban;2025-05;;;;;;;;dat;lon;;
Huế;Phường Thuận Hóa;Đất nền / Đất nền dự án;ban;2025-05;;;;;;;;dat;nho;;
Huế;Phường Thuận Hóa;Đất nền / Đất nền dự án;ban;2025-05;;;;;;;;dat;kiet;;
Huế;Phường Thuận Hóa;Đất nền / Đất nền dự án;ban;2025-06;;;;;;;;dat;lon;;
Huế;Phường Thuận Hóa;Đất nền / Đất nền dự án;ban;2025-06;;;;;;;;dat;nho;;
Huế;Phường Thuận Hóa;Đất nền / Đất nền dự án;ban;2025-06;;;;;;;;dat;kiet;;
Huế;Phường Thuận Hóa;Đất nền / Đất nền dự án;ban;2025-07;;;;;;;;dat;lon;;
Huế;Phường Thuận Hóa;Đất nền / Đất nền dự án;ban;2025-07;;;;;;;;dat;nho;;
Huế;Phường Thuận Hóa;Đất nền / Đất nền dự án;ban;2025-07;;;;;;;;dat;kiet;;
Huế;Phường Thuận Hóa;Đất nền / Đất nền dự án;ban;2025-08;;;;;;;;dat;lon;;
Huế;Phường Thuận Hóa;Đất nền / Đất nền dự án;ban;2025-08;;;;;;;;dat;nho;;
Huế;Phường Thuận Hóa;Đất nền / Đất nền dự án;ban;2025-08;;;;;;;;dat;kiet;;
Huế;Phường Thuận Hóa;Đất nền / Đất nền dự án;ban;2025-09;;;;;;;;dat;lon;;
Huế;Phường Thuận Hóa;Đất nền / Đất nền dự án;ban;2025-09;;;;;;;;dat;nho;;
Huế;Phường Thuận Hóa;Đất nền / Đất nền dự án;ban;2025-09;;;;;;;;dat;kiet;;
Huế;Phường Thuận Hóa;Đất nền / Đất nền dự án;ban;2025-10;;;;;;;;dat;lon;;
Huế;Phường Thuận Hóa;Đất nền / Đất nền dự án;ban;2025-10;;;;;;;;dat;nho;;
Huế;Phường Thuận Hóa;Đất nền / Đất nền dự án;ban;2025-10;;;;;;;;dat;kiet;;
Huế;Phường Thuận Hóa;Đất nền / Đất nền dự án;ban;2025-11;;;;;;;;dat;lon;;
Huế;Phường Thuận Hóa;Đất nền / Đất nền dự án;ban;2025-11;;;;;;;;dat;nho;;
Huế;Phường Thuận Hóa;Đất nền / Đất nền dự án;ban;2025-11;;;;;;;;dat;kiet;;
Huế;Phường Thuận Hóa;Đất nền / Đất nền dự án;ban;2025-12;;;;;;;;dat;lon;;
Huế;Phường Thuận Hóa;Đất nền / Đất nền dự án;ban;2025-12;;;;;;;;dat;nho;;
Huế;Phường Thuận Hóa;Đất nền / Đất nền dự án;ban;2025-12;;;;;;;;dat;kiet;;
Huế;Phường Thuận Hóa;Đất nền / Đất nền dự án;ban;2026-01;;;;;;;;dat;lon;;
Huế;Phường Thuận Hóa;Đất nền / Đất nền dự án;ban;2026-01;;;;;;;;dat;nho;;
Huế;Phường Thuận Hóa;Đất nền / Đất nền dự án;ban;2026-01;;;;;;;;dat;kiet;;
Huế;Phường Thuận Hóa;Đất nền / Đất nền dự án;ban;2026-02;;;;;;;;dat;lon;;
Huế;Phường Thuận Hóa;Đất nền / Đất nền dự án;ban;2026-02;;;;;;;;dat;nho;;
Huế;Phường Thuận Hóa;Đất nền / Đất nền dự án;ban;2026-02;;;;;;;;dat;kiet;;
Huế;Phường Thuận Hóa;Đất nền / Đất nền dự án;ban;2026-03;;;;;;;;dat;lon;;
Huế;Phường Thuận Hóa;Đất nền / Đất nền dự án;ban;2026-03;;;;;;;;dat;nho;;
Huế;Phường Thuận Hóa;Đất nền / Đất nền dự án;ban;2026-03;;;;;;;;dat;kiet;;
Huế;Phường Thuận Hóa;Đất nền / Đất nền dự án;ban;2026-04;;;;;;;;dat;lon;;
Huế;Phường Thuận Hóa;Đất nền / Đất nền dự án;ban;2026-04;;;;;;;;dat;nho;;
Huế;Phường Thuận Hóa;Đất nền / Đất nền dự án;ban;2026-04;;;;;;;;dat;kiet;;
Huế;Phường Thuận Hóa;Đất nền / Đất nền dự án;ban;2026-05;;;;;;;;dat;lon;;
Huế;Phường Thuận Hóa;Đất nền / Đất nền dự án;ban;2026-05;;;;;;;;dat;nho;;
Huế;Phường Thuận Hóa;Đất nền / Đất nền dự án;ban;2026-05;;;;;;;;dat;kiet;;
Huế;Phường Thuận Hóa;Đất nền / Đất nền dự án;ban;2026-06;;;;;;;;dat;lon;;
Huế;Phường Thuận Hóa;Đất nền / Đất nền dự án;ban;2026-06;;;;;;;;dat;nho;;
Huế;Phường Thuận Hóa;Đất nền / Đất nền dự án;ban;2026-06;;;;;;;;dat;kiet;;
Huế;Phường Thuận Hóa;Đất nền / Đất nền dự án;ban;2026-07;;;;;;;;dat;lon;;
Huế;Phường Thuận Hóa;Đất nền / Đất nền dự án;ban;2026-07;;;;;;;;dat;nho;;
Huế;Phường Thuận Hóa;Đất nền / Đất nền dự án;ban;2026-07;;;;;;;;dat;kiet;;
Huế;Phường Thuận Hóa;Đất nền / Đất nền dự án;ban;2026-08;;;;;;;;dat;lon;;
Huế;Phường Thuận Hóa;Đất nền / Đất nền dự án;ban;2026-08;;;;;;;;dat;nho;;
Huế;Phường Thuận Hóa;Đất nền / Đất nền dự án;ban;2026-08;;;;;;;;dat;kiet;;
Huế;Phường Thuận Hóa;Đất nền / Đất nền dự án;ban;2026-09;;;;;;;;dat;lon;;
Huế;Phường Thuận Hóa;Đất nền / Đất nền dự án;ban;2026-09;;;;;;;;dat;nho;;
Huế;Phường Thuận Hóa;Đất nền / Đất nền dự án;ban;2026-09;;;;;;;;dat;kiet;;
Huế;Phường Kim Trà;Đất nền / Đất nền dự án;ban;2024-10;;;;;;;;dat;lon;;
Huế;Phường Kim Trà;Đất nền / Đất nền dự án;ban;2024-10;;;;;;;;dat;nho;;
Huế;Phường Kim Trà;Đất nền / Đất nền dự án;ban;2024-10;;;;;;;;dat;kiet;;
Huế;Phường Kim Trà;Đất nền / Đất nền dự án;ban;2024-11;;;;;;;;dat;lon;;
Huế;Phường Kim Trà;Đất nền / Đất nền dự án;ban;2024-11;;;;;;;;dat;nho;;
Huế;Phường Kim Trà;Đất nền / Đất nền dự án;ban;2024-11;;;;;;;;dat;kiet;;
Huế;Phường Kim Trà;Đất nền / Đất nền dự án;ban;2024-12;;;;;;;;dat;lon;;
Huế;Phường Kim Trà;Đất nền / Đất nền dự án;ban;2024-12;;;;;;;;dat;nho;;
Huế;Phường Kim Trà;Đất nền / Đất nền dự án;ban;2024-12;;;;;;;;dat;kiet;;
Huế;Phường Kim Trà;Đất nền / Đất nền dự án;ban;2025-01;;;;;;;;dat;lon;;
Huế;Phường Kim Trà;Đất nền / Đất nền dự án;ban;2025-01;;;;;;;;dat;nho;;
Huế;Phường Kim Trà;Đất nền / Đất nền dự án;ban;2025-01;;;;;;;;dat;kiet;;
Huế;Phường Kim Trà;Đất nền / Đất nền dự án;ban;2025-02;;;;;;;;dat;lon;;
Huế;Phường Kim Trà;Đất nền / Đất nền dự án;ban;2025-02;;;;;;;;dat;nho;;
Huế;Phường Kim Trà;Đất nền / Đất nền dự án;ban;2025-02;;;;;;;;dat;kiet;;
Huế;Phường Kim Trà;Đất nền / Đất nền dự án;ban;2025-03;;;;;;;;dat;lon;;
Huế;Phường Kim Trà;Đất nền / Đất nền dự án;ban;2025-03;;;;;;;;dat;nho;;
Huế;Phường Kim Trà;Đất nền / Đất nền dự án;ban;2025-03;;;;;;;;dat;kiet;;
Huế;Phường Kim Trà;Đất nền / Đất nền dự án;ban;2025-04;;;;;;;;dat;lon;;
Huế;Phường Kim Trà;Đất nền / Đất nền dự án;ban;2025-04;;;;;;;;dat;nho;;
Huế;Phường Kim Trà;Đất nền / Đất nền dự án;ban;2025-04;;;;;;;;dat;kiet;;
Huế;Phường Kim Trà;Đất nền / Đất nền dự án;ban;2025-05;;;;;;;;dat;lon;;
Huế;Phường Kim Trà;Đất nền / Đất nền dự án;ban;2025-05;;;;;;;;dat;nho;;
Huế;Phường Kim Trà;Đất nền / Đất nền dự án;ban;2025-05;;;;;;;;dat;kiet;;
Huế;Phường Kim Trà;Đất nền / Đất nền dự án;ban;2025-06;;;;;;;;dat;lon;;
Huế;Phường Kim Trà;Đất nền / Đất nền dự án;ban;2025-06;;;;;;;;dat;nho;;
Huế;Phường Kim Trà;Đất nền / Đất nền dự án;ban;2025-06;;;;;;;;dat;kiet;;
Huế;Phường Kim Trà;Đất nền / Đất nền dự án;ban;2025-07;;;;;;;;dat;lon;;
Huế;Phường Kim Trà;Đất nền / Đất nền dự án;ban;2025-07;;;;;;;;dat;nho;;
Huế;Phường Kim Trà;Đất nền / Đất nền dự án;ban;2025-07;;;;;;;;dat;kiet;;
Huế;Phường Kim Trà;Đất nền / Đất nền dự án;ban;2025-08;;;;;;;;dat;lon;;
Huế;Phường Kim Trà;Đất nền / Đất nền dự án;ban;2025-08;;;;;;;;dat;nho;;
Huế;Phường Kim Trà;Đất nền / Đất nền dự án;ban;2025-08;;;;;;;;dat;kiet;;
Huế;Phường Kim Trà;Đất nền / Đất nền dự án;ban;2025-09;;;;;;;;dat;lon;;
Huế;Phường Kim Trà;Đất nền / Đất nền dự án;ban;2025-09;;;;;;;;dat;nho;;
Huế;Phường Kim Trà;Đất nền / Đất nền dự án;ban;2025-09;;;;;;;;dat;kiet;;
Huế;Phường Kim Trà;Đất nền / Đất nền dự án;ban;2025-10;;;;;;;;dat;lon;;
Huế;Phường Kim Trà;Đất nền / Đất nền dự án;ban;2025-10;;;;;;;;dat;nho;;
Huế;Phường Kim Trà;Đất nền / Đất nền dự án;ban;2025-10;;;;;;;;dat;kiet;;
Huế;Phường Kim Trà;Đất nền / Đất nền dự án;ban;2025-11;;;;;;;;dat;lon;;
Huế;Phường Kim Trà;Đất nền / Đất nền dự án;ban;2025-11;;;;;;;;dat;nho;;
Huế;Phường Kim Trà;Đất nền / Đất nền dự án;ban;2025-11;;;;;;;;dat;kiet;;
Huế;Phường Kim Trà;Đất nền / Đất nền dự án;ban;2025-12;;;;;;;;dat;lon;;
Huế;Phường Kim Trà;Đất nền / Đất nền dự án;ban;2025-12;;;;;;;;dat;nho;;
Huế;Phường Kim Trà;Đất nền / Đất nền dự án;ban;2025-12;;;;;;;;dat;kiet;;
Huế;Phường Kim Trà;Đất nền / Đất nền dự án;ban;2026-01;;;;;;;;dat;lon;;
Huế;Phường Kim Trà;Đất nền / Đất nền dự án;ban;2026-01;;;;;;;;dat;nho;;
Huế;Phường Kim Trà;Đất nền / Đất nền dự án;ban;2026-01;;;;;;;;dat;kiet;;
Huế;Phường Kim Trà;Đất nền / Đất nền dự án;ban;2026-02;;;;;;;;dat;lon;;
Huế;Phường Kim Trà;Đất nền / Đất nền dự án;ban;2026-02;;;;;;;;dat;nho;;
Huế;Phường Kim Trà;Đất nền / Đất nền dự án;ban;2026-02;;;;;;;;dat;kiet;;
Huế;Phường Kim Trà;Đất nền / Đất nền dự án;ban;2026-03;;;;;;;;dat;lon;;
Huế;Phường Kim Trà;Đất nền / Đất nền dự án;ban;2026-03;;;;;;;;dat;nho;;
Huế;Phường Kim Trà;Đất nền / Đất nền dự án;ban;2026-03;;;;;;;;dat;kiet;;
Huế;Phường Kim Trà;Đất nền / Đất nền dự án;ban;2026-04;;;;;;;;dat;lon;;
Huế;Phường Kim Trà;Đất nền / Đất nền dự án;ban;2026-04;;;;;;;;dat;nho;;
Huế;Phường Kim Trà;Đất nền / Đất nền dự án;ban;2026-04;;;;;;;;dat;kiet;;
Huế;Phường Kim Trà;Đất nền / Đất nền dự án;ban;2026-05;;;;;;;;dat;lon;;
Huế;Phường Kim Trà;Đất nền / Đất nền dự án;ban;2026-05;;;;;;;;dat;nho;;
Huế;Phường Kim Trà;Đất nền / Đất nền dự án;ban;2026-05;;;;;;;;dat;kiet;;
Huế;Phường Kim Trà;Đất nền / Đất nền dự án;ban;2026-06;;;;;;;;dat;lon;;
Huế;Phường Kim Trà;Đất nền / Đất nền dự án;ban;2026-06;;;;;;;;dat;nho;;
Huế;Phường Kim Trà;Đất nền / Đất nền dự án;ban;2026-06;;;;;;;;dat;kiet;;
Huế;Phường Kim Trà;Đất nền / Đất nền dự án;ban;2026-07;;;;;;;;dat;lon;;
Huế;Phường Kim Trà;Đất nền / Đất nền dự án;ban;2026-07;;;;;;;;dat;nho;;
Huế;Phường Kim Trà;Đất nền / Đất nền dự án;ban;2026-07;;;;;;;;dat;kiet;;
Huế;Phường Kim Trà;Đất nền / Đất nền dự án;ban;2026-08;;;;;;;;dat;lon;;
Huế;Phường Kim Trà;Đất nền / Đất nền dự án;ban;2026-08;;;;;;;;dat;nho;;
Huế;Phường Kim Trà;Đất nền / Đất nền dự án;ban;2026-08;;;;;;;;dat;kiet;;
Huế;Phường Kim Trà;Đất nền / Đất nền dự án;ban;2026-09;;;;;;;;dat;lon;;
Huế;Phường Kim Trà;Đất nền / Đất nền dự án;ban;2026-09;;;;;;;;dat;nho;;
Huế;Phường Kim Trà;Đất nền / Đất nền dự án;ban;2026-09;;;;;;;;dat;kiet;;
Huế;Phường Vỹ Dạ;Nhà biệt thự / Liền kề;ban;2024-10;;;;;;;;san;lon;;
Huế;Phường Vỹ Dạ;Nhà biệt thự / Liền kề;ban;2024-10;;;;;;;;san;nho;;
Huế;Phường Vỹ Dạ;Nhà biệt thự / Liền kề;ban;2024-10;;;;;;;;san;kiet;;
Huế;Phường Vỹ Dạ;Nhà biệt thự / Liền kề;ban;2024-11;;;;;;;;san;lon;;
Huế;Phường Vỹ Dạ;Nhà biệt thự / Liền kề;ban;2024-11;;;;;;;;san;nho;;
Huế;Phường Vỹ Dạ;Nhà biệt thự / Liền kề;ban;2024-11;;;;;;;;san;kiet;;
Huế;Phường Vỹ Dạ;Nhà biệt thự / Liền kề;ban;2024-12;;;;;;;;san;lon;;
Huế;Phường Vỹ Dạ;Nhà biệt thự / Liền kề;ban;2024-12;;;;;;;;san;nho;;
Huế;Phường Vỹ Dạ;Nhà biệt thự / Liền kề;ban;2024-12;;;;;;;;san;kiet;;
Huế;Phường Vỹ Dạ;Nhà biệt thự / Liền kề;ban;2025-01;;;;;;;;san;lon;;
Huế;Phường Vỹ Dạ;Nhà biệt thự / Liền kề;ban;2025-01;;;;;;;;san;nho;;
Huế;Phường Vỹ Dạ;Nhà biệt thự / Liền kề;ban;2025-01;;;;;;;;san;kiet;;
Huế;Phường Vỹ Dạ;Nhà biệt thự / Liền kề;ban;2025-02;;;;;;;;san;lon;;
Huế;Phường Vỹ Dạ;Nhà biệt thự / Liền kề;ban;2025-02;;;;;;;;san;nho;;
Huế;Phường Vỹ Dạ;Nhà biệt thự / Liền kề;ban;2025-02;;;;;;;;san;kiet;;
Huế;Phường Vỹ Dạ;Nhà biệt thự / Liền kề;ban;2025-03;;;;;;;;san;lon;;
Huế;Phường Vỹ Dạ;Nhà biệt thự / Liền kề;ban;2025-03;;;;;;;;san;nho;;
Huế;Phường Vỹ Dạ;Nhà biệt thự / Liền kề;ban;2025-03;;;;;;;;san;kiet;;
Huế;Phường Vỹ Dạ;Nhà biệt thự / Liền kề;ban;2025-04;;;;;;;;san;lon;;
Huế;Phường Vỹ Dạ;Nhà biệt thự / Liền kề;ban;2025-04;;;;;;;;san;nho;;
Huế;Phường Vỹ Dạ;Nhà biệt thự / Liền kề;ban;2025-04;;;;;;;;san;kiet;;
Huế;Phường Vỹ Dạ;Nhà biệt thự / Liền kề;ban;2025-05;;;;;;;;san;lon;;
Huế;Phường Vỹ Dạ;Nhà biệt thự / Liền kề;ban;2025-05;;;;;;;;san;nho;;
Huế;Phường Vỹ Dạ;Nhà biệt thự / Liền kề;ban;2025-05;;;;;;;;san;kiet;;
Huế;Phường Vỹ Dạ;Nhà biệt thự / Liền kề;ban;2025-06;;;;;;;;san;lon;;
Huế;Phường Vỹ Dạ;Nhà biệt thự / Liền kề;ban;2025-06;;;;;;;;san;nho;;
Huế;Phường Vỹ Dạ;Nhà biệt thự / Liền kề;ban;2025-06;;;;;;;;san;kiet;;
Huế;Phường Vỹ Dạ;Nhà biệt thự / Liền kề;ban;2025-07;;;;;;;;san;lon;;
Huế;Phường Vỹ Dạ;Nhà biệt thự / Liền kề;ban;2025-07;;;;;;;;san;nho;;
Huế;Phường Vỹ Dạ;Nhà biệt thự / Liền kề;ban;2025-07;;;;;;;;san;kiet;;
Huế;Phường Vỹ Dạ;Nhà biệt thự / Liền kề;ban;2025-08;;;;;;;;san;lon;;
Huế;Phường Vỹ Dạ;Nhà biệt thự / Liền kề;ban;2025-08;;;;;;;;san;nho;;
Huế;Phường Vỹ Dạ;Nhà biệt thự / Liền kề;ban;2025-08;;;;;;;;san;kiet;;
Huế;Phường Vỹ Dạ;Nhà biệt thự / Liền kề;ban;2025-09;;;;;;;;san;lon;;
Huế;Phường Vỹ Dạ;Nhà biệt thự / Liền kề;ban;2025-09;;;;;;;;san;nho;;
Huế;Phường Vỹ Dạ;Nhà biệt thự / Liền kề;ban;2025-09;;;;;;;;san;kiet;;
Huế;Phường Vỹ Dạ;Nhà biệt thự / Liền kề;ban;2025-10;;;;;;;;san;lon;;
Huế;Phường Vỹ Dạ;Nhà biệt thự / Liền kề;ban;2025-10;;;;;;;;san;nho;;
Huế;Phường Vỹ Dạ;Nhà biệt thự / Liền kề;ban;2025-10;;;;;;;;san;kiet;;
Huế;Phường Vỹ Dạ;Nhà biệt thự / Liền kề;ban;2025-11;;;;;;;;san;lon;;
Huế;Phường Vỹ Dạ;Nhà biệt thự / Liền kề;ban;2025-11;;;;;;;;san;nho;;
Huế;Phường Vỹ Dạ;Nhà biệt thự / Liền kề;ban;2025-11;;;;;;;;san;kiet;;
Huế;Phường Vỹ Dạ;Nhà biệt thự / Liền kề;ban;2025-12;;;;;;;;san;lon;;
Huế;Phường Vỹ Dạ;Nhà biệt thự / Liền kề;ban;2025-12;;;;;;;;san;nho;;
Huế;Phường Vỹ Dạ;Nhà biệt thự / Liền kề;ban;2025-12;;;;;;;;san;kiet;;
Huế;Phường Vỹ Dạ;Nhà biệt thự / Liền kề;ban;2026-01;;;;;;;;san;lon;;
Huế;Phường Vỹ Dạ;Nhà biệt thự / Liền kề;ban;2026-01;;;;;;;;san;nho;;
Huế;Phường Vỹ Dạ;Nhà biệt thự / Liền kề;ban;2026-01;;;;;;;;san;kiet;;
Huế;Phường Vỹ Dạ;Nhà biệt thự / Liền kề;ban;2026-02;;;;;;;;san;lon;;
Huế;Phường Vỹ Dạ;Nhà biệt thự / Liền kề;ban;2026-02;;;;;;;;san;nho;;
Huế;Phường Vỹ Dạ;Nhà biệt thự / Liền kề;ban;2026-02;;;;;;;;san;kiet;;
Huế;Phường Vỹ Dạ;Nhà biệt thự / Liền kề;ban;2026-03;;;;;;;;san;lon;;
Huế;Phường Vỹ Dạ;Nhà biệt thự / Liền kề;ban;2026-03;;;;;;;;san;nho;;
Huế;Phường Vỹ Dạ;Nhà biệt thự / Liền kề;ban;2026-03;;;;;;;;san;kiet;;
Huế;Phường Vỹ Dạ;Nhà biệt thự / Liền kề;ban;2026-04;;;;;;;;san;lon;;
Huế;Phường Vỹ Dạ;Nhà biệt thự / Liền kề;ban;2026-04;;;;;;;;san;nho;;
Huế;Phường Vỹ Dạ;Nhà biệt thự / Liền kề;ban;2026-04;;;;;;;;san;kiet;;
Huế;Phường Vỹ Dạ;Nhà biệt thự / Liền kề;ban;2026-05;;;;;;;;san;lon;;
Huế;Phường Vỹ Dạ;Nhà biệt thự / Liền kề;ban;2026-05;;;;;;;;san;nho;;
Huế;Phường Vỹ Dạ;Nhà biệt thự / Liền kề;ban;2026-05;;;;;;;;san;kiet;;
Huế;Phường Vỹ Dạ;Nhà biệt thự / Liền kề;ban;2026-06;;;;;;;;san;lon;;
Huế;Phường Vỹ Dạ;Nhà biệt thự / Liền kề;ban;2026-06;;;;;;;;san;nho;;
Huế;Phường Vỹ Dạ;Nhà biệt thự / Liền kề;ban;2026-06;;;;;;;;san;kiet;;
Huế;Phường Vỹ Dạ;Nhà biệt thự / Liền kề;ban;2026-07;;;;;;;;san;lon;;
Huế;Phường Vỹ Dạ;Nhà biệt thự / Liền kề;ban;2026-07;;;;;;;;san;nho;;
Huế;Phường Vỹ Dạ;Nhà biệt thự / Liền kề;ban;2026-07;;;;;;;;san;kiet;;
Huế;Phường Vỹ Dạ;Nhà biệt thự / Liền kề;ban;2026-08;;;;;;;;san;lon;;
Huế;Phường Vỹ Dạ;Nhà biệt thự / Liền kề;ban;2026-08;;;;;;;;san;nho;;
Huế;Phường Vỹ Dạ;Nhà biệt thự / Liền kề;ban;2026-08;;;;;;;;san;kiet;;
Huế;Phường Vỹ Dạ;Nhà biệt thự / Liền kề;ban;2026-09;;;;;;;;san;lon;;
Huế;Phường Vỹ Dạ;Nhà biệt thự / Liền kề;ban;2026-09;;;;;;;;san;nho;;
Huế;Phường Vỹ Dạ;Nhà biệt thự / Liền kề;ban;2026-09;;;;;;;;san;kiet;;
Huế;Phường Thuận Hóa;Nhà mặt phố;ban;2024-10;;;;;;;;san;lon;;
Huế;Phường Thuận Hóa;Nhà mặt phố;ban;2024-10;;;;;;;;san;nho;;
Huế;Phường Thuận Hóa;Nhà mặt phố;ban;2024-10;;;;;;;;san;kiet;;
Huế;Phường Thuận Hóa;Nhà mặt phố;ban;2024-11;;;;;;;;san;lon;;
Huế;Phường Thuận Hóa;Nhà mặt phố;ban;2024-11;;;;;;;;san;nho;;
Huế;Phường Thuận Hóa;Nhà mặt phố;ban;2024-11;;;;;;;;san;kiet;;
Huế;Phường Thuận Hóa;Nhà mặt phố;ban;2024-12;;;;;;;;san;lon;;
Huế;Phường Thuận Hóa;Nhà mặt phố;ban;2024-12;;;;;;;;san;nho;;
Huế;Phường Thuận Hóa;Nhà mặt phố;ban;2024-12;;;;;;;;san;kiet;;
Huế;Phường Thuận Hóa;Nhà mặt phố;ban;2025-01;;;;;;;;san;lon;;
Huế;Phường Thuận Hóa;Nhà mặt phố;ban;2025-01;;;;;;;;san;nho;;
Huế;Phường Thuận Hóa;Nhà mặt phố;ban;2025-01;;;;;;;;san;kiet;;
Huế;Phường Thuận Hóa;Nhà mặt phố;ban;2025-02;;;;;;;;san;lon;;
Huế;Phường Thuận Hóa;Nhà mặt phố;ban;2025-02;;;;;;;;san;nho;;
Huế;Phường Thuận Hóa;Nhà mặt phố;ban;2025-02;;;;;;;;san;kiet;;
Huế;Phường Thuận Hóa;Nhà mặt phố;ban;2025-03;;;;;;;;san;lon;;
Huế;Phường Thuận Hóa;Nhà mặt phố;ban;2025-03;;;;;;;;san;nho;;
Huế;Phường Thuận Hóa;Nhà mặt phố;ban;2025-03;;;;;;;;san;kiet;;
Huế;Phường Thuận Hóa;Nhà mặt phố;ban;2025-04;;;;;;;;san;lon;;
Huế;Phường Thuận Hóa;Nhà mặt phố;ban;2025-04;;;;;;;;san;nho;;
Huế;Phường Thuận Hóa;Nhà mặt phố;ban;2025-04;;;;;;;;san;kiet;;
Huế;Phường Thuận Hóa;Nhà mặt phố;ban;2025-05;;;;;;;;san;lon;;
Huế;Phường Thuận Hóa;Nhà mặt phố;ban;2025-05;;;;;;;;san;nho;;
Huế;Phường Thuận Hóa;Nhà mặt phố;ban;2025-05;;;;;;;;san;kiet;;
Huế;Phường Thuận Hóa;Nhà mặt phố;ban;2025-06;;;;;;;;san;lon;;
Huế;Phường Thuận Hóa;Nhà mặt phố;ban;2025-06;;;;;;;;san;nho;;
Huế;Phường Thuận Hóa;Nhà mặt phố;ban;2025-06;;;;;;;;san;kiet;;
Huế;Phường Thuận Hóa;Nhà mặt phố;ban;2025-07;;;;;;;;san;lon;;
Huế;Phường Thuận Hóa;Nhà mặt phố;ban;2025-07;;;;;;;;san;nho;;
Huế;Phường Thuận Hóa;Nhà mặt phố;ban;2025-07;;;;;;;;san;kiet;;
Huế;Phường Thuận Hóa;Nhà mặt phố;ban;2025-08;;;;;;;;san;lon;;
Huế;Phường Thuận Hóa;Nhà mặt phố;ban;2025-08;;;;;;;;san;nho;;
Huế;Phường Thuận Hóa;Nhà mặt phố;ban;2025-08;;;;;;;;san;kiet;;
Huế;Phường Thuận Hóa;Nhà mặt phố;ban;2025-09;;;;;;;;san;lon;;
Huế;Phường Thuận Hóa;Nhà mặt phố;ban;2025-09;;;;;;;;san;nho;;
Huế;Phường Thuận Hóa;Nhà mặt phố;ban;2025-09;;;;;;;;san;kiet;;
Huế;Phường Thuận Hóa;Nhà mặt phố;ban;2025-10;;;;;;;;san;lon;;
Huế;Phường Thuận Hóa;Nhà mặt phố;ban;2025-10;;;;;;;;san;nho;;
Huế;Phường Thuận Hóa;Nhà mặt phố;ban;2025-10;;;;;;;;san;kiet;;
Huế;Phường Thuận Hóa;Nhà mặt phố;ban;2025-11;;;;;;;;san;lon;;
Huế;Phường Thuận Hóa;Nhà mặt phố;ban;2025-11;;;;;;;;san;nho;;
Huế;Phường Thuận Hóa;Nhà mặt phố;ban;2025-11;;;;;;;;san;kiet;;
Huế;Phường Thuận Hóa;Nhà mặt phố;ban;2025-12;;;;;;;;san;lon;;
Huế;Phường Thuận Hóa;Nhà mặt phố;ban;2025-12;;;;;;;;san;nho;;
Huế;Phường Thuận Hóa;Nhà mặt phố;ban;2025-12;;;;;;;;san;kiet;;
Huế;Phường Thuận Hóa;Nhà mặt phố;ban;2026-01;;;;;;;;san;lon;;
Huế;Phường Thuận Hóa;Nhà mặt phố;ban;2026-01;;;;;;;;san;nho;;
Huế;Phường Thuận Hóa;Nhà mặt phố;ban;2026-01;;;;;;;;san;kiet;;
Huế;Phường Thuận Hóa;Nhà mặt phố;ban;2026-02;;;;;;;;san;lon;;
Huế;Phường Thuận Hóa;Nhà mặt phố;ban;2026-02;;;;;;;;san;nho;;
Huế;Phường Thuận Hóa;Nhà mặt phố;ban;2026-02;;;;;;;;san;kiet;;
Huế;Phường Thuận Hóa;Nhà mặt phố;ban;2026-03;;;;;;;;san;lon;;
Huế;Phường Thuận Hóa;Nhà mặt phố;ban;2026-03;;;;;;;;san;nho;;
Huế;Phường Thuận Hóa;Nhà mặt phố;ban;2026-03;;;;;;;;san;kiet;;
Huế;Phường Thuận Hóa;Nhà mặt phố;ban;2026-04;;;;;;;;san;lon;;
Huế;Phường Thuận Hóa;Nhà mặt phố;ban;2026-04;;;;;;;;san;nho;;
Huế;Phường Thuận Hóa;Nhà mặt phố;ban;2026-04;;;;;;;;san;kiet;;
Huế;Phường Thuận Hóa;Nhà mặt phố;ban;2026-05;;;;;;;;san;lon;;
Huế;Phường Thuận Hóa;Nhà mặt phố;ban;2026-05;;;;;;;;san;nho;;
Huế;Phường Thuận Hóa;Nhà mặt phố;ban;2026-05;;;;;;;;san;kiet;;
Huế;Phường Thuận Hóa;Nhà mặt phố;ban;2026-06;;;;;;;;san;lon;;
Huế;Phường Thuận Hóa;Nhà mặt phố;ban;2026-06;;;;;;;;san;nho;;
Huế;Phường Thuận Hóa;Nhà mặt phố;ban;2026-06;;;;;;;;san;kiet;;
Huế;Phường Thuận Hóa;Nhà mặt phố;ban;2026-07;;;;;;;;san;lon;;
Huế;Phường Thuận Hóa;Nhà mặt phố;ban;2026-07;;;;;;;;san;nho;;
Huế;Phường Thuận Hóa;Nhà mặt phố;ban;2026-07;;;;;;;;san;kiet;;
Huế;Phường Thuận Hóa;Nhà mặt phố;ban;2026-08;;;;;;;;san;lon;;
Huế;Phường Thuận Hóa;Nhà mặt phố;ban;2026-08;;;;;;;;san;nho;;
Huế;Phường Thuận Hóa;Nhà mặt phố;ban;2026-08;;;;;;;;san;kiet;;
Huế;Phường Thuận Hóa;Nhà mặt phố;ban;2026-09;;;;;;;;san;lon;;
Huế;Phường Thuận Hóa;Nhà mặt phố;ban;2026-09;;;;;;;;san;nho;;
Huế;Phường Thuận Hóa;Nhà mặt phố;ban;2026-09;;;;;;;;san;kiet;;
Huế;Phường Vỹ Dạ;Nhà riêng;ban;2024-10;;;;;;;;san;lon;;
Huế;Phường Vỹ Dạ;Nhà riêng;ban;2024-10;;;;;;;;san;nho;;
Huế;Phường Vỹ Dạ;Nhà riêng;ban;2024-10;;;;;;;;san;kiet;;
Huế;Phường Vỹ Dạ;Nhà riêng;ban;2024-11;;;;;;;;san;lon;;
Huế;Phường Vỹ Dạ;Nhà riêng;ban;2024-11;;;;;;;;san;nho;;
Huế;Phường Vỹ Dạ;Nhà riêng;ban;2024-11;;;;;;;;san;kiet;;
Huế;Phường Vỹ Dạ;Nhà riêng;ban;2024-12;;;;;;;;san;lon;;
Huế;Phường Vỹ Dạ;Nhà riêng;ban;2024-12;;;;;;;;san;nho;;
Huế;Phường Vỹ Dạ;Nhà riêng;ban;2024-12;;;;;;;;san;kiet;;
Huế;Phường Vỹ Dạ;Nhà riêng;ban;2025-01;;;;;;;;san;lon;;
Huế;Phường Vỹ Dạ;Nhà riêng;ban;2025-01;;;;;;;;san;nho;;
Huế;Phường Vỹ Dạ;Nhà riêng;ban;2025-01;;;;;;;;san;kiet;;
Huế;Phường Vỹ Dạ;Nhà riêng;ban;2025-02;;;;;;;;san;lon;;
Huế;Phường Vỹ Dạ;Nhà riêng;ban;2025-02;;;;;;;;san;nho;;
Huế;Phường Vỹ Dạ;Nhà riêng;ban;2025-02;;;;;;;;san;kiet;;
Huế;Phường Vỹ Dạ;Nhà riêng;ban;2025-03;;;;;;;;san;lon;;
Huế;Phường Vỹ Dạ;Nhà riêng;ban;2025-03;;;;;;;;san;nho;;
Huế;Phường Vỹ Dạ;Nhà riêng;ban;2025-03;;;;;;;;san;kiet;;
Huế;Phường Vỹ Dạ;Nhà riêng;ban;2025-04;;;;;;;;san;lon;;
Huế;Phường Vỹ Dạ;Nhà riêng;ban;2025-04;;;;;;;;san;nho;;
Huế;Phường Vỹ Dạ;Nhà riêng;ban;2025-04;;;;;;;;san;kiet;;
Huế;Phường Vỹ Dạ;Nhà riêng;ban;2025-05;;;;;;;;san;lon;;
Huế;Phường Vỹ Dạ;Nhà riêng;ban;2025-05;;;;;;;;san;nho;;
Huế;Phường Vỹ Dạ;Nhà riêng;ban;2025-05;;;;;;;;san;kiet;;
Huế;Phường Vỹ Dạ;Nhà riêng;ban;2025-06;;;;;;;;san;lon;;
Huế;Phường Vỹ Dạ;Nhà riêng;ban;2025-06;;;;;;;;san;nho;;
Huế;Phường Vỹ Dạ;Nhà riêng;ban;2025-06;;;;;;;;san;kiet;;
Huế;Phường Vỹ Dạ;Nhà riêng;ban;2025-07;;;;;;;;san;lon;;
Huế;Phường Vỹ Dạ;Nhà riêng;ban;2025-07;;;;;;;;san;nho;;
Huế;Phường Vỹ Dạ;Nhà riêng;ban;2025-07;;;;;;;;san;kiet;;
Huế;Phường Vỹ Dạ;Nhà riêng;ban;2025-08;;;;;;;;san;lon;;
Huế;Phường Vỹ Dạ;Nhà riêng;ban;2025-08;;;;;;;;san;nho;;
Huế;Phường Vỹ Dạ;Nhà riêng;ban;2025-08;;;;;;;;san;kiet;;
Huế;Phường Vỹ Dạ;Nhà riêng;ban;2025-09;;;;;;;;san;lon;;
Huế;Phường Vỹ Dạ;Nhà riêng;ban;2025-09;;;;;;;;san;nho;;
Huế;Phường Vỹ Dạ;Nhà riêng;ban;2025-09;;;;;;;;san;kiet;;
Huế;Phường Vỹ Dạ;Nhà riêng;ban;2025-10;;;;;;;;san;lon;;
Huế;Phường Vỹ Dạ;Nhà riêng;ban;2025-10;;;;;;;;san;nho;;
Huế;Phường Vỹ Dạ;Nhà riêng;ban;2025-10;;;;;;;;san;kiet;;
Huế;Phường Vỹ Dạ;Nhà riêng;ban;2025-11;;;;;;;;san;lon;;
Huế;Phường Vỹ Dạ;Nhà riêng;ban;2025-11;;;;;;;;san;nho;;
Huế;Phường Vỹ Dạ;Nhà riêng;ban;2025-11;;;;;;;;san;kiet;;
Huế;Phường Vỹ Dạ;Nhà riêng;ban;2025-12;;;;;;;;san;lon;;
Huế;Phường Vỹ Dạ;Nhà riêng;ban;2025-12;;;;;;;;san;nho;;
Huế;Phường Vỹ Dạ;Nhà riêng;ban;2025-12;;;;;;;;san;kiet;;
Huế;Phường Vỹ Dạ;Nhà riêng;ban;2026-01;;;;;;;;san;lon;;
Huế;Phường Vỹ Dạ;Nhà riêng;ban;2026-01;;;;;;;;san;nho;;
Huế;Phường Vỹ Dạ;Nhà riêng;ban;2026-01;;;;;;;;san;kiet;;
Huế;Phường Vỹ Dạ;Nhà riêng;ban;2026-02;;;;;;;;san;lon;;
Huế;Phường Vỹ Dạ;Nhà riêng;ban;2026-02;;;;;;;;san;nho;;
Huế;Phường Vỹ Dạ;Nhà riêng;ban;2026-02;;;;;;;;san;kiet;;
Huế;Phường Vỹ Dạ;Nhà riêng;ban;2026-03;;;;;;;;san;lon;;
Huế;Phường Vỹ Dạ;Nhà riêng;ban;2026-03;;;;;;;;san;nho;;
Huế;Phường Vỹ Dạ;Nhà riêng;ban;2026-03;;;;;;;;san;kiet;;
Huế;Phường Vỹ Dạ;Nhà riêng;ban;2026-04;;;;;;;;san;lon;;
Huế;Phường Vỹ Dạ;Nhà riêng;ban;2026-04;;;;;;;;san;nho;;
Huế;Phường Vỹ Dạ;Nhà riêng;ban;2026-04;;;;;;;;san;kiet;;
Huế;Phường Vỹ Dạ;Nhà riêng;ban;2026-05;;;;;;;;san;lon;;
Huế;Phường Vỹ Dạ;Nhà riêng;ban;2026-05;;;;;;;;san;nho;;
Huế;Phường Vỹ Dạ;Nhà riêng;ban;2026-05;;;;;;;;san;kiet;;
Huế;Phường Vỹ Dạ;Nhà riêng;ban;2026-06;;;;;;;;san;lon;;
Huế;Phường Vỹ Dạ;Nhà riêng;ban;2026-06;;;;;;;;san;nho;;
Huế;Phường Vỹ Dạ;Nhà riêng;ban;2026-06;;;;;;;;san;kiet;;
Huế;Phường Vỹ Dạ;Nhà riêng;ban;2026-07;;;;;;;;san;lon;;
Huế;Phường Vỹ Dạ;Nhà riêng;ban;2026-07;;;;;;;;san;nho;;
Huế;Phường Vỹ Dạ;Nhà riêng;ban;2026-07;;;;;;;;san;kiet;;
Huế;Phường Vỹ Dạ;Nhà riêng;ban;2026-08;;;;;;;;san;lon;;
Huế;Phường Vỹ Dạ;Nhà riêng;ban;2026-08;;;;;;;;san;nho;;
Huế;Phường Vỹ Dạ;Nhà riêng;ban;2026-08;;;;;;;;san;kiet;;
Huế;Phường Vỹ Dạ;Nhà riêng;ban;2026-09;;;;;;;;san;lon;;
Huế;Phường Vỹ Dạ;Nhà riêng;ban;2026-09;;;;;;;;san;nho;;
Huế;Phường Vỹ Dạ;Nhà riêng;ban;2026-09;;;;;;;;san;kiet;;
Huế;Xã Chân Mây - Lăng Cô;Nhà riêng;ban;2024-10;;;;;;;;san;lon;;
Huế;Xã Chân Mây - Lăng Cô;Nhà riêng;ban;2024-10;;;;;;;;san;nho;;
Huế;Xã Chân Mây - Lăng Cô;Nhà riêng;ban;2024-10;;;;;;;;san;kiet;;
Huế;Xã Chân Mây - Lăng Cô;Nhà riêng;ban;2024-11;;;;;;;;san;lon;;
Huế;Xã Chân Mây - Lăng Cô;Nhà riêng;ban;2024-11;;;;;;;;san;nho;;
Huế;Xã Chân Mây - Lăng Cô;Nhà riêng;ban;2024-11;;;;;;;;san;kiet;;
Huế;Xã Chân Mây - Lăng Cô;Nhà riêng;ban;2024-12;;;;;;;;san;lon;;
Huế;Xã Chân Mây - Lăng Cô;Nhà riêng;ban;2024-12;;;;;;;;san;nho;;
Huế;Xã Chân Mây - Lăng Cô;Nhà riêng;ban;2024-12;;;;;;;;san;kiet;;
Huế;Xã Chân Mây - Lăng Cô;Nhà riêng;ban;2025-01;;;;;;;;san;lon;;
Huế;Xã Chân Mây - Lăng Cô;Nhà riêng;ban;2025-01;;;;;;;;san;nho;;
Huế;Xã Chân Mây - Lăng Cô;Nhà riêng;ban;2025-01;;;;;;;;san;kiet;;
Huế;Xã Chân Mây - Lăng Cô;Nhà riêng;ban;2025-02;;;;;;;;san;lon;;
Huế;Xã Chân Mây - Lăng Cô;Nhà riêng;ban;2025-02;;;;;;;;san;nho;;
Huế;Xã Chân Mây - Lăng Cô;Nhà riêng;ban;2025-02;;;;;;;;san;kiet;;
Huế;Xã Chân Mây - Lăng Cô;Nhà riêng;ban;2025-03;;;;;;;;san;lon;;
Huế;Xã Chân Mây - Lăng Cô;Nhà riêng;ban;2025-03;;;;;;;;san;nho;;
Huế;Xã Chân Mây - Lăng Cô;Nhà riêng;ban;2025-03;;;;;;;;san;kiet;;
Huế;Xã Chân Mây - Lăng Cô;Nhà riêng;ban;2025-04;;;;;;;;san;lon;;
Huế;Xã Chân Mây - Lăng Cô;Nhà riêng;ban;2025-04;;;;;;;;san;nho;;
Huế;Xã Chân Mây - Lăng Cô;Nhà riêng;ban;2025-04;;;;;;;;san;kiet;;
Huế;Xã Chân Mây - Lăng Cô;Nhà riêng;ban;2025-05;;;;;;;;san;lon;;
Huế;Xã Chân Mây - Lăng Cô;Nhà riêng;ban;2025-05;;;;;;;;san;nho;;
Huế;Xã Chân Mây - Lăng Cô;Nhà riêng;ban;2025-05;;;;;;;;san;kiet;;
Huế;Xã Chân Mây - Lăng Cô;Nhà riêng;ban;2025-06;;;;;;;;san;lon;;
Huế;Xã Chân Mây - Lăng Cô;Nhà riêng;ban;2025-06;;;;;;;;san;nho;;
Huế;Xã Chân Mây - Lăng Cô;Nhà riêng;ban;2025-06;;;;;;;;san;kiet;;
Huế;Xã Chân Mây - Lăng Cô;Nhà riêng;ban;2025-07;;;;;;;;san;lon;;
Huế;Xã Chân Mây - Lăng Cô;Nhà riêng;ban;2025-07;;;;;;;;san;nho;;
Huế;Xã Chân Mây - Lăng Cô;Nhà riêng;ban;2025-07;;;;;;;;san;kiet;;
Huế;Xã Chân Mây - Lăng Cô;Nhà riêng;ban;2025-08;;;;;;;;san;lon;;
Huế;Xã Chân Mây - Lăng Cô;Nhà riêng;ban;2025-08;;;;;;;;san;nho;;
Huế;Xã Chân Mây - Lăng Cô;Nhà riêng;ban;2025-08;;;;;;;;san;kiet;;
Huế;Xã Chân Mây - Lăng Cô;Nhà riêng;ban;2025-09;;;;;;;;san;lon;;
Huế;Xã Chân Mây - Lăng Cô;Nhà riêng;ban;2025-09;;;;;;;;san;nho;;
Huế;Xã Chân Mây - Lăng Cô;Nhà riêng;ban;2025-09;;;;;;;;san;kiet;;
Huế;Xã Chân Mây - Lăng Cô;Nhà riêng;ban;2025-10;;;;;;;;san;lon;;
Huế;Xã Chân Mây - Lăng Cô;Nhà riêng;ban;2025-10;;;;;;;;san;nho;;
Huế;Xã Chân Mây - Lăng Cô;Nhà riêng;ban;2025-10;;;;;;;;san;kiet;;
Huế;Xã Chân Mây - Lăng Cô;Nhà riêng;ban;2025-11;;;;;;;;san;lon;;
Huế;Xã Chân Mây - Lăng Cô;Nhà riêng;ban;2025-11;;;;;;;;san;nho;;
Huế;Xã Chân Mây - Lăng Cô;Nhà riêng;ban;2025-11;;;;;;;;san;kiet;;
Huế;Xã Chân Mây - Lăng Cô;Nhà riêng;ban;2025-12;;;;;;;;san;lon;;
Huế;Xã Chân Mây - Lăng Cô;Nhà riêng;ban;2025-12;;;;;;;;san;nho;;
Huế;Xã Chân Mây - Lăng Cô;Nhà riêng;ban;2025-12;;;;;;;;san;kiet;;
Huế;Xã Chân Mây - Lăng Cô;Nhà riêng;ban;2026-01;;;;;;;;san;lon;;
Huế;Xã Chân Mây - Lăng Cô;Nhà riêng;ban;2026-01;;;;;;;;san;nho;;
Huế;Xã Chân Mây - Lăng Cô;Nhà riêng;ban;2026-01;;;;;;;;san;kiet;;
Huế;Xã Chân Mây - Lăng Cô;Nhà riêng;ban;2026-02;;;;;;;;san;lon;;
Huế;Xã Chân Mây - Lăng Cô;Nhà riêng;ban;2026-02;;;;;;;;san;nho;;
Huế;Xã Chân Mây - Lăng Cô;Nhà riêng;ban;2026-02;;;;;;;;san;kiet;;
Huế;Xã Chân Mây - Lăng Cô;Nhà riêng;ban;2026-03;;;;;;;;san;lon;;
Huế;Xã Chân Mây - Lăng Cô;Nhà riêng;ban;2026-03;;;;;;;;san;nho;;
Huế;Xã Chân Mây - Lăng Cô;Nhà riêng;ban;2026-03;;;;;;;;san;kiet;;
Huế;Xã Chân Mây - Lăng Cô;Nhà riêng;ban;2026-04;;;;;;;;san;lon;;
Huế;Xã Chân Mây - Lăng Cô;Nhà riêng;ban;2026-04;;;;;;;;san;nho;;
Huế;Xã Chân Mây - Lăng Cô;Nhà riêng;ban;2026-04;;;;;;;;san;kiet;;
Huế;Xã Chân Mây - Lăng Cô;Nhà riêng;ban;2026-05;;;;;;;;san;lon;;
Huế;Xã Chân Mây - Lăng Cô;Nhà riêng;ban;2026-05;;;;;;;;san;nho;;
Huế;Xã Chân Mây - Lăng Cô;Nhà riêng;ban;2026-05;;;;;;;;san;kiet;;
Huế;Xã Chân Mây - Lăng Cô;Nhà riêng;ban;2026-06;;;;;;;;san;lon;;
Huế;Xã Chân Mây - Lăng Cô;Nhà riêng;ban;2026-06;;;;;;;;san;nho;;
Huế;Xã Chân Mây - Lăng Cô;Nhà riêng;ban;2026-06;;;;;;;;san;kiet;;
Huế;Xã Chân Mây - Lăng Cô;Nhà riêng;ban;2026-07;;;;;;;;san;lon;;
Huế;Xã Chân Mây - Lăng Cô;Nhà riêng;ban;2026-07;;;;;;;;san;nho;;
Huế;Xã Chân Mây - Lăng Cô;Nhà riêng;ban;2026-07;;;;;;;;san;kiet;;
Huế;Xã Chân Mây - Lăng Cô;Nhà riêng;ban;2026-08;;;;;;;;san;lon;;
Huế;Xã Chân Mây - Lăng Cô;Nhà riêng;ban;2026-08;;;;;;;;san;nho;;
Huế;Xã Chân Mây - Lăng Cô;Nhà riêng;ban;2026-08;;;;;;;;san;kiet;;
Huế;Xã Chân Mây - Lăng Cô;Nhà riêng;ban;2026-09;;;;;;;;san;lon;;
Huế;Xã Chân Mây - Lăng Cô;Nhà riêng;ban;2026-09;;;;;;;;san;nho;;
Huế;Xã Chân Mây - Lăng Cô;Nhà riêng;ban;2026-09;;;;;;;;san;kiet;;
Huế;Phường Mỹ Thượng;Nhà riêng;thue;2024-10;;;;;;;;san;lon;;
Huế;Phường Mỹ Thượng;Nhà riêng;thue;2024-10;;;;;;;;san;nho;;
Huế;Phường Mỹ Thượng;Nhà riêng;thue;2024-10;;;;;;;;san;kiet;;
Huế;Phường Mỹ Thượng;Nhà riêng;thue;2024-11;;;;;;;;san;lon;;
Huế;Phường Mỹ Thượng;Nhà riêng;thue;2024-11;;;;;;;;san;nho;;
Huế;Phường Mỹ Thượng;Nhà riêng;thue;2024-11;;;;;;;;san;kiet;;
Huế;Phường Mỹ Thượng;Nhà riêng;thue;2024-12;;;;;;;;san;lon;;
Huế;Phường Mỹ Thượng;Nhà riêng;thue;2024-12;;;;;;;;san;nho;;
Huế;Phường Mỹ Thượng;Nhà riêng;thue;2024-12;;;;;;;;san;kiet;;
Huế;Phường Mỹ Thượng;Nhà riêng;thue;2025-01;;;;;;;;san;lon;;
Huế;Phường Mỹ Thượng;Nhà riêng;thue;2025-01;;;;;;;;san;nho;;
Huế;Phường Mỹ Thượng;Nhà riêng;thue;2025-01;;;;;;;;san;kiet;;
Huế;Phường Mỹ Thượng;Nhà riêng;thue;2025-02;;;;;;;;san;lon;;
Huế;Phường Mỹ Thượng;Nhà riêng;thue;2025-02;;;;;;;;san;nho;;
Huế;Phường Mỹ Thượng;Nhà riêng;thue;2025-02;;;;;;;;san;kiet;;
Huế;Phường Mỹ Thượng;Nhà riêng;thue;2025-03;;;;;;;;san;lon;;
Huế;Phường Mỹ Thượng;Nhà riêng;thue;2025-03;;;;;;;;san;nho;;
Huế;Phường Mỹ Thượng;Nhà riêng;thue;2025-03;;;;;;;;san;kiet;;
Huế;Phường Mỹ Thượng;Nhà riêng;thue;2025-04;;;;;;;;san;lon;;
Huế;Phường Mỹ Thượng;Nhà riêng;thue;2025-04;;;;;;;;san;nho;;
Huế;Phường Mỹ Thượng;Nhà riêng;thue;2025-04;;;;;;;;san;kiet;;
Huế;Phường Mỹ Thượng;Nhà riêng;thue;2025-05;;;;;;;;san;lon;;
Huế;Phường Mỹ Thượng;Nhà riêng;thue;2025-05;;;;;;;;san;nho;;
Huế;Phường Mỹ Thượng;Nhà riêng;thue;2025-05;;;;;;;;san;kiet;;
Huế;Phường Mỹ Thượng;Nhà riêng;thue;2025-06;;;;;;;;san;lon;;
Huế;Phường Mỹ Thượng;Nhà riêng;thue;2025-06;;;;;;;;san;nho;;
Huế;Phường Mỹ Thượng;Nhà riêng;thue;2025-06;;;;;;;;san;kiet;;
Huế;Phường Mỹ Thượng;Nhà riêng;thue;2025-07;;;;;;;;san;lon;;
Huế;Phường Mỹ Thượng;Nhà riêng;thue;2025-07;;;;;;;;san;nho;;
Huế;Phường Mỹ Thượng;Nhà riêng;thue;2025-07;;;;;;;;san;kiet;;
Huế;Phường Mỹ Thượng;Nhà riêng;thue;2025-08;;;;;;;;san;lon;;
Huế;Phường Mỹ Thượng;Nhà riêng;thue;2025-08;;;;;;;;san;nho;;
Huế;Phường Mỹ Thượng;Nhà riêng;thue;2025-08;;;;;;;;san;kiet;;
Huế;Phường Mỹ Thượng;Nhà riêng;thue;2025-09;;;;;;;;san;lon;;
Huế;Phường Mỹ Thượng;Nhà riêng;thue;2025-09;;;;;;;;san;nho;;
Huế;Phường Mỹ Thượng;Nhà riêng;thue;2025-09;;;;;;;;san;kiet;;
Huế;Phường Mỹ Thượng;Nhà riêng;thue;2025-10;;;;;;;;san;lon;;
Huế;Phường Mỹ Thượng;Nhà riêng;thue;2025-10;;;;;;;;san;nho;;
Huế;Phường Mỹ Thượng;Nhà riêng;thue;2025-10;;;;;;;;san;kiet;;
Huế;Phường Mỹ Thượng;Nhà riêng;thue;2025-11;;;;;;;;san;lon;;
Huế;Phường Mỹ Thượng;Nhà riêng;thue;2025-11;;;;;;;;san;nho;;
Huế;Phường Mỹ Thượng;Nhà riêng;thue;2025-11;;;;;;;;san;kiet;;
Huế;Phường Mỹ Thượng;Nhà riêng;thue;2025-12;;;;;;;;san;lon;;
Huế;Phường Mỹ Thượng;Nhà riêng;thue;2025-12;;;;;;;;san;nho;;
Huế;Phường Mỹ Thượng;Nhà riêng;thue;2025-12;;;;;;;;san;kiet;;
Huế;Phường Mỹ Thượng;Nhà riêng;thue;2026-01;;;;;;;;san;lon;;
Huế;Phường Mỹ Thượng;Nhà riêng;thue;2026-01;;;;;;;;san;nho;;
Huế;Phường Mỹ Thượng;Nhà riêng;thue;2026-01;;;;;;;;san;kiet;;
Huế;Phường Mỹ Thượng;Nhà riêng;thue;2026-02;;;;;;;;san;lon;;
Huế;Phường Mỹ Thượng;Nhà riêng;thue;2026-02;;;;;;;;san;nho;;
Huế;Phường Mỹ Thượng;Nhà riêng;thue;2026-02;;;;;;;;san;kiet;;
Huế;Phường Mỹ Thượng;Nhà riêng;thue;2026-03;;;;;;;;san;lon;;
Huế;Phường Mỹ Thượng;Nhà riêng;thue;2026-03;;;;;;;;san;nho;;
Huế;Phường Mỹ Thượng;Nhà riêng;thue;2026-03;;;;;;;;san;kiet;;
Huế;Phường Mỹ Thượng;Nhà riêng;thue;2026-04;;;;;;;;san;lon;;
Huế;Phường Mỹ Thượng;Nhà riêng;thue;2026-04;;;;;;;;san;nho;;
Huế;Phường Mỹ Thượng;Nhà riêng;thue;2026-04;;;;;;;;san;kiet;;
Huế;Phường Mỹ Thượng;Nhà riêng;thue;2026-05;;;;;;;;san;lon;;
Huế;Phường Mỹ Thượng;Nhà riêng;thue;2026-05;;;;;;;;san;nho;;
Huế;Phường Mỹ Thượng;Nhà riêng;thue;2026-05;;;;;;;;san;kiet;;
Huế;Phường Mỹ Thượng;Nhà riêng;thue;2026-06;;;;;;;;san;lon;;
Huế;Phường Mỹ Thượng;Nhà riêng;thue;2026-06;;;;;;;;san;nho;;
Huế;Phường Mỹ Thượng;Nhà riêng;thue;2026-06;;;;;;;;san;kiet;;
Huế;Phường Mỹ Thượng;Nhà riêng;thue;2026-07;;;;;;;;san;lon;;
Huế;Phường Mỹ Thượng;Nhà riêng;thue;2026-07;;;;;;;;san;nho;;
Huế;Phường Mỹ Thượng;Nhà riêng;thue;2026-07;;;;;;;;san;kiet;;
Huế;Phường Mỹ Thượng;Nhà riêng;thue;2026-08;;;;;;;;san;lon;;
Huế;Phường Mỹ Thượng;Nhà riêng;thue;2026-08;;;;;;;;san;nho;;
Huế;Phường Mỹ Thượng;Nhà riêng;thue;2026-08;;;;;;;;san;kiet;;
Huế;Phường Mỹ Thượng;Nhà riêng;thue;2026-09;;;;;;;;san;lon;;
Huế;Phường Mỹ Thượng;Nhà riêng;thue;2026-09;;;;;;;;san;nho;;
Huế;Phường Mỹ Thượng;Nhà riêng;thue;2026-09;;;;;;;;san;kiet;;
Huế;Phường Phú Xuân;Văn phòng;thue;2024-10;;;;;;;;san;lon;;
Huế;Phường Phú Xuân;Văn phòng;thue;2024-10;;;;;;;;san;nho;;
Huế;Phường Phú Xuân;Văn phòng;thue;2024-10;;;;;;;;san;kiet;;
Huế;Phường Phú Xuân;Văn phòng;thue;2024-11;;;;;;;;san;lon;;
Huế;Phường Phú Xuân;Văn phòng;thue;2024-11;;;;;;;;san;nho;;
Huế;Phường Phú Xuân;Văn phòng;thue;2024-11;;;;;;;;san;kiet;;
Huế;Phường Phú Xuân;Văn phòng;thue;2024-12;;;;;;;;san;lon;;
Huế;Phường Phú Xuân;Văn phòng;thue;2024-12;;;;;;;;san;nho;;
Huế;Phường Phú Xuân;Văn phòng;thue;2024-12;;;;;;;;san;kiet;;
Huế;Phường Phú Xuân;Văn phòng;thue;2025-01;;;;;;;;san;lon;;
Huế;Phường Phú Xuân;Văn phòng;thue;2025-01;;;;;;;;san;nho;;
Huế;Phường Phú Xuân;Văn phòng;thue;2025-01;;;;;;;;san;kiet;;
Huế;Phường Phú Xuân;Văn phòng;thue;2025-02;;;;;;;;san;lon;;
Huế;Phường Phú Xuân;Văn phòng;thue;2025-02;;;;;;;;san;nho;;
Huế;Phường Phú Xuân;Văn phòng;thue;2025-02;;;;;;;;san;kiet;;
Huế;Phường Phú Xuân;Văn phòng;thue;2025-03;;;;;;;;san;lon;;
Huế;Phường Phú Xuân;Văn phòng;thue;2025-03;;;;;;;;san;nho;;
Huế;Phường Phú Xuân;Văn phòng;thue;2025-03;;;;;;;;san;kiet;;
Huế;Phường Phú Xuân;Văn phòng;thue;2025-04;;;;;;;;san;lon;;
Huế;Phường Phú Xuân;Văn phòng;thue;2025-04;;;;;;;;san;nho;;
Huế;Phường Phú Xuân;Văn phòng;thue;2025-04;;;;;;;;san;kiet;;
Huế;Phường Phú Xuân;Văn phòng;thue;2025-05;;;;;;;;san;lon;;
Huế;Phường Phú Xuân;Văn phòng;thue;2025-05;;;;;;;;san;nho;;
Huế;Phường Phú Xuân;Văn phòng;thue;2025-05;;;;;;;;san;kiet;;
Huế;Phường Phú Xuân;Văn phòng;thue;2025-06;;;;;;;;san;lon;;
Huế;Phường Phú Xuân;Văn phòng;thue;2025-06;;;;;;;;san;nho;;
Huế;Phường Phú Xuân;Văn phòng;thue;2025-06;;;;;;;;san;kiet;;
Huế;Phường Phú Xuân;Văn phòng;thue;2025-07;;;;;;;;san;lon;;
Huế;Phường Phú Xuân;Văn phòng;thue;2025-07;;;;;;;;san;nho;;
Huế;Phường Phú Xuân;Văn phòng;thue;2025-07;;;;;;;;san;kiet;;
Huế;Phường Phú Xuân;Văn phòng;thue;2025-08;;;;;;;;san;lon;;
Huế;Phường Phú Xuân;Văn phòng;thue;2025-08;;;;;;;;san;nho;;
Huế;Phường Phú Xuân;Văn phòng;thue;2025-08;;;;;;;;san;kiet;;
Huế;Phường Phú Xuân;Văn phòng;thue;2025-09;;;;;;;;san;lon;;
Huế;Phường Phú Xuân;Văn phòng;thue;2025-09;;;;;;;;san;nho;;
Huế;Phường Phú Xuân;Văn phòng;thue;2025-09;;;;;;;;san;kiet;;
Huế;Phường Phú Xuân;Văn phòng;thue;2025-10;;;;;;;;san;lon;;
Huế;Phường Phú Xuân;Văn phòng;thue;2025-10;;;;;;;;san;nho;;
Huế;Phường Phú Xuân;Văn phòng;thue;2025-10;;;;;;;;san;kiet;;
Huế;Phường Phú Xuân;Văn phòng;thue;2025-11;;;;;;;;san;lon;;
Huế;Phường Phú Xuân;Văn phòng;thue;2025-11;;;;;;;;san;nho;;
Huế;Phường Phú Xuân;Văn phòng;thue;2025-11;;;;;;;;san;kiet;;
Huế;Phường Phú Xuân;Văn phòng;thue;2025-12;;;;;;;;san;lon;;
Huế;Phường Phú Xuân;Văn phòng;thue;2025-12;;;;;;;;san;nho;;
Huế;Phường Phú Xuân;Văn phòng;thue;2025-12;;;;;;;;san;kiet;;
Huế;Phường Phú Xuân;Văn phòng;thue;2026-01;;;;;;;;san;lon;;
Huế;Phường Phú Xuân;Văn phòng;thue;2026-01;;;;;;;;san;nho;;
Huế;Phường Phú Xuân;Văn phòng;thue;2026-01;;;;;;;;san;kiet;;
Huế;Phường Phú Xuân;Văn phòng;thue;2026-02;;;;;;;;san;lon;;
Huế;Phường Phú Xuân;Văn phòng;thue;2026-02;;;;;;;;san;nho;;
Huế;Phường Phú Xuân;Văn phòng;thue;2026-02;;;;;;;;san;kiet;;
Huế;Phường Phú Xuân;Văn phòng;thue;2026-03;;;;;;;;san;lon;;
Huế;Phường Phú Xuân;Văn phòng;thue;2026-03;;;;;;;;san;nho;;
Huế;Phường Phú Xuân;Văn phòng;thue;2026-03;;;;;;;;san;kiet;;
Huế;Phường Phú Xuân;Văn phòng;thue;2026-04;;;;;;;;san;lon;;
Huế;Phường Phú Xuân;Văn phòng;thue;2026-04;;;;;;;;san;nho;;
Huế;Phường Phú Xuân;Văn phòng;thue;2026-04;;;;;;;;san;kiet;;
Huế;Phường Phú Xuân;Văn phòng;thue;2026-05;;;;;;;;san;lon;;
Huế;Phường Phú Xuân;Văn phòng;thue;2026-05;;;;;;;;san;nho;;
Huế;Phường Phú Xuân;Văn phòng;thue;2026-05;;;;;;;;san;kiet;;
Huế;Phường Phú Xuân;Văn phòng;thue;2026-06;;;;;;;;san;lon;;
Huế;Phường Phú Xuân;Văn phòng;thue;2026-06;;;;;;;;san;nho;;
Huế;Phường Phú Xuân;Văn phòng;thue;2026-06;;;;;;;;san;kiet;;
Huế;Phường Phú Xuân;Văn phòng;thue;2026-07;;;;;;;;san;lon;;
Huế;Phường Phú Xuân;Văn phòng;thue;2026-07;;;;;;;;san;nho;;
Huế;Phường Phú Xuân;Văn phòng;thue;2026-07;;;;;;;;san;kiet;;
Huế;Phường Phú Xuân;Văn phòng;thue;2026-08;;;;;;;;san;lon;;
Huế;Phường Phú Xuân;Văn phòng;thue;2026-08;;;;;;;;san;nho;;
Huế;Phường Phú Xuân;Văn phòng;thue;2026-08;;;;;;;;san;kiet;;
Huế;Phường Phú Xuân;Văn phòng;thue;2026-09;;;;;;;;san;lon;;
Huế;Phường Phú Xuân;Văn phòng;thue;2026-09;;;;;;;;san;nho;;
Huế;Phường Phú Xuân;Văn phòng;thue;2026-09;;;;;;;;san;kiet;;
Khánh Hòa;Phường Nam Nha Trang;Biệt thự / Liền kề;thue;2024-10;;;;;;;;san;lon;;
Khánh Hòa;Phường Nam Nha Trang;Biệt thự / Liền kề;thue;2024-10;;;;;;;;san;nho;;
Khánh Hòa;Phường Nam Nha Trang;Biệt thự / Liền kề;thue;2024-10;;;;;;;;san;kiet;;
Khánh Hòa;Phường Nam Nha Trang;Biệt thự / Liền kề;thue;2024-11;;;;;;;;san;lon;;
Khánh Hòa;Phường Nam Nha Trang;Biệt thự / Liền kề;thue;2024-11;;;;;;;;san;nho;;
Khánh Hòa;Phường Nam Nha Trang;Biệt thự / Liền kề;thue;2024-11;;;;;;;;san;kiet;;
Khánh Hòa;Phường Nam Nha Trang;Biệt thự / Liền kề;thue;2024-12;;;;;;;;san;lon;;
Khánh Hòa;Phường Nam Nha Trang;Biệt thự / Liền kề;thue;2024-12;;;;;;;;san;nho;;
Khánh Hòa;Phường Nam Nha Trang;Biệt thự / Liền kề;thue;2024-12;;;;;;;;san;kiet;;
Khánh Hòa;Phường Nam Nha Trang;Biệt thự / Liền kề;thue;2025-01;;;;;;;;san;lon;;
Khánh Hòa;Phường Nam Nha Trang;Biệt thự / Liền kề;thue;2025-01;;;;;;;;san;nho;;
Khánh Hòa;Phường Nam Nha Trang;Biệt thự / Liền kề;thue;2025-01;;;;;;;;san;kiet;;
Khánh Hòa;Phường Nam Nha Trang;Biệt thự / Liền kề;thue;2025-02;;;;;;;;san;lon;;
Khánh Hòa;Phường Nam Nha Trang;Biệt thự / Liền kề;thue;2025-02;;;;;;;;san;nho;;
Khánh Hòa;Phường Nam Nha Trang;Biệt thự / Liền kề;thue;2025-02;;;;;;;;san;kiet;;
Khánh Hòa;Phường Nam Nha Trang;Biệt thự / Liền kề;thue;2025-03;;;;;;;;san;lon;;
Khánh Hòa;Phường Nam Nha Trang;Biệt thự / Liền kề;thue;2025-03;;;;;;;;san;nho;;
Khánh Hòa;Phường Nam Nha Trang;Biệt thự / Liền kề;thue;2025-03;;;;;;;;san;kiet;;
Khánh Hòa;Phường Nam Nha Trang;Biệt thự / Liền kề;thue;2025-04;;;;;;;;san;lon;;
Khánh Hòa;Phường Nam Nha Trang;Biệt thự / Liền kề;thue;2025-04;;;;;;;;san;nho;;
Khánh Hòa;Phường Nam Nha Trang;Biệt thự / Liền kề;thue;2025-04;;;;;;;;san;kiet;;
Khánh Hòa;Phường Nam Nha Trang;Biệt thự / Liền kề;thue;2025-05;;;;;;;;san;lon;;
Khánh Hòa;Phường Nam Nha Trang;Biệt thự / Liền kề;thue;2025-05;;;;;;;;san;nho;;
Khánh Hòa;Phường Nam Nha Trang;Biệt thự / Liền kề;thue;2025-05;;;;;;;;san;kiet;;
Khánh Hòa;Phường Nam Nha Trang;Biệt thự / Liền kề;thue;2025-06;;;;;;;;san;lon;;
Khánh Hòa;Phường Nam Nha Trang;Biệt thự / Liền kề;thue;2025-06;;;;;;;;san;nho;;
Khánh Hòa;Phường Nam Nha Trang;Biệt thự / Liền kề;thue;2025-06;;;;;;;;san;kiet;;
Khánh Hòa;Phường Nam Nha Trang;Biệt thự / Liền kề;thue;2025-07;;;;;;;;san;lon;;
Khánh Hòa;Phường Nam Nha Trang;Biệt thự / Liền kề;thue;2025-07;;;;;;;;san;nho;;
Khánh Hòa;Phường Nam Nha Trang;Biệt thự / Liền kề;thue;2025-07;;;;;;;;san;kiet;;
Khánh Hòa;Phường Nam Nha Trang;Biệt thự / Liền kề;thue;2025-08;;;;;;;;san;lon;;
Khánh Hòa;Phường Nam Nha Trang;Biệt thự / Liền kề;thue;2025-08;;;;;;;;san;nho;;
Khánh Hòa;Phường Nam Nha Trang;Biệt thự / Liền kề;thue;2025-08;;;;;;;;san;kiet;;
Khánh Hòa;Phường Nam Nha Trang;Biệt thự / Liền kề;thue;2025-09;;;;;;;;san;lon;;
Khánh Hòa;Phường Nam Nha Trang;Biệt thự / Liền kề;thue;2025-09;;;;;;;;san;nho;;
Khánh Hòa;Phường Nam Nha Trang;Biệt thự / Liền kề;thue;2025-09;;;;;;;;san;kiet;;
Khánh Hòa;Phường Nam Nha Trang;Biệt thự / Liền kề;thue;2025-10;;;;;;;;san;lon;;
Khánh Hòa;Phường Nam Nha Trang;Biệt thự / Liền kề;thue;2025-10;;;;;;;;san;nho;;
Khánh Hòa;Phường Nam Nha Trang;Biệt thự / Liền kề;thue;2025-10;;;;;;;;san;kiet;;
Khánh Hòa;Phường Nam Nha Trang;Biệt thự / Liền kề;thue;2025-11;;;;;;;;san;lon;;
Khánh Hòa;Phường Nam Nha Trang;Biệt thự / Liền kề;thue;2025-11;;;;;;;;san;nho;;
Khánh Hòa;Phường Nam Nha Trang;Biệt thự / Liền kề;thue;2025-11;;;;;;;;san;kiet;;
Khánh Hòa;Phường Nam Nha Trang;Biệt thự / Liền kề;thue;2025-12;;;;;;;;san;lon;;
Khánh Hòa;Phường Nam Nha Trang;Biệt thự / Liền kề;thue;2025-12;;;;;;;;san;nho;;
Khánh Hòa;Phường Nam Nha Trang;Biệt thự / Liền kề;thue;2025-12;;;;;;;;san;kiet;;
Khánh Hòa;Phường Nam Nha Trang;Biệt thự / Liền kề;thue;2026-01;;;;;;;;san;lon;;
Khánh Hòa;Phường Nam Nha Trang;Biệt thự / Liền kề;thue;2026-01;;;;;;;;san;nho;;
Khánh Hòa;Phường Nam Nha Trang;Biệt thự / Liền kề;thue;2026-01;;;;;;;;san;kiet;;
Khánh Hòa;Phường Nam Nha Trang;Biệt thự / Liền kề;thue;2026-02;;;;;;;;san;lon;;
Khánh Hòa;Phường Nam Nha Trang;Biệt thự / Liền kề;thue;2026-02;;;;;;;;san;nho;;
Khánh Hòa;Phường Nam Nha Trang;Biệt thự / Liền kề;thue;2026-02;;;;;;;;san;kiet;;
Khánh Hòa;Phường Nam Nha Trang;Biệt thự / Liền kề;thue;2026-03;;;;;;;;san;lon;;
Khánh Hòa;Phường Nam Nha Trang;Biệt thự / Liền kề;thue;2026-03;;;;;;;;san;nho;;
Khánh Hòa;Phường Nam Nha Trang;Biệt thự / Liền kề;thue;2026-03;;;;;;;;san;kiet;;
Khánh Hòa;Phường Nam Nha Trang;Biệt thự / Liền kề;thue;2026-04;;;;;;;;san;lon;;
Khánh Hòa;Phường Nam Nha Trang;Biệt thự / Liền kề;thue;2026-04;;;;;;;;san;nho;;
Khánh Hòa;Phường Nam Nha Trang;Biệt thự / Liền kề;thue;2026-04;;;;;;;;san;kiet;;
Khánh Hòa;Phường Nam Nha Trang;Biệt thự / Liền kề;thue;2026-05;;;;;;;;san;lon;;
Khánh Hòa;Phường Nam Nha Trang;Biệt thự / Liền kề;thue;2026-05;;;;;;;;san;nho;;
Khánh Hòa;Phường Nam Nha Trang;Biệt thự / Liền kề;thue;2026-05;;;;;;;;san;kiet;;
Khánh Hòa;Phường Nam Nha Trang;Biệt thự / Liền kề;thue;2026-06;;;;;;;;san;lon;;
Khánh Hòa;Phường Nam Nha Trang;Biệt thự / Liền kề;thue;2026-06;;;;;;;;san;nho;;
Khánh Hòa;Phường Nam Nha Trang;Biệt thự / Liền kề;thue;2026-06;;;;;;;;san;kiet;;
Khánh Hòa;Phường Nam Nha Trang;Biệt thự / Liền kề;thue;2026-07;;;;;;;;san;lon;;
Khánh Hòa;Phường Nam Nha Trang;Biệt thự / Liền kề;thue;2026-07;;;;;;;;san;nho;;
Khánh Hòa;Phường Nam Nha Trang;Biệt thự / Liền kề;thue;2026-07;;;;;;;;san;kiet;;
Khánh Hòa;Phường Nam Nha Trang;Biệt thự / Liền kề;thue;2026-08;;;;;;;;san;lon;;
Khánh Hòa;Phường Nam Nha Trang;Biệt thự / Liền kề;thue;2026-08;;;;;;;;san;nho;;
Khánh Hòa;Phường Nam Nha Trang;Biệt thự / Liền kề;thue;2026-08;;;;;;;;san;kiet;;
Khánh Hòa;Phường Nam Nha Trang;Biệt thự / Liền kề;thue;2026-09;;;;;;;;san;lon;;
Khánh Hòa;Phường Nam Nha Trang;Biệt thự / Liền kề;thue;2026-09;;;;;;;;san;nho;;
Khánh Hòa;Phường Nam Nha Trang;Biệt thự / Liền kề;thue;2026-09;;;;;;;;san;kiet;;
Khánh Hòa;Phường Bắc Nha Trang;Căn hộ;thue;2024-10;;;;;;;;can;;;
Khánh Hòa;Phường Bắc Nha Trang;Căn hộ;thue;2024-11;;;;;;;;can;;;
Khánh Hòa;Phường Bắc Nha Trang;Căn hộ;thue;2024-12;;;;;;;;can;;;
Khánh Hòa;Phường Bắc Nha Trang;Căn hộ;thue;2025-01;;;;;;;;can;;;
Khánh Hòa;Phường Bắc Nha Trang;Căn hộ;thue;2025-02;;;;;;;;can;;;
Khánh Hòa;Phường Bắc Nha Trang;Căn hộ;thue;2025-03;;;;;;;;can;;;
Khánh Hòa;Phường Bắc Nha Trang;Căn hộ;thue;2025-04;;;;;;;;can;;;
Khánh Hòa;Phường Bắc Nha Trang;Căn hộ;thue;2025-05;;;;;;;;can;;;
Khánh Hòa;Phường Bắc Nha Trang;Căn hộ;thue;2025-06;;;;;;;;can;;;
Khánh Hòa;Phường Bắc Nha Trang;Căn hộ;thue;2025-07;;;;;;;;can;;;
Khánh Hòa;Phường Bắc Nha Trang;Căn hộ;thue;2025-08;;;;;;;;can;;;
Khánh Hòa;Phường Bắc Nha Trang;Căn hộ;thue;2025-09;;;;;;;;can;;;
Khánh Hòa;Phường Bắc Nha Trang;Căn hộ;thue;2025-10;;;;;;;;can;;;
Khánh Hòa;Phường Bắc Nha Trang;Căn hộ;thue;2025-11;;;;;;;;can;;;
Khánh Hòa;Phường Bắc Nha Trang;Căn hộ;thue;2025-12;;;;;;;;can;;;
Khánh Hòa;Phường Bắc Nha Trang;Căn hộ;thue;2026-01;;;;;;;;can;;;
Khánh Hòa;Phường Bắc Nha Trang;Căn hộ;thue;2026-02;;;;;;;;can;;;
Khánh Hòa;Phường Bắc Nha Trang;Căn hộ;thue;2026-03;;;;;;;;can;;;
Khánh Hòa;Phường Bắc Nha Trang;Căn hộ;thue;2026-04;;;;;;;;can;;;
Khánh Hòa;Phường Bắc Nha Trang;Căn hộ;thue;2026-05;;;;;;;;can;;;
Khánh Hòa;Phường Bắc Nha Trang;Căn hộ;thue;2026-06;;;;;;;;can;;;
Khánh Hòa;Phường Bắc Nha Trang;Căn hộ;thue;2026-07;;;;;;;;can;;;
Khánh Hòa;Phường Bắc Nha Trang;Căn hộ;thue;2026-08;;;;;;;;can;;;
Khánh Hòa;Phường Bắc Nha Trang;Căn hộ;thue;2026-09;;;;;;;;can;;;
Khánh Hòa;Phường Tây Nha Trang;Đất nền / Đất nền dự án;ban;2024-10;;;;;;;;dat;lon;;
Khánh Hòa;Phường Tây Nha Trang;Đất nền / Đất nền dự án;ban;2024-10;;;;;;;;dat;nho;;
Khánh Hòa;Phường Tây Nha Trang;Đất nền / Đất nền dự án;ban;2024-10;;;;;;;;dat;kiet;;
Khánh Hòa;Phường Tây Nha Trang;Đất nền / Đất nền dự án;ban;2024-11;;;;;;;;dat;lon;;
Khánh Hòa;Phường Tây Nha Trang;Đất nền / Đất nền dự án;ban;2024-11;;;;;;;;dat;nho;;
Khánh Hòa;Phường Tây Nha Trang;Đất nền / Đất nền dự án;ban;2024-11;;;;;;;;dat;kiet;;
Khánh Hòa;Phường Tây Nha Trang;Đất nền / Đất nền dự án;ban;2024-12;;;;;;;;dat;lon;;
Khánh Hòa;Phường Tây Nha Trang;Đất nền / Đất nền dự án;ban;2024-12;;;;;;;;dat;nho;;
Khánh Hòa;Phường Tây Nha Trang;Đất nền / Đất nền dự án;ban;2024-12;;;;;;;;dat;kiet;;
Khánh Hòa;Phường Tây Nha Trang;Đất nền / Đất nền dự án;ban;2025-01;;;;;;;;dat;lon;;
Khánh Hòa;Phường Tây Nha Trang;Đất nền / Đất nền dự án;ban;2025-01;;;;;;;;dat;nho;;
Khánh Hòa;Phường Tây Nha Trang;Đất nền / Đất nền dự án;ban;2025-01;;;;;;;;dat;kiet;;
Khánh Hòa;Phường Tây Nha Trang;Đất nền / Đất nền dự án;ban;2025-02;;;;;;;;dat;lon;;
Khánh Hòa;Phường Tây Nha Trang;Đất nền / Đất nền dự án;ban;2025-02;;;;;;;;dat;nho;;
Khánh Hòa;Phường Tây Nha Trang;Đất nền / Đất nền dự án;ban;2025-02;;;;;;;;dat;kiet;;
Khánh Hòa;Phường Tây Nha Trang;Đất nền / Đất nền dự án;ban;2025-03;;;;;;;;dat;lon;;
Khánh Hòa;Phường Tây Nha Trang;Đất nền / Đất nền dự án;ban;2025-03;;;;;;;;dat;nho;;
Khánh Hòa;Phường Tây Nha Trang;Đất nền / Đất nền dự án;ban;2025-03;;;;;;;;dat;kiet;;
Khánh Hòa;Phường Tây Nha Trang;Đất nền / Đất nền dự án;ban;2025-04;;;;;;;;dat;lon;;
Khánh Hòa;Phường Tây Nha Trang;Đất nền / Đất nền dự án;ban;2025-04;;;;;;;;dat;nho;;
Khánh Hòa;Phường Tây Nha Trang;Đất nền / Đất nền dự án;ban;2025-04;;;;;;;;dat;kiet;;
Khánh Hòa;Phường Tây Nha Trang;Đất nền / Đất nền dự án;ban;2025-05;;;;;;;;dat;lon;;
Khánh Hòa;Phường Tây Nha Trang;Đất nền / Đất nền dự án;ban;2025-05;;;;;;;;dat;nho;;
Khánh Hòa;Phường Tây Nha Trang;Đất nền / Đất nền dự án;ban;2025-05;;;;;;;;dat;kiet;;
Khánh Hòa;Phường Tây Nha Trang;Đất nền / Đất nền dự án;ban;2025-06;;;;;;;;dat;lon;;
Khánh Hòa;Phường Tây Nha Trang;Đất nền / Đất nền dự án;ban;2025-06;;;;;;;;dat;nho;;
Khánh Hòa;Phường Tây Nha Trang;Đất nền / Đất nền dự án;ban;2025-06;;;;;;;;dat;kiet;;
Khánh Hòa;Phường Tây Nha Trang;Đất nền / Đất nền dự án;ban;2025-07;;;;;;;;dat;lon;;
Khánh Hòa;Phường Tây Nha Trang;Đất nền / Đất nền dự án;ban;2025-07;;;;;;;;dat;nho;;
Khánh Hòa;Phường Tây Nha Trang;Đất nền / Đất nền dự án;ban;2025-07;;;;;;;;dat;kiet;;
Khánh Hòa;Phường Tây Nha Trang;Đất nền / Đất nền dự án;ban;2025-08;;;;;;;;dat;lon;;
Khánh Hòa;Phường Tây Nha Trang;Đất nền / Đất nền dự án;ban;2025-08;;;;;;;;dat;nho;;
Khánh Hòa;Phường Tây Nha Trang;Đất nền / Đất nền dự án;ban;2025-08;;;;;;;;dat;kiet;;
Khánh Hòa;Phường Tây Nha Trang;Đất nền / Đất nền dự án;ban;2025-09;;;;;;;;dat;lon;;
Khánh Hòa;Phường Tây Nha Trang;Đất nền / Đất nền dự án;ban;2025-09;;;;;;;;dat;nho;;
Khánh Hòa;Phường Tây Nha Trang;Đất nền / Đất nền dự án;ban;2025-09;;;;;;;;dat;kiet;;
Khánh Hòa;Phường Tây Nha Trang;Đất nền / Đất nền dự án;ban;2025-10;;;;;;;;dat;lon;;
Khánh Hòa;Phường Tây Nha Trang;Đất nền / Đất nền dự án;ban;2025-10;;;;;;;;dat;nho;;
Khánh Hòa;Phường Tây Nha Trang;Đất nền / Đất nền dự án;ban;2025-10;;;;;;;;dat;kiet;;
Khánh Hòa;Phường Tây Nha Trang;Đất nền / Đất nền dự án;ban;2025-11;;;;;;;;dat;lon;;
Khánh Hòa;Phường Tây Nha Trang;Đất nền / Đất nền dự án;ban;2025-11;;;;;;;;dat;nho;;
Khánh Hòa;Phường Tây Nha Trang;Đất nền / Đất nền dự án;ban;2025-11;;;;;;;;dat;kiet;;
Khánh Hòa;Phường Tây Nha Trang;Đất nền / Đất nền dự án;ban;2025-12;;;;;;;;dat;lon;;
Khánh Hòa;Phường Tây Nha Trang;Đất nền / Đất nền dự án;ban;2025-12;;;;;;;;dat;nho;;
Khánh Hòa;Phường Tây Nha Trang;Đất nền / Đất nền dự án;ban;2025-12;;;;;;;;dat;kiet;;
Khánh Hòa;Phường Tây Nha Trang;Đất nền / Đất nền dự án;ban;2026-01;;;;;;;;dat;lon;;
Khánh Hòa;Phường Tây Nha Trang;Đất nền / Đất nền dự án;ban;2026-01;;;;;;;;dat;nho;;
Khánh Hòa;Phường Tây Nha Trang;Đất nền / Đất nền dự án;ban;2026-01;;;;;;;;dat;kiet;;
Khánh Hòa;Phường Tây Nha Trang;Đất nền / Đất nền dự án;ban;2026-02;;;;;;;;dat;lon;;
Khánh Hòa;Phường Tây Nha Trang;Đất nền / Đất nền dự án;ban;2026-02;;;;;;;;dat;nho;;
Khánh Hòa;Phường Tây Nha Trang;Đất nền / Đất nền dự án;ban;2026-02;;;;;;;;dat;kiet;;
Khánh Hòa;Phường Tây Nha Trang;Đất nền / Đất nền dự án;ban;2026-03;;;;;;;;dat;lon;;
Khánh Hòa;Phường Tây Nha Trang;Đất nền / Đất nền dự án;ban;2026-03;;;;;;;;dat;nho;;
Khánh Hòa;Phường Tây Nha Trang;Đất nền / Đất nền dự án;ban;2026-03;;;;;;;;dat;kiet;;
Khánh Hòa;Phường Tây Nha Trang;Đất nền / Đất nền dự án;ban;2026-04;;;;;;;;dat;lon;;
Khánh Hòa;Phường Tây Nha Trang;Đất nền / Đất nền dự án;ban;2026-04;;;;;;;;dat;nho;;
Khánh Hòa;Phường Tây Nha Trang;Đất nền / Đất nền dự án;ban;2026-04;;;;;;;;dat;kiet;;
Khánh Hòa;Phường Tây Nha Trang;Đất nền / Đất nền dự án;ban;2026-05;;;;;;;;dat;lon;;
Khánh Hòa;Phường Tây Nha Trang;Đất nền / Đất nền dự án;ban;2026-05;;;;;;;;dat;nho;;
Khánh Hòa;Phường Tây Nha Trang;Đất nền / Đất nền dự án;ban;2026-05;;;;;;;;dat;kiet;;
Khánh Hòa;Phường Tây Nha Trang;Đất nền / Đất nền dự án;ban;2026-06;;;;;;;;dat;lon;;
Khánh Hòa;Phường Tây Nha Trang;Đất nền / Đất nền dự án;ban;2026-06;;;;;;;;dat;nho;;
Khánh Hòa;Phường Tây Nha Trang;Đất nền / Đất nền dự án;ban;2026-06;;;;;;;;dat;kiet;;
Khánh Hòa;Phường Tây Nha Trang;Đất nền / Đất nền dự án;ban;2026-07;;;;;;;;dat;lon;;
Khánh Hòa;Phường Tây Nha Trang;Đất nền / Đất nền dự án;ban;2026-07;;;;;;;;dat;nho;;
Khánh Hòa;Phường Tây Nha Trang;Đất nền / Đất nền dự án;ban;2026-07;;;;;;;;dat;kiet;;
Khánh Hòa;Phường Tây Nha Trang;Đất nền / Đất nền dự án;ban;2026-08;;;;;;;;dat;lon;;
Khánh Hòa;Phường Tây Nha Trang;Đất nền / Đất nền dự án;ban;2026-08;;;;;;;;dat;nho;;
Khánh Hòa;Phường Tây Nha Trang;Đất nền / Đất nền dự án;ban;2026-08;;;;;;;;dat;kiet;;
Khánh Hòa;Phường Tây Nha Trang;Đất nền / Đất nền dự án;ban;2026-09;;;;;;;;dat;lon;;
Khánh Hòa;Phường Tây Nha Trang;Đất nền / Đất nền dự án;ban;2026-09;;;;;;;;dat;nho;;
Khánh Hòa;Phường Tây Nha Trang;Đất nền / Đất nền dự án;ban;2026-09;;;;;;;;dat;kiet;;
Khánh Hòa;Phường Bắc Nha Trang;Đất nền / Đất nền dự án;ban;2024-10;;;;;;;;dat;lon;;
Khánh Hòa;Phường Bắc Nha Trang;Đất nền / Đất nền dự án;ban;2024-10;;;;;;;;dat;nho;;
Khánh Hòa;Phường Bắc Nha Trang;Đất nền / Đất nền dự án;ban;2024-10;;;;;;;;dat;kiet;;
Khánh Hòa;Phường Bắc Nha Trang;Đất nền / Đất nền dự án;ban;2024-11;;;;;;;;dat;lon;;
Khánh Hòa;Phường Bắc Nha Trang;Đất nền / Đất nền dự án;ban;2024-11;;;;;;;;dat;nho;;
Khánh Hòa;Phường Bắc Nha Trang;Đất nền / Đất nền dự án;ban;2024-11;;;;;;;;dat;kiet;;
Khánh Hòa;Phường Bắc Nha Trang;Đất nền / Đất nền dự án;ban;2024-12;;;;;;;;dat;lon;;
Khánh Hòa;Phường Bắc Nha Trang;Đất nền / Đất nền dự án;ban;2024-12;;;;;;;;dat;nho;;
Khánh Hòa;Phường Bắc Nha Trang;Đất nền / Đất nền dự án;ban;2024-12;;;;;;;;dat;kiet;;
Khánh Hòa;Phường Bắc Nha Trang;Đất nền / Đất nền dự án;ban;2025-01;;;;;;;;dat;lon;;
Khánh Hòa;Phường Bắc Nha Trang;Đất nền / Đất nền dự án;ban;2025-01;;;;;;;;dat;nho;;
Khánh Hòa;Phường Bắc Nha Trang;Đất nền / Đất nền dự án;ban;2025-01;;;;;;;;dat;kiet;;
Khánh Hòa;Phường Bắc Nha Trang;Đất nền / Đất nền dự án;ban;2025-02;;;;;;;;dat;lon;;
Khánh Hòa;Phường Bắc Nha Trang;Đất nền / Đất nền dự án;ban;2025-02;;;;;;;;dat;nho;;
Khánh Hòa;Phường Bắc Nha Trang;Đất nền / Đất nền dự án;ban;2025-02;;;;;;;;dat;kiet;;
Khánh Hòa;Phường Bắc Nha Trang;Đất nền / Đất nền dự án;ban;2025-03;;;;;;;;dat;lon;;
Khánh Hòa;Phường Bắc Nha Trang;Đất nền / Đất nền dự án;ban;2025-03;;;;;;;;dat;nho;;
Khánh Hòa;Phường Bắc Nha Trang;Đất nền / Đất nền dự án;ban;2025-03;;;;;;;;dat;kiet;;
Khánh Hòa;Phường Bắc Nha Trang;Đất nền / Đất nền dự án;ban;2025-04;;;;;;;;dat;lon;;
Khánh Hòa;Phường Bắc Nha Trang;Đất nền / Đất nền dự án;ban;2025-04;;;;;;;;dat;nho;;
Khánh Hòa;Phường Bắc Nha Trang;Đất nền / Đất nền dự án;ban;2025-04;;;;;;;;dat;kiet;;
Khánh Hòa;Phường Bắc Nha Trang;Đất nền / Đất nền dự án;ban;2025-05;;;;;;;;dat;lon;;
Khánh Hòa;Phường Bắc Nha Trang;Đất nền / Đất nền dự án;ban;2025-05;;;;;;;;dat;nho;;
Khánh Hòa;Phường Bắc Nha Trang;Đất nền / Đất nền dự án;ban;2025-05;;;;;;;;dat;kiet;;
Khánh Hòa;Phường Bắc Nha Trang;Đất nền / Đất nền dự án;ban;2025-06;;;;;;;;dat;lon;;
Khánh Hòa;Phường Bắc Nha Trang;Đất nền / Đất nền dự án;ban;2025-06;;;;;;;;dat;nho;;
Khánh Hòa;Phường Bắc Nha Trang;Đất nền / Đất nền dự án;ban;2025-06;;;;;;;;dat;kiet;;
Khánh Hòa;Phường Bắc Nha Trang;Đất nền / Đất nền dự án;ban;2025-07;;;;;;;;dat;lon;;
Khánh Hòa;Phường Bắc Nha Trang;Đất nền / Đất nền dự án;ban;2025-07;;;;;;;;dat;nho;;
Khánh Hòa;Phường Bắc Nha Trang;Đất nền / Đất nền dự án;ban;2025-07;;;;;;;;dat;kiet;;
Khánh Hòa;Phường Bắc Nha Trang;Đất nền / Đất nền dự án;ban;2025-08;;;;;;;;dat;lon;;
Khánh Hòa;Phường Bắc Nha Trang;Đất nền / Đất nền dự án;ban;2025-08;;;;;;;;dat;nho;;
Khánh Hòa;Phường Bắc Nha Trang;Đất nền / Đất nền dự án;ban;2025-08;;;;;;;;dat;kiet;;
Khánh Hòa;Phường Bắc Nha Trang;Đất nền / Đất nền dự án;ban;2025-09;;;;;;;;dat;lon;;
Khánh Hòa;Phường Bắc Nha Trang;Đất nền / Đất nền dự án;ban;2025-09;;;;;;;;dat;nho;;
Khánh Hòa;Phường Bắc Nha Trang;Đất nền / Đất nền dự án;ban;2025-09;;;;;;;;dat;kiet;;
Khánh Hòa;Phường Bắc Nha Trang;Đất nền / Đất nền dự án;ban;2025-10;;;;;;;;dat;lon;;
Khánh Hòa;Phường Bắc Nha Trang;Đất nền / Đất nền dự án;ban;2025-10;;;;;;;;dat;nho;;
Khánh Hòa;Phường Bắc Nha Trang;Đất nền / Đất nền dự án;ban;2025-10;;;;;;;;dat;kiet;;
Khánh Hòa;Phường Bắc Nha Trang;Đất nền / Đất nền dự án;ban;2025-11;;;;;;;;dat;lon;;
Khánh Hòa;Phường Bắc Nha Trang;Đất nền / Đất nền dự án;ban;2025-11;;;;;;;;dat;nho;;
Khánh Hòa;Phường Bắc Nha Trang;Đất nền / Đất nền dự án;ban;2025-11;;;;;;;;dat;kiet;;
Khánh Hòa;Phường Bắc Nha Trang;Đất nền / Đất nền dự án;ban;2025-12;;;;;;;;dat;lon;;
Khánh Hòa;Phường Bắc Nha Trang;Đất nền / Đất nền dự án;ban;2025-12;;;;;;;;dat;nho;;
Khánh Hòa;Phường Bắc Nha Trang;Đất nền / Đất nền dự án;ban;2025-12;;;;;;;;dat;kiet;;
Khánh Hòa;Phường Bắc Nha Trang;Đất nền / Đất nền dự án;ban;2026-01;;;;;;;;dat;lon;;
Khánh Hòa;Phường Bắc Nha Trang;Đất nền / Đất nền dự án;ban;2026-01;;;;;;;;dat;nho;;
Khánh Hòa;Phường Bắc Nha Trang;Đất nền / Đất nền dự án;ban;2026-01;;;;;;;;dat;kiet;;
Khánh Hòa;Phường Bắc Nha Trang;Đất nền / Đất nền dự án;ban;2026-02;;;;;;;;dat;lon;;
Khánh Hòa;Phường Bắc Nha Trang;Đất nền / Đất nền dự án;ban;2026-02;;;;;;;;dat;nho;;
Khánh Hòa;Phường Bắc Nha Trang;Đất nền / Đất nền dự án;ban;2026-02;;;;;;;;dat;kiet;;
Khánh Hòa;Phường Bắc Nha Trang;Đất nền / Đất nền dự án;ban;2026-03;;;;;;;;dat;lon;;
Khánh Hòa;Phường Bắc Nha Trang;Đất nền / Đất nền dự án;ban;2026-03;;;;;;;;dat;nho;;
Khánh Hòa;Phường Bắc Nha Trang;Đất nền / Đất nền dự án;ban;2026-03;;;;;;;;dat;kiet;;
Khánh Hòa;Phường Bắc Nha Trang;Đất nền / Đất nền dự án;ban;2026-04;;;;;;;;dat;lon;;
Khánh Hòa;Phường Bắc Nha Trang;Đất nền / Đất nền dự án;ban;2026-04;;;;;;;;dat;nho;;
Khánh Hòa;Phường Bắc Nha Trang;Đất nền / Đất nền dự án;ban;2026-04;;;;;;;;dat;kiet;;
Khánh Hòa;Phường Bắc Nha Trang;Đất nền / Đất nền dự án;ban;2026-05;;;;;;;;dat;lon;;
Khánh Hòa;Phường Bắc Nha Trang;Đất nền / Đất nền dự án;ban;2026-05;;;;;;;;dat;nho;;
Khánh Hòa;Phường Bắc Nha Trang;Đất nền / Đất nền dự án;ban;2026-05;;;;;;;;dat;kiet;;
Khánh Hòa;Phường Bắc Nha Trang;Đất nền / Đất nền dự án;ban;2026-06;;;;;;;;dat;lon;;
Khánh Hòa;Phường Bắc Nha Trang;Đất nền / Đất nền dự án;ban;2026-06;;;;;;;;dat;nho;;
Khánh Hòa;Phường Bắc Nha Trang;Đất nền / Đất nền dự án;ban;2026-06;;;;;;;;dat;kiet;;
Khánh Hòa;Phường Bắc Nha Trang;Đất nền / Đất nền dự án;ban;2026-07;;;;;;;;dat;lon;;
Khánh Hòa;Phường Bắc Nha Trang;Đất nền / Đất nền dự án;ban;2026-07;;;;;;;;dat;nho;;
Khánh Hòa;Phường Bắc Nha Trang;Đất nền / Đất nền dự án;ban;2026-07;;;;;;;;dat;kiet;;
Khánh Hòa;Phường Bắc Nha Trang;Đất nền / Đất nền dự án;ban;2026-08;;;;;;;;dat;lon;;
Khánh Hòa;Phường Bắc Nha Trang;Đất nền / Đất nền dự án;ban;2026-08;;;;;;;;dat;nho;;
Khánh Hòa;Phường Bắc Nha Trang;Đất nền / Đất nền dự án;ban;2026-08;;;;;;;;dat;kiet;;
Khánh Hòa;Phường Bắc Nha Trang;Đất nền / Đất nền dự án;ban;2026-09;;;;;;;;dat;lon;;
Khánh Hòa;Phường Bắc Nha Trang;Đất nền / Đất nền dự án;ban;2026-09;;;;;;;;dat;nho;;
Khánh Hòa;Phường Bắc Nha Trang;Đất nền / Đất nền dự án;ban;2026-09;;;;;;;;dat;kiet;;
Khánh Hòa;Phường Nha Trang;Mặt bằng / Cửa hàng bán lẻ;thue;2024-10;;;;;;;;san;lon;;
Khánh Hòa;Phường Nha Trang;Mặt bằng / Cửa hàng bán lẻ;thue;2024-10;;;;;;;;san;nho;;
Khánh Hòa;Phường Nha Trang;Mặt bằng / Cửa hàng bán lẻ;thue;2024-10;;;;;;;;san;kiet;;
Khánh Hòa;Phường Nha Trang;Mặt bằng / Cửa hàng bán lẻ;thue;2024-11;;;;;;;;san;lon;;
Khánh Hòa;Phường Nha Trang;Mặt bằng / Cửa hàng bán lẻ;thue;2024-11;;;;;;;;san;nho;;
Khánh Hòa;Phường Nha Trang;Mặt bằng / Cửa hàng bán lẻ;thue;2024-11;;;;;;;;san;kiet;;
Khánh Hòa;Phường Nha Trang;Mặt bằng / Cửa hàng bán lẻ;thue;2024-12;;;;;;;;san;lon;;
Khánh Hòa;Phường Nha Trang;Mặt bằng / Cửa hàng bán lẻ;thue;2024-12;;;;;;;;san;nho;;
Khánh Hòa;Phường Nha Trang;Mặt bằng / Cửa hàng bán lẻ;thue;2024-12;;;;;;;;san;kiet;;
Khánh Hòa;Phường Nha Trang;Mặt bằng / Cửa hàng bán lẻ;thue;2025-01;;;;;;;;san;lon;;
Khánh Hòa;Phường Nha Trang;Mặt bằng / Cửa hàng bán lẻ;thue;2025-01;;;;;;;;san;nho;;
Khánh Hòa;Phường Nha Trang;Mặt bằng / Cửa hàng bán lẻ;thue;2025-01;;;;;;;;san;kiet;;
Khánh Hòa;Phường Nha Trang;Mặt bằng / Cửa hàng bán lẻ;thue;2025-02;;;;;;;;san;lon;;
Khánh Hòa;Phường Nha Trang;Mặt bằng / Cửa hàng bán lẻ;thue;2025-02;;;;;;;;san;nho;;
Khánh Hòa;Phường Nha Trang;Mặt bằng / Cửa hàng bán lẻ;thue;2025-02;;;;;;;;san;kiet;;
Khánh Hòa;Phường Nha Trang;Mặt bằng / Cửa hàng bán lẻ;thue;2025-03;;;;;;;;san;lon;;
Khánh Hòa;Phường Nha Trang;Mặt bằng / Cửa hàng bán lẻ;thue;2025-03;;;;;;;;san;nho;;
Khánh Hòa;Phường Nha Trang;Mặt bằng / Cửa hàng bán lẻ;thue;2025-03;;;;;;;;san;kiet;;
Khánh Hòa;Phường Nha Trang;Mặt bằng / Cửa hàng bán lẻ;thue;2025-04;;;;;;;;san;lon;;
Khánh Hòa;Phường Nha Trang;Mặt bằng / Cửa hàng bán lẻ;thue;2025-04;;;;;;;;san;nho;;
Khánh Hòa;Phường Nha Trang;Mặt bằng / Cửa hàng bán lẻ;thue;2025-04;;;;;;;;san;kiet;;
Khánh Hòa;Phường Nha Trang;Mặt bằng / Cửa hàng bán lẻ;thue;2025-05;;;;;;;;san;lon;;
Khánh Hòa;Phường Nha Trang;Mặt bằng / Cửa hàng bán lẻ;thue;2025-05;;;;;;;;san;nho;;
Khánh Hòa;Phường Nha Trang;Mặt bằng / Cửa hàng bán lẻ;thue;2025-05;;;;;;;;san;kiet;;
Khánh Hòa;Phường Nha Trang;Mặt bằng / Cửa hàng bán lẻ;thue;2025-06;;;;;;;;san;lon;;
Khánh Hòa;Phường Nha Trang;Mặt bằng / Cửa hàng bán lẻ;thue;2025-06;;;;;;;;san;nho;;
Khánh Hòa;Phường Nha Trang;Mặt bằng / Cửa hàng bán lẻ;thue;2025-06;;;;;;;;san;kiet;;
Khánh Hòa;Phường Nha Trang;Mặt bằng / Cửa hàng bán lẻ;thue;2025-07;;;;;;;;san;lon;;
Khánh Hòa;Phường Nha Trang;Mặt bằng / Cửa hàng bán lẻ;thue;2025-07;;;;;;;;san;nho;;
Khánh Hòa;Phường Nha Trang;Mặt bằng / Cửa hàng bán lẻ;thue;2025-07;;;;;;;;san;kiet;;
Khánh Hòa;Phường Nha Trang;Mặt bằng / Cửa hàng bán lẻ;thue;2025-08;;;;;;;;san;lon;;
Khánh Hòa;Phường Nha Trang;Mặt bằng / Cửa hàng bán lẻ;thue;2025-08;;;;;;;;san;nho;;
Khánh Hòa;Phường Nha Trang;Mặt bằng / Cửa hàng bán lẻ;thue;2025-08;;;;;;;;san;kiet;;
Khánh Hòa;Phường Nha Trang;Mặt bằng / Cửa hàng bán lẻ;thue;2025-09;;;;;;;;san;lon;;
Khánh Hòa;Phường Nha Trang;Mặt bằng / Cửa hàng bán lẻ;thue;2025-09;;;;;;;;san;nho;;
Khánh Hòa;Phường Nha Trang;Mặt bằng / Cửa hàng bán lẻ;thue;2025-09;;;;;;;;san;kiet;;
Khánh Hòa;Phường Nha Trang;Mặt bằng / Cửa hàng bán lẻ;thue;2025-10;;;;;;;;san;lon;;
Khánh Hòa;Phường Nha Trang;Mặt bằng / Cửa hàng bán lẻ;thue;2025-10;;;;;;;;san;nho;;
Khánh Hòa;Phường Nha Trang;Mặt bằng / Cửa hàng bán lẻ;thue;2025-10;;;;;;;;san;kiet;;
Khánh Hòa;Phường Nha Trang;Mặt bằng / Cửa hàng bán lẻ;thue;2025-11;;;;;;;;san;lon;;
Khánh Hòa;Phường Nha Trang;Mặt bằng / Cửa hàng bán lẻ;thue;2025-11;;;;;;;;san;nho;;
Khánh Hòa;Phường Nha Trang;Mặt bằng / Cửa hàng bán lẻ;thue;2025-11;;;;;;;;san;kiet;;
Khánh Hòa;Phường Nha Trang;Mặt bằng / Cửa hàng bán lẻ;thue;2025-12;;;;;;;;san;lon;;
Khánh Hòa;Phường Nha Trang;Mặt bằng / Cửa hàng bán lẻ;thue;2025-12;;;;;;;;san;nho;;
Khánh Hòa;Phường Nha Trang;Mặt bằng / Cửa hàng bán lẻ;thue;2025-12;;;;;;;;san;kiet;;
Khánh Hòa;Phường Nha Trang;Mặt bằng / Cửa hàng bán lẻ;thue;2026-01;;;;;;;;san;lon;;
Khánh Hòa;Phường Nha Trang;Mặt bằng / Cửa hàng bán lẻ;thue;2026-01;;;;;;;;san;nho;;
Khánh Hòa;Phường Nha Trang;Mặt bằng / Cửa hàng bán lẻ;thue;2026-01;;;;;;;;san;kiet;;
Khánh Hòa;Phường Nha Trang;Mặt bằng / Cửa hàng bán lẻ;thue;2026-02;;;;;;;;san;lon;;
Khánh Hòa;Phường Nha Trang;Mặt bằng / Cửa hàng bán lẻ;thue;2026-02;;;;;;;;san;nho;;
Khánh Hòa;Phường Nha Trang;Mặt bằng / Cửa hàng bán lẻ;thue;2026-02;;;;;;;;san;kiet;;
Khánh Hòa;Phường Nha Trang;Mặt bằng / Cửa hàng bán lẻ;thue;2026-03;;;;;;;;san;lon;;
Khánh Hòa;Phường Nha Trang;Mặt bằng / Cửa hàng bán lẻ;thue;2026-03;;;;;;;;san;nho;;
Khánh Hòa;Phường Nha Trang;Mặt bằng / Cửa hàng bán lẻ;thue;2026-03;;;;;;;;san;kiet;;
Khánh Hòa;Phường Nha Trang;Mặt bằng / Cửa hàng bán lẻ;thue;2026-04;;;;;;;;san;lon;;
Khánh Hòa;Phường Nha Trang;Mặt bằng / Cửa hàng bán lẻ;thue;2026-04;;;;;;;;san;nho;;
Khánh Hòa;Phường Nha Trang;Mặt bằng / Cửa hàng bán lẻ;thue;2026-04;;;;;;;;san;kiet;;
Khánh Hòa;Phường Nha Trang;Mặt bằng / Cửa hàng bán lẻ;thue;2026-05;;;;;;;;san;lon;;
Khánh Hòa;Phường Nha Trang;Mặt bằng / Cửa hàng bán lẻ;thue;2026-05;;;;;;;;san;nho;;
Khánh Hòa;Phường Nha Trang;Mặt bằng / Cửa hàng bán lẻ;thue;2026-05;;;;;;;;san;kiet;;
Khánh Hòa;Phường Nha Trang;Mặt bằng / Cửa hàng bán lẻ;thue;2026-06;;;;;;;;san;lon;;
Khánh Hòa;Phường Nha Trang;Mặt bằng / Cửa hàng bán lẻ;thue;2026-06;;;;;;;;san;nho;;
Khánh Hòa;Phường Nha Trang;Mặt bằng / Cửa hàng bán lẻ;thue;2026-06;;;;;;;;san;kiet;;
Khánh Hòa;Phường Nha Trang;Mặt bằng / Cửa hàng bán lẻ;thue;2026-07;;;;;;;;san;lon;;
Khánh Hòa;Phường Nha Trang;Mặt bằng / Cửa hàng bán lẻ;thue;2026-07;;;;;;;;san;nho;;
Khánh Hòa;Phường Nha Trang;Mặt bằng / Cửa hàng bán lẻ;thue;2026-07;;;;;;;;san;kiet;;
Khánh Hòa;Phường Nha Trang;Mặt bằng / Cửa hàng bán lẻ;thue;2026-08;;;;;;;;san;lon;;
Khánh Hòa;Phường Nha Trang;Mặt bằng / Cửa hàng bán lẻ;thue;2026-08;;;;;;;;san;nho;;
Khánh Hòa;Phường Nha Trang;Mặt bằng / Cửa hàng bán lẻ;thue;2026-08;;;;;;;;san;kiet;;
Khánh Hòa;Phường Nha Trang;Mặt bằng / Cửa hàng bán lẻ;thue;2026-09;;;;;;;;san;lon;;
Khánh Hòa;Phường Nha Trang;Mặt bằng / Cửa hàng bán lẻ;thue;2026-09;;;;;;;;san;nho;;
Khánh Hòa;Phường Nha Trang;Mặt bằng / Cửa hàng bán lẻ;thue;2026-09;;;;;;;;san;kiet;;
Khánh Hòa;Phường Tây Nha Trang;Nhà riêng;ban;2024-10;;;;;;;;san;lon;;
Khánh Hòa;Phường Tây Nha Trang;Nhà riêng;ban;2024-10;;;;;;;;san;nho;;
Khánh Hòa;Phường Tây Nha Trang;Nhà riêng;ban;2024-10;;;;;;;;san;kiet;;
Khánh Hòa;Phường Tây Nha Trang;Nhà riêng;ban;2024-11;;;;;;;;san;lon;;
Khánh Hòa;Phường Tây Nha Trang;Nhà riêng;ban;2024-11;;;;;;;;san;nho;;
Khánh Hòa;Phường Tây Nha Trang;Nhà riêng;ban;2024-11;;;;;;;;san;kiet;;
Khánh Hòa;Phường Tây Nha Trang;Nhà riêng;ban;2024-12;;;;;;;;san;lon;;
Khánh Hòa;Phường Tây Nha Trang;Nhà riêng;ban;2024-12;;;;;;;;san;nho;;
Khánh Hòa;Phường Tây Nha Trang;Nhà riêng;ban;2024-12;;;;;;;;san;kiet;;
Khánh Hòa;Phường Tây Nha Trang;Nhà riêng;ban;2025-01;;;;;;;;san;lon;;
Khánh Hòa;Phường Tây Nha Trang;Nhà riêng;ban;2025-01;;;;;;;;san;nho;;
Khánh Hòa;Phường Tây Nha Trang;Nhà riêng;ban;2025-01;;;;;;;;san;kiet;;
Khánh Hòa;Phường Tây Nha Trang;Nhà riêng;ban;2025-02;;;;;;;;san;lon;;
Khánh Hòa;Phường Tây Nha Trang;Nhà riêng;ban;2025-02;;;;;;;;san;nho;;
Khánh Hòa;Phường Tây Nha Trang;Nhà riêng;ban;2025-02;;;;;;;;san;kiet;;
Khánh Hòa;Phường Tây Nha Trang;Nhà riêng;ban;2025-03;;;;;;;;san;lon;;
Khánh Hòa;Phường Tây Nha Trang;Nhà riêng;ban;2025-03;;;;;;;;san;nho;;
Khánh Hòa;Phường Tây Nha Trang;Nhà riêng;ban;2025-03;;;;;;;;san;kiet;;
Khánh Hòa;Phường Tây Nha Trang;Nhà riêng;ban;2025-04;;;;;;;;san;lon;;
Khánh Hòa;Phường Tây Nha Trang;Nhà riêng;ban;2025-04;;;;;;;;san;nho;;
Khánh Hòa;Phường Tây Nha Trang;Nhà riêng;ban;2025-04;;;;;;;;san;kiet;;
Khánh Hòa;Phường Tây Nha Trang;Nhà riêng;ban;2025-05;;;;;;;;san;lon;;
Khánh Hòa;Phường Tây Nha Trang;Nhà riêng;ban;2025-05;;;;;;;;san;nho;;
Khánh Hòa;Phường Tây Nha Trang;Nhà riêng;ban;2025-05;;;;;;;;san;kiet;;
Khánh Hòa;Phường Tây Nha Trang;Nhà riêng;ban;2025-06;;;;;;;;san;lon;;
Khánh Hòa;Phường Tây Nha Trang;Nhà riêng;ban;2025-06;;;;;;;;san;nho;;
Khánh Hòa;Phường Tây Nha Trang;Nhà riêng;ban;2025-06;;;;;;;;san;kiet;;
Khánh Hòa;Phường Tây Nha Trang;Nhà riêng;ban;2025-07;;;;;;;;san;lon;;
Khánh Hòa;Phường Tây Nha Trang;Nhà riêng;ban;2025-07;;;;;;;;san;nho;;
Khánh Hòa;Phường Tây Nha Trang;Nhà riêng;ban;2025-07;;;;;;;;san;kiet;;
Khánh Hòa;Phường Tây Nha Trang;Nhà riêng;ban;2025-08;;;;;;;;san;lon;;
Khánh Hòa;Phường Tây Nha Trang;Nhà riêng;ban;2025-08;;;;;;;;san;nho;;
Khánh Hòa;Phường Tây Nha Trang;Nhà riêng;ban;2025-08;;;;;;;;san;kiet;;
Khánh Hòa;Phường Tây Nha Trang;Nhà riêng;ban;2025-09;;;;;;;;san;lon;;
Khánh Hòa;Phường Tây Nha Trang;Nhà riêng;ban;2025-09;;;;;;;;san;nho;;
Khánh Hòa;Phường Tây Nha Trang;Nhà riêng;ban;2025-09;;;;;;;;san;kiet;;
Khánh Hòa;Phường Tây Nha Trang;Nhà riêng;ban;2025-10;;;;;;;;san;lon;;
Khánh Hòa;Phường Tây Nha Trang;Nhà riêng;ban;2025-10;;;;;;;;san;nho;;
Khánh Hòa;Phường Tây Nha Trang;Nhà riêng;ban;2025-10;;;;;;;;san;kiet;;
Khánh Hòa;Phường Tây Nha Trang;Nhà riêng;ban;2025-11;;;;;;;;san;lon;;
Khánh Hòa;Phường Tây Nha Trang;Nhà riêng;ban;2025-11;;;;;;;;san;nho;;
Khánh Hòa;Phường Tây Nha Trang;Nhà riêng;ban;2025-11;;;;;;;;san;kiet;;
Khánh Hòa;Phường Tây Nha Trang;Nhà riêng;ban;2025-12;;;;;;;;san;lon;;
Khánh Hòa;Phường Tây Nha Trang;Nhà riêng;ban;2025-12;;;;;;;;san;nho;;
Khánh Hòa;Phường Tây Nha Trang;Nhà riêng;ban;2025-12;;;;;;;;san;kiet;;
Khánh Hòa;Phường Tây Nha Trang;Nhà riêng;ban;2026-01;;;;;;;;san;lon;;
Khánh Hòa;Phường Tây Nha Trang;Nhà riêng;ban;2026-01;;;;;;;;san;nho;;
Khánh Hòa;Phường Tây Nha Trang;Nhà riêng;ban;2026-01;;;;;;;;san;kiet;;
Khánh Hòa;Phường Tây Nha Trang;Nhà riêng;ban;2026-02;;;;;;;;san;lon;;
Khánh Hòa;Phường Tây Nha Trang;Nhà riêng;ban;2026-02;;;;;;;;san;nho;;
Khánh Hòa;Phường Tây Nha Trang;Nhà riêng;ban;2026-02;;;;;;;;san;kiet;;
Khánh Hòa;Phường Tây Nha Trang;Nhà riêng;ban;2026-03;;;;;;;;san;lon;;
Khánh Hòa;Phường Tây Nha Trang;Nhà riêng;ban;2026-03;;;;;;;;san;nho;;
Khánh Hòa;Phường Tây Nha Trang;Nhà riêng;ban;2026-03;;;;;;;;san;kiet;;
Khánh Hòa;Phường Tây Nha Trang;Nhà riêng;ban;2026-04;;;;;;;;san;lon;;
Khánh Hòa;Phường Tây Nha Trang;Nhà riêng;ban;2026-04;;;;;;;;san;nho;;
Khánh Hòa;Phường Tây Nha Trang;Nhà riêng;ban;2026-04;;;;;;;;san;kiet;;
Khánh Hòa;Phường Tây Nha Trang;Nhà riêng;ban;2026-05;;;;;;;;san;lon;;
Khánh Hòa;Phường Tây Nha Trang;Nhà riêng;ban;2026-05;;;;;;;;san;nho;;
Khánh Hòa;Phường Tây Nha Trang;Nhà riêng;ban;2026-05;;;;;;;;san;kiet;;
Khánh Hòa;Phường Tây Nha Trang;Nhà riêng;ban;2026-06;;;;;;;;san;lon;;
Khánh Hòa;Phường Tây Nha Trang;Nhà riêng;ban;2026-06;;;;;;;;san;nho;;
Khánh Hòa;Phường Tây Nha Trang;Nhà riêng;ban;2026-06;;;;;;;;san;kiet;;
Khánh Hòa;Phường Tây Nha Trang;Nhà riêng;ban;2026-07;;;;;;;;san;lon;;
Khánh Hòa;Phường Tây Nha Trang;Nhà riêng;ban;2026-07;;;;;;;;san;nho;;
Khánh Hòa;Phường Tây Nha Trang;Nhà riêng;ban;2026-07;;;;;;;;san;kiet;;
Khánh Hòa;Phường Tây Nha Trang;Nhà riêng;ban;2026-08;;;;;;;;san;lon;;
Khánh Hòa;Phường Tây Nha Trang;Nhà riêng;ban;2026-08;;;;;;;;san;nho;;
Khánh Hòa;Phường Tây Nha Trang;Nhà riêng;ban;2026-08;;;;;;;;san;kiet;;
Khánh Hòa;Phường Tây Nha Trang;Nhà riêng;ban;2026-09;;;;;;;;san;lon;;
Khánh Hòa;Phường Tây Nha Trang;Nhà riêng;ban;2026-09;;;;;;;;san;nho;;
Khánh Hòa;Phường Tây Nha Trang;Nhà riêng;ban;2026-09;;;;;;;;san;kiet;;
Khánh Hòa;Phường Nam Nha Trang;Nhà riêng;ban;2024-10;;;;;;;;san;lon;;
Khánh Hòa;Phường Nam Nha Trang;Nhà riêng;ban;2024-10;;;;;;;;san;nho;;
Khánh Hòa;Phường Nam Nha Trang;Nhà riêng;ban;2024-10;;;;;;;;san;kiet;;
Khánh Hòa;Phường Nam Nha Trang;Nhà riêng;ban;2024-11;;;;;;;;san;lon;;
Khánh Hòa;Phường Nam Nha Trang;Nhà riêng;ban;2024-11;;;;;;;;san;nho;;
Khánh Hòa;Phường Nam Nha Trang;Nhà riêng;ban;2024-11;;;;;;;;san;kiet;;
Khánh Hòa;Phường Nam Nha Trang;Nhà riêng;ban;2024-12;;;;;;;;san;lon;;
Khánh Hòa;Phường Nam Nha Trang;Nhà riêng;ban;2024-12;;;;;;;;san;nho;;
Khánh Hòa;Phường Nam Nha Trang;Nhà riêng;ban;2024-12;;;;;;;;san;kiet;;
Khánh Hòa;Phường Nam Nha Trang;Nhà riêng;ban;2025-01;;;;;;;;san;lon;;
Khánh Hòa;Phường Nam Nha Trang;Nhà riêng;ban;2025-01;;;;;;;;san;nho;;
Khánh Hòa;Phường Nam Nha Trang;Nhà riêng;ban;2025-01;;;;;;;;san;kiet;;
Khánh Hòa;Phường Nam Nha Trang;Nhà riêng;ban;2025-02;;;;;;;;san;lon;;
Khánh Hòa;Phường Nam Nha Trang;Nhà riêng;ban;2025-02;;;;;;;;san;nho;;
Khánh Hòa;Phường Nam Nha Trang;Nhà riêng;ban;2025-02;;;;;;;;san;kiet;;
Khánh Hòa;Phường Nam Nha Trang;Nhà riêng;ban;2025-03;;;;;;;;san;lon;;
Khánh Hòa;Phường Nam Nha Trang;Nhà riêng;ban;2025-03;;;;;;;;san;nho;;
Khánh Hòa;Phường Nam Nha Trang;Nhà riêng;ban;2025-03;;;;;;;;san;kiet;;
Khánh Hòa;Phường Nam Nha Trang;Nhà riêng;ban;2025-04;;;;;;;;san;lon;;
Khánh Hòa;Phường Nam Nha Trang;Nhà riêng;ban;2025-04;;;;;;;;san;nho;;
Khánh Hòa;Phường Nam Nha Trang;Nhà riêng;ban;2025-04;;;;;;;;san;kiet;;
Khánh Hòa;Phường Nam Nha Trang;Nhà riêng;ban;2025-05;;;;;;;;san;lon;;
Khánh Hòa;Phường Nam Nha Trang;Nhà riêng;ban;2025-05;;;;;;;;san;nho;;
Khánh Hòa;Phường Nam Nha Trang;Nhà riêng;ban;2025-05;;;;;;;;san;kiet;;
Khánh Hòa;Phường Nam Nha Trang;Nhà riêng;ban;2025-06;;;;;;;;san;lon;;
Khánh Hòa;Phường Nam Nha Trang;Nhà riêng;ban;2025-06;;;;;;;;san;nho;;
Khánh Hòa;Phường Nam Nha Trang;Nhà riêng;ban;2025-06;;;;;;;;san;kiet;;
Khánh Hòa;Phường Nam Nha Trang;Nhà riêng;ban;2025-07;;;;;;;;san;lon;;
Khánh Hòa;Phường Nam Nha Trang;Nhà riêng;ban;2025-07;;;;;;;;san;nho;;
Khánh Hòa;Phường Nam Nha Trang;Nhà riêng;ban;2025-07;;;;;;;;san;kiet;;
Khánh Hòa;Phường Nam Nha Trang;Nhà riêng;ban;2025-08;;;;;;;;san;lon;;
Khánh Hòa;Phường Nam Nha Trang;Nhà riêng;ban;2025-08;;;;;;;;san;nho;;
Khánh Hòa;Phường Nam Nha Trang;Nhà riêng;ban;2025-08;;;;;;;;san;kiet;;
Khánh Hòa;Phường Nam Nha Trang;Nhà riêng;ban;2025-09;;;;;;;;san;lon;;
Khánh Hòa;Phường Nam Nha Trang;Nhà riêng;ban;2025-09;;;;;;;;san;nho;;
Khánh Hòa;Phường Nam Nha Trang;Nhà riêng;ban;2025-09;;;;;;;;san;kiet;;
Khánh Hòa;Phường Nam Nha Trang;Nhà riêng;ban;2025-10;;;;;;;;san;lon;;
Khánh Hòa;Phường Nam Nha Trang;Nhà riêng;ban;2025-10;;;;;;;;san;nho;;
Khánh Hòa;Phường Nam Nha Trang;Nhà riêng;ban;2025-10;;;;;;;;san;kiet;;
Khánh Hòa;Phường Nam Nha Trang;Nhà riêng;ban;2025-11;;;;;;;;san;lon;;
Khánh Hòa;Phường Nam Nha Trang;Nhà riêng;ban;2025-11;;;;;;;;san;nho;;
Khánh Hòa;Phường Nam Nha Trang;Nhà riêng;ban;2025-11;;;;;;;;san;kiet;;
Khánh Hòa;Phường Nam Nha Trang;Nhà riêng;ban;2025-12;;;;;;;;san;lon;;
Khánh Hòa;Phường Nam Nha Trang;Nhà riêng;ban;2025-12;;;;;;;;san;nho;;
Khánh Hòa;Phường Nam Nha Trang;Nhà riêng;ban;2025-12;;;;;;;;san;kiet;;
Khánh Hòa;Phường Nam Nha Trang;Nhà riêng;ban;2026-01;;;;;;;;san;lon;;
Khánh Hòa;Phường Nam Nha Trang;Nhà riêng;ban;2026-01;;;;;;;;san;nho;;
Khánh Hòa;Phường Nam Nha Trang;Nhà riêng;ban;2026-01;;;;;;;;san;kiet;;
Khánh Hòa;Phường Nam Nha Trang;Nhà riêng;ban;2026-02;;;;;;;;san;lon;;
Khánh Hòa;Phường Nam Nha Trang;Nhà riêng;ban;2026-02;;;;;;;;san;nho;;
Khánh Hòa;Phường Nam Nha Trang;Nhà riêng;ban;2026-02;;;;;;;;san;kiet;;
Khánh Hòa;Phường Nam Nha Trang;Nhà riêng;ban;2026-03;;;;;;;;san;lon;;
Khánh Hòa;Phường Nam Nha Trang;Nhà riêng;ban;2026-03;;;;;;;;san;nho;;
Khánh Hòa;Phường Nam Nha Trang;Nhà riêng;ban;2026-03;;;;;;;;san;kiet;;
Khánh Hòa;Phường Nam Nha Trang;Nhà riêng;ban;2026-04;;;;;;;;san;lon;;
Khánh Hòa;Phường Nam Nha Trang;Nhà riêng;ban;2026-04;;;;;;;;san;nho;;
Khánh Hòa;Phường Nam Nha Trang;Nhà riêng;ban;2026-04;;;;;;;;san;kiet;;
Khánh Hòa;Phường Nam Nha Trang;Nhà riêng;ban;2026-05;;;;;;;;san;lon;;
Khánh Hòa;Phường Nam Nha Trang;Nhà riêng;ban;2026-05;;;;;;;;san;nho;;
Khánh Hòa;Phường Nam Nha Trang;Nhà riêng;ban;2026-05;;;;;;;;san;kiet;;
Khánh Hòa;Phường Nam Nha Trang;Nhà riêng;ban;2026-06;;;;;;;;san;lon;;
Khánh Hòa;Phường Nam Nha Trang;Nhà riêng;ban;2026-06;;;;;;;;san;nho;;
Khánh Hòa;Phường Nam Nha Trang;Nhà riêng;ban;2026-06;;;;;;;;san;kiet;;
Khánh Hòa;Phường Nam Nha Trang;Nhà riêng;ban;2026-07;;;;;;;;san;lon;;
Khánh Hòa;Phường Nam Nha Trang;Nhà riêng;ban;2026-07;;;;;;;;san;nho;;
Khánh Hòa;Phường Nam Nha Trang;Nhà riêng;ban;2026-07;;;;;;;;san;kiet;;
Khánh Hòa;Phường Nam Nha Trang;Nhà riêng;ban;2026-08;;;;;;;;san;lon;;
Khánh Hòa;Phường Nam Nha Trang;Nhà riêng;ban;2026-08;;;;;;;;san;nho;;
Khánh Hòa;Phường Nam Nha Trang;Nhà riêng;ban;2026-08;;;;;;;;san;kiet;;
Khánh Hòa;Phường Nam Nha Trang;Nhà riêng;ban;2026-09;;;;;;;;san;lon;;
Khánh Hòa;Phường Nam Nha Trang;Nhà riêng;ban;2026-09;;;;;;;;san;nho;;
Khánh Hòa;Phường Nam Nha Trang;Nhà riêng;ban;2026-09;;;;;;;;san;kiet;;
Khánh Hòa;Phường Bắc Nha Trang;Nhà riêng;thue;2024-10;;;;;;;;san;lon;;
Khánh Hòa;Phường Bắc Nha Trang;Nhà riêng;thue;2024-10;;;;;;;;san;nho;;
Khánh Hòa;Phường Bắc Nha Trang;Nhà riêng;thue;2024-10;;;;;;;;san;kiet;;
Khánh Hòa;Phường Bắc Nha Trang;Nhà riêng;thue;2024-11;;;;;;;;san;lon;;
Khánh Hòa;Phường Bắc Nha Trang;Nhà riêng;thue;2024-11;;;;;;;;san;nho;;
Khánh Hòa;Phường Bắc Nha Trang;Nhà riêng;thue;2024-11;;;;;;;;san;kiet;;
Khánh Hòa;Phường Bắc Nha Trang;Nhà riêng;thue;2024-12;;;;;;;;san;lon;;
Khánh Hòa;Phường Bắc Nha Trang;Nhà riêng;thue;2024-12;;;;;;;;san;nho;;
Khánh Hòa;Phường Bắc Nha Trang;Nhà riêng;thue;2024-12;;;;;;;;san;kiet;;
Khánh Hòa;Phường Bắc Nha Trang;Nhà riêng;thue;2025-01;;;;;;;;san;lon;;
Khánh Hòa;Phường Bắc Nha Trang;Nhà riêng;thue;2025-01;;;;;;;;san;nho;;
Khánh Hòa;Phường Bắc Nha Trang;Nhà riêng;thue;2025-01;;;;;;;;san;kiet;;
Khánh Hòa;Phường Bắc Nha Trang;Nhà riêng;thue;2025-02;;;;;;;;san;lon;;
Khánh Hòa;Phường Bắc Nha Trang;Nhà riêng;thue;2025-02;;;;;;;;san;nho;;
Khánh Hòa;Phường Bắc Nha Trang;Nhà riêng;thue;2025-02;;;;;;;;san;kiet;;
Khánh Hòa;Phường Bắc Nha Trang;Nhà riêng;thue;2025-03;;;;;;;;san;lon;;
Khánh Hòa;Phường Bắc Nha Trang;Nhà riêng;thue;2025-03;;;;;;;;san;nho;;
Khánh Hòa;Phường Bắc Nha Trang;Nhà riêng;thue;2025-03;;;;;;;;san;kiet;;
Khánh Hòa;Phường Bắc Nha Trang;Nhà riêng;thue;2025-04;;;;;;;;san;lon;;
Khánh Hòa;Phường Bắc Nha Trang;Nhà riêng;thue;2025-04;;;;;;;;san;nho;;
Khánh Hòa;Phường Bắc Nha Trang;Nhà riêng;thue;2025-04;;;;;;;;san;kiet;;
Khánh Hòa;Phường Bắc Nha Trang;Nhà riêng;thue;2025-05;;;;;;;;san;lon;;
Khánh Hòa;Phường Bắc Nha Trang;Nhà riêng;thue;2025-05;;;;;;;;san;nho;;
Khánh Hòa;Phường Bắc Nha Trang;Nhà riêng;thue;2025-05;;;;;;;;san;kiet;;
Khánh Hòa;Phường Bắc Nha Trang;Nhà riêng;thue;2025-06;;;;;;;;san;lon;;
Khánh Hòa;Phường Bắc Nha Trang;Nhà riêng;thue;2025-06;;;;;;;;san;nho;;
Khánh Hòa;Phường Bắc Nha Trang;Nhà riêng;thue;2025-06;;;;;;;;san;kiet;;
Khánh Hòa;Phường Bắc Nha Trang;Nhà riêng;thue;2025-07;;;;;;;;san;lon;;
Khánh Hòa;Phường Bắc Nha Trang;Nhà riêng;thue;2025-07;;;;;;;;san;nho;;
Khánh Hòa;Phường Bắc Nha Trang;Nhà riêng;thue;2025-07;;;;;;;;san;kiet;;
Khánh Hòa;Phường Bắc Nha Trang;Nhà riêng;thue;2025-08;;;;;;;;san;lon;;
Khánh Hòa;Phường Bắc Nha Trang;Nhà riêng;thue;2025-08;;;;;;;;san;nho;;
Khánh Hòa;Phường Bắc Nha Trang;Nhà riêng;thue;2025-08;;;;;;;;san;kiet;;
Khánh Hòa;Phường Bắc Nha Trang;Nhà riêng;thue;2025-09;;;;;;;;san;lon;;
Khánh Hòa;Phường Bắc Nha Trang;Nhà riêng;thue;2025-09;;;;;;;;san;nho;;
Khánh Hòa;Phường Bắc Nha Trang;Nhà riêng;thue;2025-09;;;;;;;;san;kiet;;
Khánh Hòa;Phường Bắc Nha Trang;Nhà riêng;thue;2025-10;;;;;;;;san;lon;;
Khánh Hòa;Phường Bắc Nha Trang;Nhà riêng;thue;2025-10;;;;;;;;san;nho;;
Khánh Hòa;Phường Bắc Nha Trang;Nhà riêng;thue;2025-10;;;;;;;;san;kiet;;
Khánh Hòa;Phường Bắc Nha Trang;Nhà riêng;thue;2025-11;;;;;;;;san;lon;;
Khánh Hòa;Phường Bắc Nha Trang;Nhà riêng;thue;2025-11;;;;;;;;san;nho;;
Khánh Hòa;Phường Bắc Nha Trang;Nhà riêng;thue;2025-11;;;;;;;;san;kiet;;
Khánh Hòa;Phường Bắc Nha Trang;Nhà riêng;thue;2025-12;;;;;;;;san;lon;;
Khánh Hòa;Phường Bắc Nha Trang;Nhà riêng;thue;2025-12;;;;;;;;san;nho;;
Khánh Hòa;Phường Bắc Nha Trang;Nhà riêng;thue;2025-12;;;;;;;;san;kiet;;
Khánh Hòa;Phường Bắc Nha Trang;Nhà riêng;thue;2026-01;;;;;;;;san;lon;;
Khánh Hòa;Phường Bắc Nha Trang;Nhà riêng;thue;2026-01;;;;;;;;san;nho;;
Khánh Hòa;Phường Bắc Nha Trang;Nhà riêng;thue;2026-01;;;;;;;;san;kiet;;
Khánh Hòa;Phường Bắc Nha Trang;Nhà riêng;thue;2026-02;;;;;;;;san;lon;;
Khánh Hòa;Phường Bắc Nha Trang;Nhà riêng;thue;2026-02;;;;;;;;san;nho;;
Khánh Hòa;Phường Bắc Nha Trang;Nhà riêng;thue;2026-02;;;;;;;;san;kiet;;
Khánh Hòa;Phường Bắc Nha Trang;Nhà riêng;thue;2026-03;;;;;;;;san;lon;;
Khánh Hòa;Phường Bắc Nha Trang;Nhà riêng;thue;2026-03;;;;;;;;san;nho;;
Khánh Hòa;Phường Bắc Nha Trang;Nhà riêng;thue;2026-03;;;;;;;;san;kiet;;
Khánh Hòa;Phường Bắc Nha Trang;Nhà riêng;thue;2026-04;;;;;;;;san;lon;;
Khánh Hòa;Phường Bắc Nha Trang;Nhà riêng;thue;2026-04;;;;;;;;san;nho;;
Khánh Hòa;Phường Bắc Nha Trang;Nhà riêng;thue;2026-04;;;;;;;;san;kiet;;
Khánh Hòa;Phường Bắc Nha Trang;Nhà riêng;thue;2026-05;;;;;;;;san;lon;;
Khánh Hòa;Phường Bắc Nha Trang;Nhà riêng;thue;2026-05;;;;;;;;san;nho;;
Khánh Hòa;Phường Bắc Nha Trang;Nhà riêng;thue;2026-05;;;;;;;;san;kiet;;
Khánh Hòa;Phường Bắc Nha Trang;Nhà riêng;thue;2026-06;;;;;;;;san;lon;;
Khánh Hòa;Phường Bắc Nha Trang;Nhà riêng;thue;2026-06;;;;;;;;san;nho;;
Khánh Hòa;Phường Bắc Nha Trang;Nhà riêng;thue;2026-06;;;;;;;;san;kiet;;
Khánh Hòa;Phường Bắc Nha Trang;Nhà riêng;thue;2026-07;;;;;;;;san;lon;;
Khánh Hòa;Phường Bắc Nha Trang;Nhà riêng;thue;2026-07;;;;;;;;san;nho;;
Khánh Hòa;Phường Bắc Nha Trang;Nhà riêng;thue;2026-07;;;;;;;;san;kiet;;
Khánh Hòa;Phường Bắc Nha Trang;Nhà riêng;thue;2026-08;;;;;;;;san;lon;;
Khánh Hòa;Phường Bắc Nha Trang;Nhà riêng;thue;2026-08;;;;;;;;san;nho;;
Khánh Hòa;Phường Bắc Nha Trang;Nhà riêng;thue;2026-08;;;;;;;;san;kiet;;
Khánh Hòa;Phường Bắc Nha Trang;Nhà riêng;thue;2026-09;;;;;;;;san;lon;;
Khánh Hòa;Phường Bắc Nha Trang;Nhà riêng;thue;2026-09;;;;;;;;san;nho;;
Khánh Hòa;Phường Bắc Nha Trang;Nhà riêng;thue;2026-09;;;;;;;;san;kiet;;
Lâm Đồng;Phường Tiến Thành;Biệt thự / Liền kề;thue;2024-10;;;;;;;;san;lon;;
Lâm Đồng;Phường Tiến Thành;Biệt thự / Liền kề;thue;2024-10;;;;;;;;san;nho;;
Lâm Đồng;Phường Tiến Thành;Biệt thự / Liền kề;thue;2024-10;;;;;;;;san;kiet;;
Lâm Đồng;Phường Tiến Thành;Biệt thự / Liền kề;thue;2024-11;;;;;;;;san;lon;;
Lâm Đồng;Phường Tiến Thành;Biệt thự / Liền kề;thue;2024-11;;;;;;;;san;nho;;
Lâm Đồng;Phường Tiến Thành;Biệt thự / Liền kề;thue;2024-11;;;;;;;;san;kiet;;
Lâm Đồng;Phường Tiến Thành;Biệt thự / Liền kề;thue;2024-12;;;;;;;;san;lon;;
Lâm Đồng;Phường Tiến Thành;Biệt thự / Liền kề;thue;2024-12;;;;;;;;san;nho;;
Lâm Đồng;Phường Tiến Thành;Biệt thự / Liền kề;thue;2024-12;;;;;;;;san;kiet;;
Lâm Đồng;Phường Tiến Thành;Biệt thự / Liền kề;thue;2025-01;;;;;;;;san;lon;;
Lâm Đồng;Phường Tiến Thành;Biệt thự / Liền kề;thue;2025-01;;;;;;;;san;nho;;
Lâm Đồng;Phường Tiến Thành;Biệt thự / Liền kề;thue;2025-01;;;;;;;;san;kiet;;
Lâm Đồng;Phường Tiến Thành;Biệt thự / Liền kề;thue;2025-02;;;;;;;;san;lon;;
Lâm Đồng;Phường Tiến Thành;Biệt thự / Liền kề;thue;2025-02;;;;;;;;san;nho;;
Lâm Đồng;Phường Tiến Thành;Biệt thự / Liền kề;thue;2025-02;;;;;;;;san;kiet;;
Lâm Đồng;Phường Tiến Thành;Biệt thự / Liền kề;thue;2025-03;;;;;;;;san;lon;;
Lâm Đồng;Phường Tiến Thành;Biệt thự / Liền kề;thue;2025-03;;;;;;;;san;nho;;
Lâm Đồng;Phường Tiến Thành;Biệt thự / Liền kề;thue;2025-03;;;;;;;;san;kiet;;
Lâm Đồng;Phường Tiến Thành;Biệt thự / Liền kề;thue;2025-04;;;;;;;;san;lon;;
Lâm Đồng;Phường Tiến Thành;Biệt thự / Liền kề;thue;2025-04;;;;;;;;san;nho;;
Lâm Đồng;Phường Tiến Thành;Biệt thự / Liền kề;thue;2025-04;;;;;;;;san;kiet;;
Lâm Đồng;Phường Tiến Thành;Biệt thự / Liền kề;thue;2025-05;;;;;;;;san;lon;;
Lâm Đồng;Phường Tiến Thành;Biệt thự / Liền kề;thue;2025-05;;;;;;;;san;nho;;
Lâm Đồng;Phường Tiến Thành;Biệt thự / Liền kề;thue;2025-05;;;;;;;;san;kiet;;
Lâm Đồng;Phường Tiến Thành;Biệt thự / Liền kề;thue;2025-06;;;;;;;;san;lon;;
Lâm Đồng;Phường Tiến Thành;Biệt thự / Liền kề;thue;2025-06;;;;;;;;san;nho;;
Lâm Đồng;Phường Tiến Thành;Biệt thự / Liền kề;thue;2025-06;;;;;;;;san;kiet;;
Lâm Đồng;Phường Tiến Thành;Biệt thự / Liền kề;thue;2025-07;;;;;;;;san;lon;;
Lâm Đồng;Phường Tiến Thành;Biệt thự / Liền kề;thue;2025-07;;;;;;;;san;nho;;
Lâm Đồng;Phường Tiến Thành;Biệt thự / Liền kề;thue;2025-07;;;;;;;;san;kiet;;
Lâm Đồng;Phường Tiến Thành;Biệt thự / Liền kề;thue;2025-08;;;;;;;;san;lon;;
Lâm Đồng;Phường Tiến Thành;Biệt thự / Liền kề;thue;2025-08;;;;;;;;san;nho;;
Lâm Đồng;Phường Tiến Thành;Biệt thự / Liền kề;thue;2025-08;;;;;;;;san;kiet;;
Lâm Đồng;Phường Tiến Thành;Biệt thự / Liền kề;thue;2025-09;;;;;;;;san;lon;;
Lâm Đồng;Phường Tiến Thành;Biệt thự / Liền kề;thue;2025-09;;;;;;;;san;nho;;
Lâm Đồng;Phường Tiến Thành;Biệt thự / Liền kề;thue;2025-09;;;;;;;;san;kiet;;
Lâm Đồng;Phường Tiến Thành;Biệt thự / Liền kề;thue;2025-10;;;;;;;;san;lon;;
Lâm Đồng;Phường Tiến Thành;Biệt thự / Liền kề;thue;2025-10;;;;;;;;san;nho;;
Lâm Đồng;Phường Tiến Thành;Biệt thự / Liền kề;thue;2025-10;;;;;;;;san;kiet;;
Lâm Đồng;Phường Tiến Thành;Biệt thự / Liền kề;thue;2025-11;;;;;;;;san;lon;;
Lâm Đồng;Phường Tiến Thành;Biệt thự / Liền kề;thue;2025-11;;;;;;;;san;nho;;
Lâm Đồng;Phường Tiến Thành;Biệt thự / Liền kề;thue;2025-11;;;;;;;;san;kiet;;
Lâm Đồng;Phường Tiến Thành;Biệt thự / Liền kề;thue;2025-12;;;;;;;;san;lon;;
Lâm Đồng;Phường Tiến Thành;Biệt thự / Liền kề;thue;2025-12;;;;;;;;san;nho;;
Lâm Đồng;Phường Tiến Thành;Biệt thự / Liền kề;thue;2025-12;;;;;;;;san;kiet;;
Lâm Đồng;Phường Tiến Thành;Biệt thự / Liền kề;thue;2026-01;;;;;;;;san;lon;;
Lâm Đồng;Phường Tiến Thành;Biệt thự / Liền kề;thue;2026-01;;;;;;;;san;nho;;
Lâm Đồng;Phường Tiến Thành;Biệt thự / Liền kề;thue;2026-01;;;;;;;;san;kiet;;
Lâm Đồng;Phường Tiến Thành;Biệt thự / Liền kề;thue;2026-02;;;;;;;;san;lon;;
Lâm Đồng;Phường Tiến Thành;Biệt thự / Liền kề;thue;2026-02;;;;;;;;san;nho;;
Lâm Đồng;Phường Tiến Thành;Biệt thự / Liền kề;thue;2026-02;;;;;;;;san;kiet;;
Lâm Đồng;Phường Tiến Thành;Biệt thự / Liền kề;thue;2026-03;;;;;;;;san;lon;;
Lâm Đồng;Phường Tiến Thành;Biệt thự / Liền kề;thue;2026-03;;;;;;;;san;nho;;
Lâm Đồng;Phường Tiến Thành;Biệt thự / Liền kề;thue;2026-03;;;;;;;;san;kiet;;
Lâm Đồng;Phường Tiến Thành;Biệt thự / Liền kề;thue;2026-04;;;;;;;;san;lon;;
Lâm Đồng;Phường Tiến Thành;Biệt thự / Liền kề;thue;2026-04;;;;;;;;san;nho;;
Lâm Đồng;Phường Tiến Thành;Biệt thự / Liền kề;thue;2026-04;;;;;;;;san;kiet;;
Lâm Đồng;Phường Tiến Thành;Biệt thự / Liền kề;thue;2026-05;;;;;;;;san;lon;;
Lâm Đồng;Phường Tiến Thành;Biệt thự / Liền kề;thue;2026-05;;;;;;;;san;nho;;
Lâm Đồng;Phường Tiến Thành;Biệt thự / Liền kề;thue;2026-05;;;;;;;;san;kiet;;
Lâm Đồng;Phường Tiến Thành;Biệt thự / Liền kề;thue;2026-06;;;;;;;;san;lon;;
Lâm Đồng;Phường Tiến Thành;Biệt thự / Liền kề;thue;2026-06;;;;;;;;san;nho;;
Lâm Đồng;Phường Tiến Thành;Biệt thự / Liền kề;thue;2026-06;;;;;;;;san;kiet;;
Lâm Đồng;Phường Tiến Thành;Biệt thự / Liền kề;thue;2026-07;;;;;;;;san;lon;;
Lâm Đồng;Phường Tiến Thành;Biệt thự / Liền kề;thue;2026-07;;;;;;;;san;nho;;
Lâm Đồng;Phường Tiến Thành;Biệt thự / Liền kề;thue;2026-07;;;;;;;;san;kiet;;
Lâm Đồng;Phường Tiến Thành;Biệt thự / Liền kề;thue;2026-08;;;;;;;;san;lon;;
Lâm Đồng;Phường Tiến Thành;Biệt thự / Liền kề;thue;2026-08;;;;;;;;san;nho;;
Lâm Đồng;Phường Tiến Thành;Biệt thự / Liền kề;thue;2026-08;;;;;;;;san;kiet;;
Lâm Đồng;Phường Tiến Thành;Biệt thự / Liền kề;thue;2026-09;;;;;;;;san;lon;;
Lâm Đồng;Phường Tiến Thành;Biệt thự / Liền kề;thue;2026-09;;;;;;;;san;nho;;
Lâm Đồng;Phường Tiến Thành;Biệt thự / Liền kề;thue;2026-09;;;;;;;;san;kiet;;
Lâm Đồng;Phường Mũi Né;Biệt thự / Liền kề;thue;2024-10;;;;;;;;san;lon;;
Lâm Đồng;Phường Mũi Né;Biệt thự / Liền kề;thue;2024-10;;;;;;;;san;nho;;
Lâm Đồng;Phường Mũi Né;Biệt thự / Liền kề;thue;2024-10;;;;;;;;san;kiet;;
Lâm Đồng;Phường Mũi Né;Biệt thự / Liền kề;thue;2024-11;;;;;;;;san;lon;;
Lâm Đồng;Phường Mũi Né;Biệt thự / Liền kề;thue;2024-11;;;;;;;;san;nho;;
Lâm Đồng;Phường Mũi Né;Biệt thự / Liền kề;thue;2024-11;;;;;;;;san;kiet;;
Lâm Đồng;Phường Mũi Né;Biệt thự / Liền kề;thue;2024-12;;;;;;;;san;lon;;
Lâm Đồng;Phường Mũi Né;Biệt thự / Liền kề;thue;2024-12;;;;;;;;san;nho;;
Lâm Đồng;Phường Mũi Né;Biệt thự / Liền kề;thue;2024-12;;;;;;;;san;kiet;;
Lâm Đồng;Phường Mũi Né;Biệt thự / Liền kề;thue;2025-01;;;;;;;;san;lon;;
Lâm Đồng;Phường Mũi Né;Biệt thự / Liền kề;thue;2025-01;;;;;;;;san;nho;;
Lâm Đồng;Phường Mũi Né;Biệt thự / Liền kề;thue;2025-01;;;;;;;;san;kiet;;
Lâm Đồng;Phường Mũi Né;Biệt thự / Liền kề;thue;2025-02;;;;;;;;san;lon;;
Lâm Đồng;Phường Mũi Né;Biệt thự / Liền kề;thue;2025-02;;;;;;;;san;nho;;
Lâm Đồng;Phường Mũi Né;Biệt thự / Liền kề;thue;2025-02;;;;;;;;san;kiet;;
Lâm Đồng;Phường Mũi Né;Biệt thự / Liền kề;thue;2025-03;;;;;;;;san;lon;;
Lâm Đồng;Phường Mũi Né;Biệt thự / Liền kề;thue;2025-03;;;;;;;;san;nho;;
Lâm Đồng;Phường Mũi Né;Biệt thự / Liền kề;thue;2025-03;;;;;;;;san;kiet;;
Lâm Đồng;Phường Mũi Né;Biệt thự / Liền kề;thue;2025-04;;;;;;;;san;lon;;
Lâm Đồng;Phường Mũi Né;Biệt thự / Liền kề;thue;2025-04;;;;;;;;san;nho;;
Lâm Đồng;Phường Mũi Né;Biệt thự / Liền kề;thue;2025-04;;;;;;;;san;kiet;;
Lâm Đồng;Phường Mũi Né;Biệt thự / Liền kề;thue;2025-05;;;;;;;;san;lon;;
Lâm Đồng;Phường Mũi Né;Biệt thự / Liền kề;thue;2025-05;;;;;;;;san;nho;;
Lâm Đồng;Phường Mũi Né;Biệt thự / Liền kề;thue;2025-05;;;;;;;;san;kiet;;
Lâm Đồng;Phường Mũi Né;Biệt thự / Liền kề;thue;2025-06;;;;;;;;san;lon;;
Lâm Đồng;Phường Mũi Né;Biệt thự / Liền kề;thue;2025-06;;;;;;;;san;nho;;
Lâm Đồng;Phường Mũi Né;Biệt thự / Liền kề;thue;2025-06;;;;;;;;san;kiet;;
Lâm Đồng;Phường Mũi Né;Biệt thự / Liền kề;thue;2025-07;;;;;;;;san;lon;;
Lâm Đồng;Phường Mũi Né;Biệt thự / Liền kề;thue;2025-07;;;;;;;;san;nho;;
Lâm Đồng;Phường Mũi Né;Biệt thự / Liền kề;thue;2025-07;;;;;;;;san;kiet;;
Lâm Đồng;Phường Mũi Né;Biệt thự / Liền kề;thue;2025-08;;;;;;;;san;lon;;
Lâm Đồng;Phường Mũi Né;Biệt thự / Liền kề;thue;2025-08;;;;;;;;san;nho;;
Lâm Đồng;Phường Mũi Né;Biệt thự / Liền kề;thue;2025-08;;;;;;;;san;kiet;;
Lâm Đồng;Phường Mũi Né;Biệt thự / Liền kề;thue;2025-09;;;;;;;;san;lon;;
Lâm Đồng;Phường Mũi Né;Biệt thự / Liền kề;thue;2025-09;;;;;;;;san;nho;;
Lâm Đồng;Phường Mũi Né;Biệt thự / Liền kề;thue;2025-09;;;;;;;;san;kiet;;
Lâm Đồng;Phường Mũi Né;Biệt thự / Liền kề;thue;2025-10;;;;;;;;san;lon;;
Lâm Đồng;Phường Mũi Né;Biệt thự / Liền kề;thue;2025-10;;;;;;;;san;nho;;
Lâm Đồng;Phường Mũi Né;Biệt thự / Liền kề;thue;2025-10;;;;;;;;san;kiet;;
Lâm Đồng;Phường Mũi Né;Biệt thự / Liền kề;thue;2025-11;;;;;;;;san;lon;;
Lâm Đồng;Phường Mũi Né;Biệt thự / Liền kề;thue;2025-11;;;;;;;;san;nho;;
Lâm Đồng;Phường Mũi Né;Biệt thự / Liền kề;thue;2025-11;;;;;;;;san;kiet;;
Lâm Đồng;Phường Mũi Né;Biệt thự / Liền kề;thue;2025-12;;;;;;;;san;lon;;
Lâm Đồng;Phường Mũi Né;Biệt thự / Liền kề;thue;2025-12;;;;;;;;san;nho;;
Lâm Đồng;Phường Mũi Né;Biệt thự / Liền kề;thue;2025-12;;;;;;;;san;kiet;;
Lâm Đồng;Phường Mũi Né;Biệt thự / Liền kề;thue;2026-01;;;;;;;;san;lon;;
Lâm Đồng;Phường Mũi Né;Biệt thự / Liền kề;thue;2026-01;;;;;;;;san;nho;;
Lâm Đồng;Phường Mũi Né;Biệt thự / Liền kề;thue;2026-01;;;;;;;;san;kiet;;
Lâm Đồng;Phường Mũi Né;Biệt thự / Liền kề;thue;2026-02;;;;;;;;san;lon;;
Lâm Đồng;Phường Mũi Né;Biệt thự / Liền kề;thue;2026-02;;;;;;;;san;nho;;
Lâm Đồng;Phường Mũi Né;Biệt thự / Liền kề;thue;2026-02;;;;;;;;san;kiet;;
Lâm Đồng;Phường Mũi Né;Biệt thự / Liền kề;thue;2026-03;;;;;;;;san;lon;;
Lâm Đồng;Phường Mũi Né;Biệt thự / Liền kề;thue;2026-03;;;;;;;;san;nho;;
Lâm Đồng;Phường Mũi Né;Biệt thự / Liền kề;thue;2026-03;;;;;;;;san;kiet;;
Lâm Đồng;Phường Mũi Né;Biệt thự / Liền kề;thue;2026-04;;;;;;;;san;lon;;
Lâm Đồng;Phường Mũi Né;Biệt thự / Liền kề;thue;2026-04;;;;;;;;san;nho;;
Lâm Đồng;Phường Mũi Né;Biệt thự / Liền kề;thue;2026-04;;;;;;;;san;kiet;;
Lâm Đồng;Phường Mũi Né;Biệt thự / Liền kề;thue;2026-05;;;;;;;;san;lon;;
Lâm Đồng;Phường Mũi Né;Biệt thự / Liền kề;thue;2026-05;;;;;;;;san;nho;;
Lâm Đồng;Phường Mũi Né;Biệt thự / Liền kề;thue;2026-05;;;;;;;;san;kiet;;
Lâm Đồng;Phường Mũi Né;Biệt thự / Liền kề;thue;2026-06;;;;;;;;san;lon;;
Lâm Đồng;Phường Mũi Né;Biệt thự / Liền kề;thue;2026-06;;;;;;;;san;nho;;
Lâm Đồng;Phường Mũi Né;Biệt thự / Liền kề;thue;2026-06;;;;;;;;san;kiet;;
Lâm Đồng;Phường Mũi Né;Biệt thự / Liền kề;thue;2026-07;;;;;;;;san;lon;;
Lâm Đồng;Phường Mũi Né;Biệt thự / Liền kề;thue;2026-07;;;;;;;;san;nho;;
Lâm Đồng;Phường Mũi Né;Biệt thự / Liền kề;thue;2026-07;;;;;;;;san;kiet;;
Lâm Đồng;Phường Mũi Né;Biệt thự / Liền kề;thue;2026-08;;;;;;;;san;lon;;
Lâm Đồng;Phường Mũi Né;Biệt thự / Liền kề;thue;2026-08;;;;;;;;san;nho;;
Lâm Đồng;Phường Mũi Né;Biệt thự / Liền kề;thue;2026-08;;;;;;;;san;kiet;;
Lâm Đồng;Phường Mũi Né;Biệt thự / Liền kề;thue;2026-09;;;;;;;;san;lon;;
Lâm Đồng;Phường Mũi Né;Biệt thự / Liền kề;thue;2026-09;;;;;;;;san;nho;;
Lâm Đồng;Phường Mũi Né;Biệt thự / Liền kề;thue;2026-09;;;;;;;;san;kiet;;
Lâm Đồng;Phường Phú Thủy;Biệt thự / Liền kề;thue;2024-10;;;;;;;;san;lon;;
Lâm Đồng;Phường Phú Thủy;Biệt thự / Liền kề;thue;2024-10;;;;;;;;san;nho;;
Lâm Đồng;Phường Phú Thủy;Biệt thự / Liền kề;thue;2024-10;;;;;;;;san;kiet;;
Lâm Đồng;Phường Phú Thủy;Biệt thự / Liền kề;thue;2024-11;;;;;;;;san;lon;;
Lâm Đồng;Phường Phú Thủy;Biệt thự / Liền kề;thue;2024-11;;;;;;;;san;nho;;
Lâm Đồng;Phường Phú Thủy;Biệt thự / Liền kề;thue;2024-11;;;;;;;;san;kiet;;
Lâm Đồng;Phường Phú Thủy;Biệt thự / Liền kề;thue;2024-12;;;;;;;;san;lon;;
Lâm Đồng;Phường Phú Thủy;Biệt thự / Liền kề;thue;2024-12;;;;;;;;san;nho;;
Lâm Đồng;Phường Phú Thủy;Biệt thự / Liền kề;thue;2024-12;;;;;;;;san;kiet;;
Lâm Đồng;Phường Phú Thủy;Biệt thự / Liền kề;thue;2025-01;;;;;;;;san;lon;;
Lâm Đồng;Phường Phú Thủy;Biệt thự / Liền kề;thue;2025-01;;;;;;;;san;nho;;
Lâm Đồng;Phường Phú Thủy;Biệt thự / Liền kề;thue;2025-01;;;;;;;;san;kiet;;
Lâm Đồng;Phường Phú Thủy;Biệt thự / Liền kề;thue;2025-02;;;;;;;;san;lon;;
Lâm Đồng;Phường Phú Thủy;Biệt thự / Liền kề;thue;2025-02;;;;;;;;san;nho;;
Lâm Đồng;Phường Phú Thủy;Biệt thự / Liền kề;thue;2025-02;;;;;;;;san;kiet;;
Lâm Đồng;Phường Phú Thủy;Biệt thự / Liền kề;thue;2025-03;;;;;;;;san;lon;;
Lâm Đồng;Phường Phú Thủy;Biệt thự / Liền kề;thue;2025-03;;;;;;;;san;nho;;
Lâm Đồng;Phường Phú Thủy;Biệt thự / Liền kề;thue;2025-03;;;;;;;;san;kiet;;
Lâm Đồng;Phường Phú Thủy;Biệt thự / Liền kề;thue;2025-04;;;;;;;;san;lon;;
Lâm Đồng;Phường Phú Thủy;Biệt thự / Liền kề;thue;2025-04;;;;;;;;san;nho;;
Lâm Đồng;Phường Phú Thủy;Biệt thự / Liền kề;thue;2025-04;;;;;;;;san;kiet;;
Lâm Đồng;Phường Phú Thủy;Biệt thự / Liền kề;thue;2025-05;;;;;;;;san;lon;;
Lâm Đồng;Phường Phú Thủy;Biệt thự / Liền kề;thue;2025-05;;;;;;;;san;nho;;
Lâm Đồng;Phường Phú Thủy;Biệt thự / Liền kề;thue;2025-05;;;;;;;;san;kiet;;
Lâm Đồng;Phường Phú Thủy;Biệt thự / Liền kề;thue;2025-06;;;;;;;;san;lon;;
Lâm Đồng;Phường Phú Thủy;Biệt thự / Liền kề;thue;2025-06;;;;;;;;san;nho;;
Lâm Đồng;Phường Phú Thủy;Biệt thự / Liền kề;thue;2025-06;;;;;;;;san;kiet;;
Lâm Đồng;Phường Phú Thủy;Biệt thự / Liền kề;thue;2025-07;;;;;;;;san;lon;;
Lâm Đồng;Phường Phú Thủy;Biệt thự / Liền kề;thue;2025-07;;;;;;;;san;nho;;
Lâm Đồng;Phường Phú Thủy;Biệt thự / Liền kề;thue;2025-07;;;;;;;;san;kiet;;
Lâm Đồng;Phường Phú Thủy;Biệt thự / Liền kề;thue;2025-08;;;;;;;;san;lon;;
Lâm Đồng;Phường Phú Thủy;Biệt thự / Liền kề;thue;2025-08;;;;;;;;san;nho;;
Lâm Đồng;Phường Phú Thủy;Biệt thự / Liền kề;thue;2025-08;;;;;;;;san;kiet;;
Lâm Đồng;Phường Phú Thủy;Biệt thự / Liền kề;thue;2025-09;;;;;;;;san;lon;;
Lâm Đồng;Phường Phú Thủy;Biệt thự / Liền kề;thue;2025-09;;;;;;;;san;nho;;
Lâm Đồng;Phường Phú Thủy;Biệt thự / Liền kề;thue;2025-09;;;;;;;;san;kiet;;
Lâm Đồng;Phường Phú Thủy;Biệt thự / Liền kề;thue;2025-10;;;;;;;;san;lon;;
Lâm Đồng;Phường Phú Thủy;Biệt thự / Liền kề;thue;2025-10;;;;;;;;san;nho;;
Lâm Đồng;Phường Phú Thủy;Biệt thự / Liền kề;thue;2025-10;;;;;;;;san;kiet;;
Lâm Đồng;Phường Phú Thủy;Biệt thự / Liền kề;thue;2025-11;;;;;;;;san;lon;;
Lâm Đồng;Phường Phú Thủy;Biệt thự / Liền kề;thue;2025-11;;;;;;;;san;nho;;
Lâm Đồng;Phường Phú Thủy;Biệt thự / Liền kề;thue;2025-11;;;;;;;;san;kiet;;
Lâm Đồng;Phường Phú Thủy;Biệt thự / Liền kề;thue;2025-12;;;;;;;;san;lon;;
Lâm Đồng;Phường Phú Thủy;Biệt thự / Liền kề;thue;2025-12;;;;;;;;san;nho;;
Lâm Đồng;Phường Phú Thủy;Biệt thự / Liền kề;thue;2025-12;;;;;;;;san;kiet;;
Lâm Đồng;Phường Phú Thủy;Biệt thự / Liền kề;thue;2026-01;;;;;;;;san;lon;;
Lâm Đồng;Phường Phú Thủy;Biệt thự / Liền kề;thue;2026-01;;;;;;;;san;nho;;
Lâm Đồng;Phường Phú Thủy;Biệt thự / Liền kề;thue;2026-01;;;;;;;;san;kiet;;
Lâm Đồng;Phường Phú Thủy;Biệt thự / Liền kề;thue;2026-02;;;;;;;;san;lon;;
Lâm Đồng;Phường Phú Thủy;Biệt thự / Liền kề;thue;2026-02;;;;;;;;san;nho;;
Lâm Đồng;Phường Phú Thủy;Biệt thự / Liền kề;thue;2026-02;;;;;;;;san;kiet;;
Lâm Đồng;Phường Phú Thủy;Biệt thự / Liền kề;thue;2026-03;;;;;;;;san;lon;;
Lâm Đồng;Phường Phú Thủy;Biệt thự / Liền kề;thue;2026-03;;;;;;;;san;nho;;
Lâm Đồng;Phường Phú Thủy;Biệt thự / Liền kề;thue;2026-03;;;;;;;;san;kiet;;
Lâm Đồng;Phường Phú Thủy;Biệt thự / Liền kề;thue;2026-04;;;;;;;;san;lon;;
Lâm Đồng;Phường Phú Thủy;Biệt thự / Liền kề;thue;2026-04;;;;;;;;san;nho;;
Lâm Đồng;Phường Phú Thủy;Biệt thự / Liền kề;thue;2026-04;;;;;;;;san;kiet;;
Lâm Đồng;Phường Phú Thủy;Biệt thự / Liền kề;thue;2026-05;;;;;;;;san;lon;;
Lâm Đồng;Phường Phú Thủy;Biệt thự / Liền kề;thue;2026-05;;;;;;;;san;nho;;
Lâm Đồng;Phường Phú Thủy;Biệt thự / Liền kề;thue;2026-05;;;;;;;;san;kiet;;
Lâm Đồng;Phường Phú Thủy;Biệt thự / Liền kề;thue;2026-06;;;;;;;;san;lon;;
Lâm Đồng;Phường Phú Thủy;Biệt thự / Liền kề;thue;2026-06;;;;;;;;san;nho;;
Lâm Đồng;Phường Phú Thủy;Biệt thự / Liền kề;thue;2026-06;;;;;;;;san;kiet;;
Lâm Đồng;Phường Phú Thủy;Biệt thự / Liền kề;thue;2026-07;;;;;;;;san;lon;;
Lâm Đồng;Phường Phú Thủy;Biệt thự / Liền kề;thue;2026-07;;;;;;;;san;nho;;
Lâm Đồng;Phường Phú Thủy;Biệt thự / Liền kề;thue;2026-07;;;;;;;;san;kiet;;
Lâm Đồng;Phường Phú Thủy;Biệt thự / Liền kề;thue;2026-08;;;;;;;;san;lon;;
Lâm Đồng;Phường Phú Thủy;Biệt thự / Liền kề;thue;2026-08;;;;;;;;san;nho;;
Lâm Đồng;Phường Phú Thủy;Biệt thự / Liền kề;thue;2026-08;;;;;;;;san;kiet;;
Lâm Đồng;Phường Phú Thủy;Biệt thự / Liền kề;thue;2026-09;;;;;;;;san;lon;;
Lâm Đồng;Phường Phú Thủy;Biệt thự / Liền kề;thue;2026-09;;;;;;;;san;nho;;
Lâm Đồng;Phường Phú Thủy;Biệt thự / Liền kề;thue;2026-09;;;;;;;;san;kiet;;
Lâm Đồng;Phường Mũi Né;Condotel;ban;2024-10;;;;;;;;can;;;
Lâm Đồng;Phường Mũi Né;Condotel;ban;2024-11;;;;;;;;can;;;
Lâm Đồng;Phường Mũi Né;Condotel;ban;2024-12;;;;;;;;can;;;
Lâm Đồng;Phường Mũi Né;Condotel;ban;2025-01;;;;;;;;can;;;
Lâm Đồng;Phường Mũi Né;Condotel;ban;2025-02;;;;;;;;can;;;
Lâm Đồng;Phường Mũi Né;Condotel;ban;2025-03;;;;;;;;can;;;
Lâm Đồng;Phường Mũi Né;Condotel;ban;2025-04;;;;;;;;can;;;
Lâm Đồng;Phường Mũi Né;Condotel;ban;2025-05;;;;;;;;can;;;
Lâm Đồng;Phường Mũi Né;Condotel;ban;2025-06;;;;;;;;can;;;
Lâm Đồng;Phường Mũi Né;Condotel;ban;2025-07;;;;;;;;can;;;
Lâm Đồng;Phường Mũi Né;Condotel;ban;2025-08;;;;;;;;can;;;
Lâm Đồng;Phường Mũi Né;Condotel;ban;2025-09;;;;;;;;can;;;
Lâm Đồng;Phường Mũi Né;Condotel;ban;2025-10;;;;;;;;can;;;
Lâm Đồng;Phường Mũi Né;Condotel;ban;2025-11;;;;;;;;can;;;
Lâm Đồng;Phường Mũi Né;Condotel;ban;2025-12;;;;;;;;can;;;
Lâm Đồng;Phường Mũi Né;Condotel;ban;2026-01;;;;;;;;can;;;
Lâm Đồng;Phường Mũi Né;Condotel;ban;2026-02;;;;;;;;can;;;
Lâm Đồng;Phường Mũi Né;Condotel;ban;2026-03;;;;;;;;can;;;
Lâm Đồng;Phường Mũi Né;Condotel;ban;2026-04;;;;;;;;can;;;
Lâm Đồng;Phường Mũi Né;Condotel;ban;2026-05;;;;;;;;can;;;
Lâm Đồng;Phường Mũi Né;Condotel;ban;2026-06;;;;;;;;can;;;
Lâm Đồng;Phường Mũi Né;Condotel;ban;2026-07;;;;;;;;can;;;
Lâm Đồng;Phường Mũi Né;Condotel;ban;2026-08;;;;;;;;can;;;
Lâm Đồng;Phường Mũi Né;Condotel;ban;2026-09;;;;;;;;can;;;
Lâm Đồng;Phường Mũi Né;Đất nông nghiệp;ban;2024-10;;;;;;;;dat;lon;;
Lâm Đồng;Phường Mũi Né;Đất nông nghiệp;ban;2024-10;;;;;;;;dat;nho;;
Lâm Đồng;Phường Mũi Né;Đất nông nghiệp;ban;2024-10;;;;;;;;dat;kiet;;
Lâm Đồng;Phường Mũi Né;Đất nông nghiệp;ban;2024-11;;;;;;;;dat;lon;;
Lâm Đồng;Phường Mũi Né;Đất nông nghiệp;ban;2024-11;;;;;;;;dat;nho;;
Lâm Đồng;Phường Mũi Né;Đất nông nghiệp;ban;2024-11;;;;;;;;dat;kiet;;
Lâm Đồng;Phường Mũi Né;Đất nông nghiệp;ban;2024-12;;;;;;;;dat;lon;;
Lâm Đồng;Phường Mũi Né;Đất nông nghiệp;ban;2024-12;;;;;;;;dat;nho;;
Lâm Đồng;Phường Mũi Né;Đất nông nghiệp;ban;2024-12;;;;;;;;dat;kiet;;
Lâm Đồng;Phường Mũi Né;Đất nông nghiệp;ban;2025-01;;;;;;;;dat;lon;;
Lâm Đồng;Phường Mũi Né;Đất nông nghiệp;ban;2025-01;;;;;;;;dat;nho;;
Lâm Đồng;Phường Mũi Né;Đất nông nghiệp;ban;2025-01;;;;;;;;dat;kiet;;
Lâm Đồng;Phường Mũi Né;Đất nông nghiệp;ban;2025-02;;;;;;;;dat;lon;;
Lâm Đồng;Phường Mũi Né;Đất nông nghiệp;ban;2025-02;;;;;;;;dat;nho;;
Lâm Đồng;Phường Mũi Né;Đất nông nghiệp;ban;2025-02;;;;;;;;dat;kiet;;
Lâm Đồng;Phường Mũi Né;Đất nông nghiệp;ban;2025-03;;;;;;;;dat;lon;;
Lâm Đồng;Phường Mũi Né;Đất nông nghiệp;ban;2025-03;;;;;;;;dat;nho;;
Lâm Đồng;Phường Mũi Né;Đất nông nghiệp;ban;2025-03;;;;;;;;dat;kiet;;
Lâm Đồng;Phường Mũi Né;Đất nông nghiệp;ban;2025-04;;;;;;;;dat;lon;;
Lâm Đồng;Phường Mũi Né;Đất nông nghiệp;ban;2025-04;;;;;;;;dat;nho;;
Lâm Đồng;Phường Mũi Né;Đất nông nghiệp;ban;2025-04;;;;;;;;dat;kiet;;
Lâm Đồng;Phường Mũi Né;Đất nông nghiệp;ban;2025-05;;;;;;;;dat;lon;;
Lâm Đồng;Phường Mũi Né;Đất nông nghiệp;ban;2025-05;;;;;;;;dat;nho;;
Lâm Đồng;Phường Mũi Né;Đất nông nghiệp;ban;2025-05;;;;;;;;dat;kiet;;
Lâm Đồng;Phường Mũi Né;Đất nông nghiệp;ban;2025-06;;;;;;;;dat;lon;;
Lâm Đồng;Phường Mũi Né;Đất nông nghiệp;ban;2025-06;;;;;;;;dat;nho;;
Lâm Đồng;Phường Mũi Né;Đất nông nghiệp;ban;2025-06;;;;;;;;dat;kiet;;
Lâm Đồng;Phường Mũi Né;Đất nông nghiệp;ban;2025-07;;;;;;;;dat;lon;;
Lâm Đồng;Phường Mũi Né;Đất nông nghiệp;ban;2025-07;;;;;;;;dat;nho;;
Lâm Đồng;Phường Mũi Né;Đất nông nghiệp;ban;2025-07;;;;;;;;dat;kiet;;
Lâm Đồng;Phường Mũi Né;Đất nông nghiệp;ban;2025-08;;;;;;;;dat;lon;;
Lâm Đồng;Phường Mũi Né;Đất nông nghiệp;ban;2025-08;;;;;;;;dat;nho;;
Lâm Đồng;Phường Mũi Né;Đất nông nghiệp;ban;2025-08;;;;;;;;dat;kiet;;
Lâm Đồng;Phường Mũi Né;Đất nông nghiệp;ban;2025-09;;;;;;;;dat;lon;;
Lâm Đồng;Phường Mũi Né;Đất nông nghiệp;ban;2025-09;;;;;;;;dat;nho;;
Lâm Đồng;Phường Mũi Né;Đất nông nghiệp;ban;2025-09;;;;;;;;dat;kiet;;
Lâm Đồng;Phường Mũi Né;Đất nông nghiệp;ban;2025-10;;;;;;;;dat;lon;;
Lâm Đồng;Phường Mũi Né;Đất nông nghiệp;ban;2025-10;;;;;;;;dat;nho;;
Lâm Đồng;Phường Mũi Né;Đất nông nghiệp;ban;2025-10;;;;;;;;dat;kiet;;
Lâm Đồng;Phường Mũi Né;Đất nông nghiệp;ban;2025-11;;;;;;;;dat;lon;;
Lâm Đồng;Phường Mũi Né;Đất nông nghiệp;ban;2025-11;;;;;;;;dat;nho;;
Lâm Đồng;Phường Mũi Né;Đất nông nghiệp;ban;2025-11;;;;;;;;dat;kiet;;
Lâm Đồng;Phường Mũi Né;Đất nông nghiệp;ban;2025-12;;;;;;;;dat;lon;;
Lâm Đồng;Phường Mũi Né;Đất nông nghiệp;ban;2025-12;;;;;;;;dat;nho;;
Lâm Đồng;Phường Mũi Né;Đất nông nghiệp;ban;2025-12;;;;;;;;dat;kiet;;
Lâm Đồng;Phường Mũi Né;Đất nông nghiệp;ban;2026-01;;;;;;;;dat;lon;;
Lâm Đồng;Phường Mũi Né;Đất nông nghiệp;ban;2026-01;;;;;;;;dat;nho;;
Lâm Đồng;Phường Mũi Né;Đất nông nghiệp;ban;2026-01;;;;;;;;dat;kiet;;
Lâm Đồng;Phường Mũi Né;Đất nông nghiệp;ban;2026-02;;;;;;;;dat;lon;;
Lâm Đồng;Phường Mũi Né;Đất nông nghiệp;ban;2026-02;;;;;;;;dat;nho;;
Lâm Đồng;Phường Mũi Né;Đất nông nghiệp;ban;2026-02;;;;;;;;dat;kiet;;
Lâm Đồng;Phường Mũi Né;Đất nông nghiệp;ban;2026-03;;;;;;;;dat;lon;;
Lâm Đồng;Phường Mũi Né;Đất nông nghiệp;ban;2026-03;;;;;;;;dat;nho;;
Lâm Đồng;Phường Mũi Né;Đất nông nghiệp;ban;2026-03;;;;;;;;dat;kiet;;
Lâm Đồng;Phường Mũi Né;Đất nông nghiệp;ban;2026-04;;;;;;;;dat;lon;;
Lâm Đồng;Phường Mũi Né;Đất nông nghiệp;ban;2026-04;;;;;;;;dat;nho;;
Lâm Đồng;Phường Mũi Né;Đất nông nghiệp;ban;2026-04;;;;;;;;dat;kiet;;
Lâm Đồng;Phường Mũi Né;Đất nông nghiệp;ban;2026-05;;;;;;;;dat;lon;;
Lâm Đồng;Phường Mũi Né;Đất nông nghiệp;ban;2026-05;;;;;;;;dat;nho;;
Lâm Đồng;Phường Mũi Né;Đất nông nghiệp;ban;2026-05;;;;;;;;dat;kiet;;
Lâm Đồng;Phường Mũi Né;Đất nông nghiệp;ban;2026-06;;;;;;;;dat;lon;;
Lâm Đồng;Phường Mũi Né;Đất nông nghiệp;ban;2026-06;;;;;;;;dat;nho;;
Lâm Đồng;Phường Mũi Né;Đất nông nghiệp;ban;2026-06;;;;;;;;dat;kiet;;
Lâm Đồng;Phường Mũi Né;Đất nông nghiệp;ban;2026-07;;;;;;;;dat;lon;;
Lâm Đồng;Phường Mũi Né;Đất nông nghiệp;ban;2026-07;;;;;;;;dat;nho;;
Lâm Đồng;Phường Mũi Né;Đất nông nghiệp;ban;2026-07;;;;;;;;dat;kiet;;
Lâm Đồng;Phường Mũi Né;Đất nông nghiệp;ban;2026-08;;;;;;;;dat;lon;;
Lâm Đồng;Phường Mũi Né;Đất nông nghiệp;ban;2026-08;;;;;;;;dat;nho;;
Lâm Đồng;Phường Mũi Né;Đất nông nghiệp;ban;2026-08;;;;;;;;dat;kiet;;
Lâm Đồng;Phường Mũi Né;Đất nông nghiệp;ban;2026-09;;;;;;;;dat;lon;;
Lâm Đồng;Phường Mũi Né;Đất nông nghiệp;ban;2026-09;;;;;;;;dat;nho;;
Lâm Đồng;Phường Mũi Né;Đất nông nghiệp;ban;2026-09;;;;;;;;dat;kiet;;
Lâm Đồng;Phường Bình Thuận;Mặt bằng / Cửa hàng bán lẻ;thue;2024-10;;;;;;;;san;lon;;
Lâm Đồng;Phường Bình Thuận;Mặt bằng / Cửa hàng bán lẻ;thue;2024-10;;;;;;;;san;nho;;
Lâm Đồng;Phường Bình Thuận;Mặt bằng / Cửa hàng bán lẻ;thue;2024-10;;;;;;;;san;kiet;;
Lâm Đồng;Phường Bình Thuận;Mặt bằng / Cửa hàng bán lẻ;thue;2024-11;;;;;;;;san;lon;;
Lâm Đồng;Phường Bình Thuận;Mặt bằng / Cửa hàng bán lẻ;thue;2024-11;;;;;;;;san;nho;;
Lâm Đồng;Phường Bình Thuận;Mặt bằng / Cửa hàng bán lẻ;thue;2024-11;;;;;;;;san;kiet;;
Lâm Đồng;Phường Bình Thuận;Mặt bằng / Cửa hàng bán lẻ;thue;2024-12;;;;;;;;san;lon;;
Lâm Đồng;Phường Bình Thuận;Mặt bằng / Cửa hàng bán lẻ;thue;2024-12;;;;;;;;san;nho;;
Lâm Đồng;Phường Bình Thuận;Mặt bằng / Cửa hàng bán lẻ;thue;2024-12;;;;;;;;san;kiet;;
Lâm Đồng;Phường Bình Thuận;Mặt bằng / Cửa hàng bán lẻ;thue;2025-01;;;;;;;;san;lon;;
Lâm Đồng;Phường Bình Thuận;Mặt bằng / Cửa hàng bán lẻ;thue;2025-01;;;;;;;;san;nho;;
Lâm Đồng;Phường Bình Thuận;Mặt bằng / Cửa hàng bán lẻ;thue;2025-01;;;;;;;;san;kiet;;
Lâm Đồng;Phường Bình Thuận;Mặt bằng / Cửa hàng bán lẻ;thue;2025-02;;;;;;;;san;lon;;
Lâm Đồng;Phường Bình Thuận;Mặt bằng / Cửa hàng bán lẻ;thue;2025-02;;;;;;;;san;nho;;
Lâm Đồng;Phường Bình Thuận;Mặt bằng / Cửa hàng bán lẻ;thue;2025-02;;;;;;;;san;kiet;;
Lâm Đồng;Phường Bình Thuận;Mặt bằng / Cửa hàng bán lẻ;thue;2025-03;;;;;;;;san;lon;;
Lâm Đồng;Phường Bình Thuận;Mặt bằng / Cửa hàng bán lẻ;thue;2025-03;;;;;;;;san;nho;;
Lâm Đồng;Phường Bình Thuận;Mặt bằng / Cửa hàng bán lẻ;thue;2025-03;;;;;;;;san;kiet;;
Lâm Đồng;Phường Bình Thuận;Mặt bằng / Cửa hàng bán lẻ;thue;2025-04;;;;;;;;san;lon;;
Lâm Đồng;Phường Bình Thuận;Mặt bằng / Cửa hàng bán lẻ;thue;2025-04;;;;;;;;san;nho;;
Lâm Đồng;Phường Bình Thuận;Mặt bằng / Cửa hàng bán lẻ;thue;2025-04;;;;;;;;san;kiet;;
Lâm Đồng;Phường Bình Thuận;Mặt bằng / Cửa hàng bán lẻ;thue;2025-05;;;;;;;;san;lon;;
Lâm Đồng;Phường Bình Thuận;Mặt bằng / Cửa hàng bán lẻ;thue;2025-05;;;;;;;;san;nho;;
Lâm Đồng;Phường Bình Thuận;Mặt bằng / Cửa hàng bán lẻ;thue;2025-05;;;;;;;;san;kiet;;
Lâm Đồng;Phường Bình Thuận;Mặt bằng / Cửa hàng bán lẻ;thue;2025-06;;;;;;;;san;lon;;
Lâm Đồng;Phường Bình Thuận;Mặt bằng / Cửa hàng bán lẻ;thue;2025-06;;;;;;;;san;nho;;
Lâm Đồng;Phường Bình Thuận;Mặt bằng / Cửa hàng bán lẻ;thue;2025-06;;;;;;;;san;kiet;;
Lâm Đồng;Phường Bình Thuận;Mặt bằng / Cửa hàng bán lẻ;thue;2025-07;;;;;;;;san;lon;;
Lâm Đồng;Phường Bình Thuận;Mặt bằng / Cửa hàng bán lẻ;thue;2025-07;;;;;;;;san;nho;;
Lâm Đồng;Phường Bình Thuận;Mặt bằng / Cửa hàng bán lẻ;thue;2025-07;;;;;;;;san;kiet;;
Lâm Đồng;Phường Bình Thuận;Mặt bằng / Cửa hàng bán lẻ;thue;2025-08;;;;;;;;san;lon;;
Lâm Đồng;Phường Bình Thuận;Mặt bằng / Cửa hàng bán lẻ;thue;2025-08;;;;;;;;san;nho;;
Lâm Đồng;Phường Bình Thuận;Mặt bằng / Cửa hàng bán lẻ;thue;2025-08;;;;;;;;san;kiet;;
Lâm Đồng;Phường Bình Thuận;Mặt bằng / Cửa hàng bán lẻ;thue;2025-09;;;;;;;;san;lon;;
Lâm Đồng;Phường Bình Thuận;Mặt bằng / Cửa hàng bán lẻ;thue;2025-09;;;;;;;;san;nho;;
Lâm Đồng;Phường Bình Thuận;Mặt bằng / Cửa hàng bán lẻ;thue;2025-09;;;;;;;;san;kiet;;
Lâm Đồng;Phường Bình Thuận;Mặt bằng / Cửa hàng bán lẻ;thue;2025-10;;;;;;;;san;lon;;
Lâm Đồng;Phường Bình Thuận;Mặt bằng / Cửa hàng bán lẻ;thue;2025-10;;;;;;;;san;nho;;
Lâm Đồng;Phường Bình Thuận;Mặt bằng / Cửa hàng bán lẻ;thue;2025-10;;;;;;;;san;kiet;;
Lâm Đồng;Phường Bình Thuận;Mặt bằng / Cửa hàng bán lẻ;thue;2025-11;;;;;;;;san;lon;;
Lâm Đồng;Phường Bình Thuận;Mặt bằng / Cửa hàng bán lẻ;thue;2025-11;;;;;;;;san;nho;;
Lâm Đồng;Phường Bình Thuận;Mặt bằng / Cửa hàng bán lẻ;thue;2025-11;;;;;;;;san;kiet;;
Lâm Đồng;Phường Bình Thuận;Mặt bằng / Cửa hàng bán lẻ;thue;2025-12;;;;;;;;san;lon;;
Lâm Đồng;Phường Bình Thuận;Mặt bằng / Cửa hàng bán lẻ;thue;2025-12;;;;;;;;san;nho;;
Lâm Đồng;Phường Bình Thuận;Mặt bằng / Cửa hàng bán lẻ;thue;2025-12;;;;;;;;san;kiet;;
Lâm Đồng;Phường Bình Thuận;Mặt bằng / Cửa hàng bán lẻ;thue;2026-01;;;;;;;;san;lon;;
Lâm Đồng;Phường Bình Thuận;Mặt bằng / Cửa hàng bán lẻ;thue;2026-01;;;;;;;;san;nho;;
Lâm Đồng;Phường Bình Thuận;Mặt bằng / Cửa hàng bán lẻ;thue;2026-01;;;;;;;;san;kiet;;
Lâm Đồng;Phường Bình Thuận;Mặt bằng / Cửa hàng bán lẻ;thue;2026-02;;;;;;;;san;lon;;
Lâm Đồng;Phường Bình Thuận;Mặt bằng / Cửa hàng bán lẻ;thue;2026-02;;;;;;;;san;nho;;
Lâm Đồng;Phường Bình Thuận;Mặt bằng / Cửa hàng bán lẻ;thue;2026-02;;;;;;;;san;kiet;;
Lâm Đồng;Phường Bình Thuận;Mặt bằng / Cửa hàng bán lẻ;thue;2026-03;;;;;;;;san;lon;;
Lâm Đồng;Phường Bình Thuận;Mặt bằng / Cửa hàng bán lẻ;thue;2026-03;;;;;;;;san;nho;;
Lâm Đồng;Phường Bình Thuận;Mặt bằng / Cửa hàng bán lẻ;thue;2026-03;;;;;;;;san;kiet;;
Lâm Đồng;Phường Bình Thuận;Mặt bằng / Cửa hàng bán lẻ;thue;2026-04;;;;;;;;san;lon;;
Lâm Đồng;Phường Bình Thuận;Mặt bằng / Cửa hàng bán lẻ;thue;2026-04;;;;;;;;san;nho;;
Lâm Đồng;Phường Bình Thuận;Mặt bằng / Cửa hàng bán lẻ;thue;2026-04;;;;;;;;san;kiet;;
Lâm Đồng;Phường Bình Thuận;Mặt bằng / Cửa hàng bán lẻ;thue;2026-05;;;;;;;;san;lon;;
Lâm Đồng;Phường Bình Thuận;Mặt bằng / Cửa hàng bán lẻ;thue;2026-05;;;;;;;;san;nho;;
Lâm Đồng;Phường Bình Thuận;Mặt bằng / Cửa hàng bán lẻ;thue;2026-05;;;;;;;;san;kiet;;
Lâm Đồng;Phường Bình Thuận;Mặt bằng / Cửa hàng bán lẻ;thue;2026-06;;;;;;;;san;lon;;
Lâm Đồng;Phường Bình Thuận;Mặt bằng / Cửa hàng bán lẻ;thue;2026-06;;;;;;;;san;nho;;
Lâm Đồng;Phường Bình Thuận;Mặt bằng / Cửa hàng bán lẻ;thue;2026-06;;;;;;;;san;kiet;;
Lâm Đồng;Phường Bình Thuận;Mặt bằng / Cửa hàng bán lẻ;thue;2026-07;;;;;;;;san;lon;;
Lâm Đồng;Phường Bình Thuận;Mặt bằng / Cửa hàng bán lẻ;thue;2026-07;;;;;;;;san;nho;;
Lâm Đồng;Phường Bình Thuận;Mặt bằng / Cửa hàng bán lẻ;thue;2026-07;;;;;;;;san;kiet;;
Lâm Đồng;Phường Bình Thuận;Mặt bằng / Cửa hàng bán lẻ;thue;2026-08;;;;;;;;san;lon;;
Lâm Đồng;Phường Bình Thuận;Mặt bằng / Cửa hàng bán lẻ;thue;2026-08;;;;;;;;san;nho;;
Lâm Đồng;Phường Bình Thuận;Mặt bằng / Cửa hàng bán lẻ;thue;2026-08;;;;;;;;san;kiet;;
Lâm Đồng;Phường Bình Thuận;Mặt bằng / Cửa hàng bán lẻ;thue;2026-09;;;;;;;;san;lon;;
Lâm Đồng;Phường Bình Thuận;Mặt bằng / Cửa hàng bán lẻ;thue;2026-09;;;;;;;;san;nho;;
Lâm Đồng;Phường Bình Thuận;Mặt bằng / Cửa hàng bán lẻ;thue;2026-09;;;;;;;;san;kiet;;
Lâm Đồng;Phường Phú Thủy;Nhà mặt phố;ban;2024-10;;;;;;;;san;lon;;
Lâm Đồng;Phường Phú Thủy;Nhà mặt phố;ban;2024-10;;;;;;;;san;nho;;
Lâm Đồng;Phường Phú Thủy;Nhà mặt phố;ban;2024-10;;;;;;;;san;kiet;;
Lâm Đồng;Phường Phú Thủy;Nhà mặt phố;ban;2024-11;;;;;;;;san;lon;;
Lâm Đồng;Phường Phú Thủy;Nhà mặt phố;ban;2024-11;;;;;;;;san;nho;;
Lâm Đồng;Phường Phú Thủy;Nhà mặt phố;ban;2024-11;;;;;;;;san;kiet;;
Lâm Đồng;Phường Phú Thủy;Nhà mặt phố;ban;2024-12;;;;;;;;san;lon;;
Lâm Đồng;Phường Phú Thủy;Nhà mặt phố;ban;2024-12;;;;;;;;san;nho;;
Lâm Đồng;Phường Phú Thủy;Nhà mặt phố;ban;2024-12;;;;;;;;san;kiet;;
Lâm Đồng;Phường Phú Thủy;Nhà mặt phố;ban;2025-01;;;;;;;;san;lon;;
Lâm Đồng;Phường Phú Thủy;Nhà mặt phố;ban;2025-01;;;;;;;;san;nho;;
Lâm Đồng;Phường Phú Thủy;Nhà mặt phố;ban;2025-01;;;;;;;;san;kiet;;
Lâm Đồng;Phường Phú Thủy;Nhà mặt phố;ban;2025-02;;;;;;;;san;lon;;
Lâm Đồng;Phường Phú Thủy;Nhà mặt phố;ban;2025-02;;;;;;;;san;nho;;
Lâm Đồng;Phường Phú Thủy;Nhà mặt phố;ban;2025-02;;;;;;;;san;kiet;;
Lâm Đồng;Phường Phú Thủy;Nhà mặt phố;ban;2025-03;;;;;;;;san;lon;;
Lâm Đồng;Phường Phú Thủy;Nhà mặt phố;ban;2025-03;;;;;;;;san;nho;;
Lâm Đồng;Phường Phú Thủy;Nhà mặt phố;ban;2025-03;;;;;;;;san;kiet;;
Lâm Đồng;Phường Phú Thủy;Nhà mặt phố;ban;2025-04;;;;;;;;san;lon;;
Lâm Đồng;Phường Phú Thủy;Nhà mặt phố;ban;2025-04;;;;;;;;san;nho;;
Lâm Đồng;Phường Phú Thủy;Nhà mặt phố;ban;2025-04;;;;;;;;san;kiet;;
Lâm Đồng;Phường Phú Thủy;Nhà mặt phố;ban;2025-05;;;;;;;;san;lon;;
Lâm Đồng;Phường Phú Thủy;Nhà mặt phố;ban;2025-05;;;;;;;;san;nho;;
Lâm Đồng;Phường Phú Thủy;Nhà mặt phố;ban;2025-05;;;;;;;;san;kiet;;
Lâm Đồng;Phường Phú Thủy;Nhà mặt phố;ban;2025-06;;;;;;;;san;lon;;
Lâm Đồng;Phường Phú Thủy;Nhà mặt phố;ban;2025-06;;;;;;;;san;nho;;
Lâm Đồng;Phường Phú Thủy;Nhà mặt phố;ban;2025-06;;;;;;;;san;kiet;;
Lâm Đồng;Phường Phú Thủy;Nhà mặt phố;ban;2025-07;;;;;;;;san;lon;;
Lâm Đồng;Phường Phú Thủy;Nhà mặt phố;ban;2025-07;;;;;;;;san;nho;;
Lâm Đồng;Phường Phú Thủy;Nhà mặt phố;ban;2025-07;;;;;;;;san;kiet;;
Lâm Đồng;Phường Phú Thủy;Nhà mặt phố;ban;2025-08;;;;;;;;san;lon;;
Lâm Đồng;Phường Phú Thủy;Nhà mặt phố;ban;2025-08;;;;;;;;san;nho;;
Lâm Đồng;Phường Phú Thủy;Nhà mặt phố;ban;2025-08;;;;;;;;san;kiet;;
Lâm Đồng;Phường Phú Thủy;Nhà mặt phố;ban;2025-09;;;;;;;;san;lon;;
Lâm Đồng;Phường Phú Thủy;Nhà mặt phố;ban;2025-09;;;;;;;;san;nho;;
Lâm Đồng;Phường Phú Thủy;Nhà mặt phố;ban;2025-09;;;;;;;;san;kiet;;
Lâm Đồng;Phường Phú Thủy;Nhà mặt phố;ban;2025-10;;;;;;;;san;lon;;
Lâm Đồng;Phường Phú Thủy;Nhà mặt phố;ban;2025-10;;;;;;;;san;nho;;
Lâm Đồng;Phường Phú Thủy;Nhà mặt phố;ban;2025-10;;;;;;;;san;kiet;;
Lâm Đồng;Phường Phú Thủy;Nhà mặt phố;ban;2025-11;;;;;;;;san;lon;;
Lâm Đồng;Phường Phú Thủy;Nhà mặt phố;ban;2025-11;;;;;;;;san;nho;;
Lâm Đồng;Phường Phú Thủy;Nhà mặt phố;ban;2025-11;;;;;;;;san;kiet;;
Lâm Đồng;Phường Phú Thủy;Nhà mặt phố;ban;2025-12;;;;;;;;san;lon;;
Lâm Đồng;Phường Phú Thủy;Nhà mặt phố;ban;2025-12;;;;;;;;san;nho;;
Lâm Đồng;Phường Phú Thủy;Nhà mặt phố;ban;2025-12;;;;;;;;san;kiet;;
Lâm Đồng;Phường Phú Thủy;Nhà mặt phố;ban;2026-01;;;;;;;;san;lon;;
Lâm Đồng;Phường Phú Thủy;Nhà mặt phố;ban;2026-01;;;;;;;;san;nho;;
Lâm Đồng;Phường Phú Thủy;Nhà mặt phố;ban;2026-01;;;;;;;;san;kiet;;
Lâm Đồng;Phường Phú Thủy;Nhà mặt phố;ban;2026-02;;;;;;;;san;lon;;
Lâm Đồng;Phường Phú Thủy;Nhà mặt phố;ban;2026-02;;;;;;;;san;nho;;
Lâm Đồng;Phường Phú Thủy;Nhà mặt phố;ban;2026-02;;;;;;;;san;kiet;;
Lâm Đồng;Phường Phú Thủy;Nhà mặt phố;ban;2026-03;;;;;;;;san;lon;;
Lâm Đồng;Phường Phú Thủy;Nhà mặt phố;ban;2026-03;;;;;;;;san;nho;;
Lâm Đồng;Phường Phú Thủy;Nhà mặt phố;ban;2026-03;;;;;;;;san;kiet;;
Lâm Đồng;Phường Phú Thủy;Nhà mặt phố;ban;2026-04;;;;;;;;san;lon;;
Lâm Đồng;Phường Phú Thủy;Nhà mặt phố;ban;2026-04;;;;;;;;san;nho;;
Lâm Đồng;Phường Phú Thủy;Nhà mặt phố;ban;2026-04;;;;;;;;san;kiet;;
Lâm Đồng;Phường Phú Thủy;Nhà mặt phố;ban;2026-05;;;;;;;;san;lon;;
Lâm Đồng;Phường Phú Thủy;Nhà mặt phố;ban;2026-05;;;;;;;;san;nho;;
Lâm Đồng;Phường Phú Thủy;Nhà mặt phố;ban;2026-05;;;;;;;;san;kiet;;
Lâm Đồng;Phường Phú Thủy;Nhà mặt phố;ban;2026-06;;;;;;;;san;lon;;
Lâm Đồng;Phường Phú Thủy;Nhà mặt phố;ban;2026-06;;;;;;;;san;nho;;
Lâm Đồng;Phường Phú Thủy;Nhà mặt phố;ban;2026-06;;;;;;;;san;kiet;;
Lâm Đồng;Phường Phú Thủy;Nhà mặt phố;ban;2026-07;;;;;;;;san;lon;;
Lâm Đồng;Phường Phú Thủy;Nhà mặt phố;ban;2026-07;;;;;;;;san;nho;;
Lâm Đồng;Phường Phú Thủy;Nhà mặt phố;ban;2026-07;;;;;;;;san;kiet;;
Lâm Đồng;Phường Phú Thủy;Nhà mặt phố;ban;2026-08;;;;;;;;san;lon;;
Lâm Đồng;Phường Phú Thủy;Nhà mặt phố;ban;2026-08;;;;;;;;san;nho;;
Lâm Đồng;Phường Phú Thủy;Nhà mặt phố;ban;2026-08;;;;;;;;san;kiet;;
Lâm Đồng;Phường Phú Thủy;Nhà mặt phố;ban;2026-09;;;;;;;;san;lon;;
Lâm Đồng;Phường Phú Thủy;Nhà mặt phố;ban;2026-09;;;;;;;;san;nho;;
Lâm Đồng;Phường Phú Thủy;Nhà mặt phố;ban;2026-09;;;;;;;;san;kiet;;
Quảng Ngãi;Xã Tư Nghĩa;Đất nền / Đất nền dự án;ban;2024-10;;;;;;;;dat;lon;;
Quảng Ngãi;Xã Tư Nghĩa;Đất nền / Đất nền dự án;ban;2024-10;;;;;;;;dat;nho;;
Quảng Ngãi;Xã Tư Nghĩa;Đất nền / Đất nền dự án;ban;2024-10;;;;;;;;dat;kiet;;
Quảng Ngãi;Xã Tư Nghĩa;Đất nền / Đất nền dự án;ban;2024-11;;;;;;;;dat;lon;;
Quảng Ngãi;Xã Tư Nghĩa;Đất nền / Đất nền dự án;ban;2024-11;;;;;;;;dat;nho;;
Quảng Ngãi;Xã Tư Nghĩa;Đất nền / Đất nền dự án;ban;2024-11;;;;;;;;dat;kiet;;
Quảng Ngãi;Xã Tư Nghĩa;Đất nền / Đất nền dự án;ban;2024-12;;;;;;;;dat;lon;;
Quảng Ngãi;Xã Tư Nghĩa;Đất nền / Đất nền dự án;ban;2024-12;;;;;;;;dat;nho;;
Quảng Ngãi;Xã Tư Nghĩa;Đất nền / Đất nền dự án;ban;2024-12;;;;;;;;dat;kiet;;
Quảng Ngãi;Xã Tư Nghĩa;Đất nền / Đất nền dự án;ban;2025-01;;;;;;;;dat;lon;;
Quảng Ngãi;Xã Tư Nghĩa;Đất nền / Đất nền dự án;ban;2025-01;;;;;;;;dat;nho;;
Quảng Ngãi;Xã Tư Nghĩa;Đất nền / Đất nền dự án;ban;2025-01;;;;;;;;dat;kiet;;
Quảng Ngãi;Xã Tư Nghĩa;Đất nền / Đất nền dự án;ban;2025-02;;;;;;;;dat;lon;;
Quảng Ngãi;Xã Tư Nghĩa;Đất nền / Đất nền dự án;ban;2025-02;;;;;;;;dat;nho;;
Quảng Ngãi;Xã Tư Nghĩa;Đất nền / Đất nền dự án;ban;2025-02;;;;;;;;dat;kiet;;
Quảng Ngãi;Xã Tư Nghĩa;Đất nền / Đất nền dự án;ban;2025-03;;;;;;;;dat;lon;;
Quảng Ngãi;Xã Tư Nghĩa;Đất nền / Đất nền dự án;ban;2025-03;;;;;;;;dat;nho;;
Quảng Ngãi;Xã Tư Nghĩa;Đất nền / Đất nền dự án;ban;2025-03;;;;;;;;dat;kiet;;
Quảng Ngãi;Xã Tư Nghĩa;Đất nền / Đất nền dự án;ban;2025-04;;;;;;;;dat;lon;;
Quảng Ngãi;Xã Tư Nghĩa;Đất nền / Đất nền dự án;ban;2025-04;;;;;;;;dat;nho;;
Quảng Ngãi;Xã Tư Nghĩa;Đất nền / Đất nền dự án;ban;2025-04;;;;;;;;dat;kiet;;
Quảng Ngãi;Xã Tư Nghĩa;Đất nền / Đất nền dự án;ban;2025-05;;;;;;;;dat;lon;;
Quảng Ngãi;Xã Tư Nghĩa;Đất nền / Đất nền dự án;ban;2025-05;;;;;;;;dat;nho;;
Quảng Ngãi;Xã Tư Nghĩa;Đất nền / Đất nền dự án;ban;2025-05;;;;;;;;dat;kiet;;
Quảng Ngãi;Xã Tư Nghĩa;Đất nền / Đất nền dự án;ban;2025-06;;;;;;;;dat;lon;;
Quảng Ngãi;Xã Tư Nghĩa;Đất nền / Đất nền dự án;ban;2025-06;;;;;;;;dat;nho;;
Quảng Ngãi;Xã Tư Nghĩa;Đất nền / Đất nền dự án;ban;2025-06;;;;;;;;dat;kiet;;
Quảng Ngãi;Xã Tư Nghĩa;Đất nền / Đất nền dự án;ban;2025-07;;;;;;;;dat;lon;;
Quảng Ngãi;Xã Tư Nghĩa;Đất nền / Đất nền dự án;ban;2025-07;;;;;;;;dat;nho;;
Quảng Ngãi;Xã Tư Nghĩa;Đất nền / Đất nền dự án;ban;2025-07;;;;;;;;dat;kiet;;
Quảng Ngãi;Xã Tư Nghĩa;Đất nền / Đất nền dự án;ban;2025-08;;;;;;;;dat;lon;;
Quảng Ngãi;Xã Tư Nghĩa;Đất nền / Đất nền dự án;ban;2025-08;;;;;;;;dat;nho;;
Quảng Ngãi;Xã Tư Nghĩa;Đất nền / Đất nền dự án;ban;2025-08;;;;;;;;dat;kiet;;
Quảng Ngãi;Xã Tư Nghĩa;Đất nền / Đất nền dự án;ban;2025-09;;;;;;;;dat;lon;;
Quảng Ngãi;Xã Tư Nghĩa;Đất nền / Đất nền dự án;ban;2025-09;;;;;;;;dat;nho;;
Quảng Ngãi;Xã Tư Nghĩa;Đất nền / Đất nền dự án;ban;2025-09;;;;;;;;dat;kiet;;
Quảng Ngãi;Xã Tư Nghĩa;Đất nền / Đất nền dự án;ban;2025-10;;;;;;;;dat;lon;;
Quảng Ngãi;Xã Tư Nghĩa;Đất nền / Đất nền dự án;ban;2025-10;;;;;;;;dat;nho;;
Quảng Ngãi;Xã Tư Nghĩa;Đất nền / Đất nền dự án;ban;2025-10;;;;;;;;dat;kiet;;
Quảng Ngãi;Xã Tư Nghĩa;Đất nền / Đất nền dự án;ban;2025-11;;;;;;;;dat;lon;;
Quảng Ngãi;Xã Tư Nghĩa;Đất nền / Đất nền dự án;ban;2025-11;;;;;;;;dat;nho;;
Quảng Ngãi;Xã Tư Nghĩa;Đất nền / Đất nền dự án;ban;2025-11;;;;;;;;dat;kiet;;
Quảng Ngãi;Xã Tư Nghĩa;Đất nền / Đất nền dự án;ban;2025-12;;;;;;;;dat;lon;;
Quảng Ngãi;Xã Tư Nghĩa;Đất nền / Đất nền dự án;ban;2025-12;;;;;;;;dat;nho;;
Quảng Ngãi;Xã Tư Nghĩa;Đất nền / Đất nền dự án;ban;2025-12;;;;;;;;dat;kiet;;
Quảng Ngãi;Xã Tư Nghĩa;Đất nền / Đất nền dự án;ban;2026-01;;;;;;;;dat;lon;;
Quảng Ngãi;Xã Tư Nghĩa;Đất nền / Đất nền dự án;ban;2026-01;;;;;;;;dat;nho;;
Quảng Ngãi;Xã Tư Nghĩa;Đất nền / Đất nền dự án;ban;2026-01;;;;;;;;dat;kiet;;
Quảng Ngãi;Xã Tư Nghĩa;Đất nền / Đất nền dự án;ban;2026-02;;;;;;;;dat;lon;;
Quảng Ngãi;Xã Tư Nghĩa;Đất nền / Đất nền dự án;ban;2026-02;;;;;;;;dat;nho;;
Quảng Ngãi;Xã Tư Nghĩa;Đất nền / Đất nền dự án;ban;2026-02;;;;;;;;dat;kiet;;
Quảng Ngãi;Xã Tư Nghĩa;Đất nền / Đất nền dự án;ban;2026-03;;;;;;;;dat;lon;;
Quảng Ngãi;Xã Tư Nghĩa;Đất nền / Đất nền dự án;ban;2026-03;;;;;;;;dat;nho;;
Quảng Ngãi;Xã Tư Nghĩa;Đất nền / Đất nền dự án;ban;2026-03;;;;;;;;dat;kiet;;
Quảng Ngãi;Xã Tư Nghĩa;Đất nền / Đất nền dự án;ban;2026-04;;;;;;;;dat;lon;;
Quảng Ngãi;Xã Tư Nghĩa;Đất nền / Đất nền dự án;ban;2026-04;;;;;;;;dat;nho;;
Quảng Ngãi;Xã Tư Nghĩa;Đất nền / Đất nền dự án;ban;2026-04;;;;;;;;dat;kiet;;
Quảng Ngãi;Xã Tư Nghĩa;Đất nền / Đất nền dự án;ban;2026-05;;;;;;;;dat;lon;;
Quảng Ngãi;Xã Tư Nghĩa;Đất nền / Đất nền dự án;ban;2026-05;;;;;;;;dat;nho;;
Quảng Ngãi;Xã Tư Nghĩa;Đất nền / Đất nền dự án;ban;2026-05;;;;;;;;dat;kiet;;
Quảng Ngãi;Xã Tư Nghĩa;Đất nền / Đất nền dự án;ban;2026-06;;;;;;;;dat;lon;;
Quảng Ngãi;Xã Tư Nghĩa;Đất nền / Đất nền dự án;ban;2026-06;;;;;;;;dat;nho;;
Quảng Ngãi;Xã Tư Nghĩa;Đất nền / Đất nền dự án;ban;2026-06;;;;;;;;dat;kiet;;
Quảng Ngãi;Xã Tư Nghĩa;Đất nền / Đất nền dự án;ban;2026-07;;;;;;;;dat;lon;;
Quảng Ngãi;Xã Tư Nghĩa;Đất nền / Đất nền dự án;ban;2026-07;;;;;;;;dat;nho;;
Quảng Ngãi;Xã Tư Nghĩa;Đất nền / Đất nền dự án;ban;2026-07;;;;;;;;dat;kiet;;
Quảng Ngãi;Xã Tư Nghĩa;Đất nền / Đất nền dự án;ban;2026-08;;;;;;;;dat;lon;;
Quảng Ngãi;Xã Tư Nghĩa;Đất nền / Đất nền dự án;ban;2026-08;;;;;;;;dat;nho;;
Quảng Ngãi;Xã Tư Nghĩa;Đất nền / Đất nền dự án;ban;2026-08;;;;;;;;dat;kiet;;
Quảng Ngãi;Xã Tư Nghĩa;Đất nền / Đất nền dự án;ban;2026-09;;;;;;;;dat;lon;;
Quảng Ngãi;Xã Tư Nghĩa;Đất nền / Đất nền dự án;ban;2026-09;;;;;;;;dat;nho;;
Quảng Ngãi;Xã Tư Nghĩa;Đất nền / Đất nền dự án;ban;2026-09;;;;;;;;dat;kiet;;
Quảng Ngãi;Xã Đông Sơn;Đất nền / Đất nền dự án;ban;2024-10;;;;;;;;dat;lon;;
Quảng Ngãi;Xã Đông Sơn;Đất nền / Đất nền dự án;ban;2024-10;;;;;;;;dat;nho;;
Quảng Ngãi;Xã Đông Sơn;Đất nền / Đất nền dự án;ban;2024-10;;;;;;;;dat;kiet;;
Quảng Ngãi;Xã Đông Sơn;Đất nền / Đất nền dự án;ban;2024-11;;;;;;;;dat;lon;;
Quảng Ngãi;Xã Đông Sơn;Đất nền / Đất nền dự án;ban;2024-11;;;;;;;;dat;nho;;
Quảng Ngãi;Xã Đông Sơn;Đất nền / Đất nền dự án;ban;2024-11;;;;;;;;dat;kiet;;
Quảng Ngãi;Xã Đông Sơn;Đất nền / Đất nền dự án;ban;2024-12;;;;;;;;dat;lon;;
Quảng Ngãi;Xã Đông Sơn;Đất nền / Đất nền dự án;ban;2024-12;;;;;;;;dat;nho;;
Quảng Ngãi;Xã Đông Sơn;Đất nền / Đất nền dự án;ban;2024-12;;;;;;;;dat;kiet;;
Quảng Ngãi;Xã Đông Sơn;Đất nền / Đất nền dự án;ban;2025-01;;;;;;;;dat;lon;;
Quảng Ngãi;Xã Đông Sơn;Đất nền / Đất nền dự án;ban;2025-01;;;;;;;;dat;nho;;
Quảng Ngãi;Xã Đông Sơn;Đất nền / Đất nền dự án;ban;2025-01;;;;;;;;dat;kiet;;
Quảng Ngãi;Xã Đông Sơn;Đất nền / Đất nền dự án;ban;2025-02;;;;;;;;dat;lon;;
Quảng Ngãi;Xã Đông Sơn;Đất nền / Đất nền dự án;ban;2025-02;;;;;;;;dat;nho;;
Quảng Ngãi;Xã Đông Sơn;Đất nền / Đất nền dự án;ban;2025-02;;;;;;;;dat;kiet;;
Quảng Ngãi;Xã Đông Sơn;Đất nền / Đất nền dự án;ban;2025-03;;;;;;;;dat;lon;;
Quảng Ngãi;Xã Đông Sơn;Đất nền / Đất nền dự án;ban;2025-03;;;;;;;;dat;nho;;
Quảng Ngãi;Xã Đông Sơn;Đất nền / Đất nền dự án;ban;2025-03;;;;;;;;dat;kiet;;
Quảng Ngãi;Xã Đông Sơn;Đất nền / Đất nền dự án;ban;2025-04;;;;;;;;dat;lon;;
Quảng Ngãi;Xã Đông Sơn;Đất nền / Đất nền dự án;ban;2025-04;;;;;;;;dat;nho;;
Quảng Ngãi;Xã Đông Sơn;Đất nền / Đất nền dự án;ban;2025-04;;;;;;;;dat;kiet;;
Quảng Ngãi;Xã Đông Sơn;Đất nền / Đất nền dự án;ban;2025-05;;;;;;;;dat;lon;;
Quảng Ngãi;Xã Đông Sơn;Đất nền / Đất nền dự án;ban;2025-05;;;;;;;;dat;nho;;
Quảng Ngãi;Xã Đông Sơn;Đất nền / Đất nền dự án;ban;2025-05;;;;;;;;dat;kiet;;
Quảng Ngãi;Xã Đông Sơn;Đất nền / Đất nền dự án;ban;2025-06;;;;;;;;dat;lon;;
Quảng Ngãi;Xã Đông Sơn;Đất nền / Đất nền dự án;ban;2025-06;;;;;;;;dat;nho;;
Quảng Ngãi;Xã Đông Sơn;Đất nền / Đất nền dự án;ban;2025-06;;;;;;;;dat;kiet;;
Quảng Ngãi;Xã Đông Sơn;Đất nền / Đất nền dự án;ban;2025-07;;;;;;;;dat;lon;;
Quảng Ngãi;Xã Đông Sơn;Đất nền / Đất nền dự án;ban;2025-07;;;;;;;;dat;nho;;
Quảng Ngãi;Xã Đông Sơn;Đất nền / Đất nền dự án;ban;2025-07;;;;;;;;dat;kiet;;
Quảng Ngãi;Xã Đông Sơn;Đất nền / Đất nền dự án;ban;2025-08;;;;;;;;dat;lon;;
Quảng Ngãi;Xã Đông Sơn;Đất nền / Đất nền dự án;ban;2025-08;;;;;;;;dat;nho;;
Quảng Ngãi;Xã Đông Sơn;Đất nền / Đất nền dự án;ban;2025-08;;;;;;;;dat;kiet;;
Quảng Ngãi;Xã Đông Sơn;Đất nền / Đất nền dự án;ban;2025-09;;;;;;;;dat;lon;;
Quảng Ngãi;Xã Đông Sơn;Đất nền / Đất nền dự án;ban;2025-09;;;;;;;;dat;nho;;
Quảng Ngãi;Xã Đông Sơn;Đất nền / Đất nền dự án;ban;2025-09;;;;;;;;dat;kiet;;
Quảng Ngãi;Xã Đông Sơn;Đất nền / Đất nền dự án;ban;2025-10;;;;;;;;dat;lon;;
Quảng Ngãi;Xã Đông Sơn;Đất nền / Đất nền dự án;ban;2025-10;;;;;;;;dat;nho;;
Quảng Ngãi;Xã Đông Sơn;Đất nền / Đất nền dự án;ban;2025-10;;;;;;;;dat;kiet;;
Quảng Ngãi;Xã Đông Sơn;Đất nền / Đất nền dự án;ban;2025-11;;;;;;;;dat;lon;;
Quảng Ngãi;Xã Đông Sơn;Đất nền / Đất nền dự án;ban;2025-11;;;;;;;;dat;nho;;
Quảng Ngãi;Xã Đông Sơn;Đất nền / Đất nền dự án;ban;2025-11;;;;;;;;dat;kiet;;
Quảng Ngãi;Xã Đông Sơn;Đất nền / Đất nền dự án;ban;2025-12;;;;;;;;dat;lon;;
Quảng Ngãi;Xã Đông Sơn;Đất nền / Đất nền dự án;ban;2025-12;;;;;;;;dat;nho;;
Quảng Ngãi;Xã Đông Sơn;Đất nền / Đất nền dự án;ban;2025-12;;;;;;;;dat;kiet;;
Quảng Ngãi;Xã Đông Sơn;Đất nền / Đất nền dự án;ban;2026-01;;;;;;;;dat;lon;;
Quảng Ngãi;Xã Đông Sơn;Đất nền / Đất nền dự án;ban;2026-01;;;;;;;;dat;nho;;
Quảng Ngãi;Xã Đông Sơn;Đất nền / Đất nền dự án;ban;2026-01;;;;;;;;dat;kiet;;
Quảng Ngãi;Xã Đông Sơn;Đất nền / Đất nền dự án;ban;2026-02;;;;;;;;dat;lon;;
Quảng Ngãi;Xã Đông Sơn;Đất nền / Đất nền dự án;ban;2026-02;;;;;;;;dat;nho;;
Quảng Ngãi;Xã Đông Sơn;Đất nền / Đất nền dự án;ban;2026-02;;;;;;;;dat;kiet;;
Quảng Ngãi;Xã Đông Sơn;Đất nền / Đất nền dự án;ban;2026-03;;;;;;;;dat;lon;;
Quảng Ngãi;Xã Đông Sơn;Đất nền / Đất nền dự án;ban;2026-03;;;;;;;;dat;nho;;
Quảng Ngãi;Xã Đông Sơn;Đất nền / Đất nền dự án;ban;2026-03;;;;;;;;dat;kiet;;
Quảng Ngãi;Xã Đông Sơn;Đất nền / Đất nền dự án;ban;2026-04;;;;;;;;dat;lon;;
Quảng Ngãi;Xã Đông Sơn;Đất nền / Đất nền dự án;ban;2026-04;;;;;;;;dat;nho;;
Quảng Ngãi;Xã Đông Sơn;Đất nền / Đất nền dự án;ban;2026-04;;;;;;;;dat;kiet;;
Quảng Ngãi;Xã Đông Sơn;Đất nền / Đất nền dự án;ban;2026-05;;;;;;;;dat;lon;;
Quảng Ngãi;Xã Đông Sơn;Đất nền / Đất nền dự án;ban;2026-05;;;;;;;;dat;nho;;
Quảng Ngãi;Xã Đông Sơn;Đất nền / Đất nền dự án;ban;2026-05;;;;;;;;dat;kiet;;
Quảng Ngãi;Xã Đông Sơn;Đất nền / Đất nền dự án;ban;2026-06;;;;;;;;dat;lon;;
Quảng Ngãi;Xã Đông Sơn;Đất nền / Đất nền dự án;ban;2026-06;;;;;;;;dat;nho;;
Quảng Ngãi;Xã Đông Sơn;Đất nền / Đất nền dự án;ban;2026-06;;;;;;;;dat;kiet;;
Quảng Ngãi;Xã Đông Sơn;Đất nền / Đất nền dự án;ban;2026-07;;;;;;;;dat;lon;;
Quảng Ngãi;Xã Đông Sơn;Đất nền / Đất nền dự án;ban;2026-07;;;;;;;;dat;nho;;
Quảng Ngãi;Xã Đông Sơn;Đất nền / Đất nền dự án;ban;2026-07;;;;;;;;dat;kiet;;
Quảng Ngãi;Xã Đông Sơn;Đất nền / Đất nền dự án;ban;2026-08;;;;;;;;dat;lon;;
Quảng Ngãi;Xã Đông Sơn;Đất nền / Đất nền dự án;ban;2026-08;;;;;;;;dat;nho;;
Quảng Ngãi;Xã Đông Sơn;Đất nền / Đất nền dự án;ban;2026-08;;;;;;;;dat;kiet;;
Quảng Ngãi;Xã Đông Sơn;Đất nền / Đất nền dự án;ban;2026-09;;;;;;;;dat;lon;;
Quảng Ngãi;Xã Đông Sơn;Đất nền / Đất nền dự án;ban;2026-09;;;;;;;;dat;nho;;
Quảng Ngãi;Xã Đông Sơn;Đất nền / Đất nền dự án;ban;2026-09;;;;;;;;dat;kiet;;
Quảng Ngãi;Xã Vạn Tường;Đất nền / Đất nền dự án;ban;2024-10;;;;;;;;dat;lon;;
Quảng Ngãi;Xã Vạn Tường;Đất nền / Đất nền dự án;ban;2024-10;;;;;;;;dat;nho;;
Quảng Ngãi;Xã Vạn Tường;Đất nền / Đất nền dự án;ban;2024-10;;;;;;;;dat;kiet;;
Quảng Ngãi;Xã Vạn Tường;Đất nền / Đất nền dự án;ban;2024-11;;;;;;;;dat;lon;;
Quảng Ngãi;Xã Vạn Tường;Đất nền / Đất nền dự án;ban;2024-11;;;;;;;;dat;nho;;
Quảng Ngãi;Xã Vạn Tường;Đất nền / Đất nền dự án;ban;2024-11;;;;;;;;dat;kiet;;
Quảng Ngãi;Xã Vạn Tường;Đất nền / Đất nền dự án;ban;2024-12;;;;;;;;dat;lon;;
Quảng Ngãi;Xã Vạn Tường;Đất nền / Đất nền dự án;ban;2024-12;;;;;;;;dat;nho;;
Quảng Ngãi;Xã Vạn Tường;Đất nền / Đất nền dự án;ban;2024-12;;;;;;;;dat;kiet;;
Quảng Ngãi;Xã Vạn Tường;Đất nền / Đất nền dự án;ban;2025-01;;;;;;;;dat;lon;;
Quảng Ngãi;Xã Vạn Tường;Đất nền / Đất nền dự án;ban;2025-01;;;;;;;;dat;nho;;
Quảng Ngãi;Xã Vạn Tường;Đất nền / Đất nền dự án;ban;2025-01;;;;;;;;dat;kiet;;
Quảng Ngãi;Xã Vạn Tường;Đất nền / Đất nền dự án;ban;2025-02;;;;;;;;dat;lon;;
Quảng Ngãi;Xã Vạn Tường;Đất nền / Đất nền dự án;ban;2025-02;;;;;;;;dat;nho;;
Quảng Ngãi;Xã Vạn Tường;Đất nền / Đất nền dự án;ban;2025-02;;;;;;;;dat;kiet;;
Quảng Ngãi;Xã Vạn Tường;Đất nền / Đất nền dự án;ban;2025-03;;;;;;;;dat;lon;;
Quảng Ngãi;Xã Vạn Tường;Đất nền / Đất nền dự án;ban;2025-03;;;;;;;;dat;nho;;
Quảng Ngãi;Xã Vạn Tường;Đất nền / Đất nền dự án;ban;2025-03;;;;;;;;dat;kiet;;
Quảng Ngãi;Xã Vạn Tường;Đất nền / Đất nền dự án;ban;2025-04;;;;;;;;dat;lon;;
Quảng Ngãi;Xã Vạn Tường;Đất nền / Đất nền dự án;ban;2025-04;;;;;;;;dat;nho;;
Quảng Ngãi;Xã Vạn Tường;Đất nền / Đất nền dự án;ban;2025-04;;;;;;;;dat;kiet;;
Quảng Ngãi;Xã Vạn Tường;Đất nền / Đất nền dự án;ban;2025-05;;;;;;;;dat;lon;;
Quảng Ngãi;Xã Vạn Tường;Đất nền / Đất nền dự án;ban;2025-05;;;;;;;;dat;nho;;
Quảng Ngãi;Xã Vạn Tường;Đất nền / Đất nền dự án;ban;2025-05;;;;;;;;dat;kiet;;
Quảng Ngãi;Xã Vạn Tường;Đất nền / Đất nền dự án;ban;2025-06;;;;;;;;dat;lon;;
Quảng Ngãi;Xã Vạn Tường;Đất nền / Đất nền dự án;ban;2025-06;;;;;;;;dat;nho;;
Quảng Ngãi;Xã Vạn Tường;Đất nền / Đất nền dự án;ban;2025-06;;;;;;;;dat;kiet;;
Quảng Ngãi;Xã Vạn Tường;Đất nền / Đất nền dự án;ban;2025-07;;;;;;;;dat;lon;;
Quảng Ngãi;Xã Vạn Tường;Đất nền / Đất nền dự án;ban;2025-07;;;;;;;;dat;nho;;
Quảng Ngãi;Xã Vạn Tường;Đất nền / Đất nền dự án;ban;2025-07;;;;;;;;dat;kiet;;
Quảng Ngãi;Xã Vạn Tường;Đất nền / Đất nền dự án;ban;2025-08;;;;;;;;dat;lon;;
Quảng Ngãi;Xã Vạn Tường;Đất nền / Đất nền dự án;ban;2025-08;;;;;;;;dat;nho;;
Quảng Ngãi;Xã Vạn Tường;Đất nền / Đất nền dự án;ban;2025-08;;;;;;;;dat;kiet;;
Quảng Ngãi;Xã Vạn Tường;Đất nền / Đất nền dự án;ban;2025-09;;;;;;;;dat;lon;;
Quảng Ngãi;Xã Vạn Tường;Đất nền / Đất nền dự án;ban;2025-09;;;;;;;;dat;nho;;
Quảng Ngãi;Xã Vạn Tường;Đất nền / Đất nền dự án;ban;2025-09;;;;;;;;dat;kiet;;
Quảng Ngãi;Xã Vạn Tường;Đất nền / Đất nền dự án;ban;2025-10;;;;;;;;dat;lon;;
Quảng Ngãi;Xã Vạn Tường;Đất nền / Đất nền dự án;ban;2025-10;;;;;;;;dat;nho;;
Quảng Ngãi;Xã Vạn Tường;Đất nền / Đất nền dự án;ban;2025-10;;;;;;;;dat;kiet;;
Quảng Ngãi;Xã Vạn Tường;Đất nền / Đất nền dự án;ban;2025-11;;;;;;;;dat;lon;;
Quảng Ngãi;Xã Vạn Tường;Đất nền / Đất nền dự án;ban;2025-11;;;;;;;;dat;nho;;
Quảng Ngãi;Xã Vạn Tường;Đất nền / Đất nền dự án;ban;2025-11;;;;;;;;dat;kiet;;
Quảng Ngãi;Xã Vạn Tường;Đất nền / Đất nền dự án;ban;2025-12;;;;;;;;dat;lon;;
Quảng Ngãi;Xã Vạn Tường;Đất nền / Đất nền dự án;ban;2025-12;;;;;;;;dat;nho;;
Quảng Ngãi;Xã Vạn Tường;Đất nền / Đất nền dự án;ban;2025-12;;;;;;;;dat;kiet;;
Quảng Ngãi;Xã Vạn Tường;Đất nền / Đất nền dự án;ban;2026-01;;;;;;;;dat;lon;;
Quảng Ngãi;Xã Vạn Tường;Đất nền / Đất nền dự án;ban;2026-01;;;;;;;;dat;nho;;
Quảng Ngãi;Xã Vạn Tường;Đất nền / Đất nền dự án;ban;2026-01;;;;;;;;dat;kiet;;
Quảng Ngãi;Xã Vạn Tường;Đất nền / Đất nền dự án;ban;2026-02;;;;;;;;dat;lon;;
Quảng Ngãi;Xã Vạn Tường;Đất nền / Đất nền dự án;ban;2026-02;;;;;;;;dat;nho;;
Quảng Ngãi;Xã Vạn Tường;Đất nền / Đất nền dự án;ban;2026-02;;;;;;;;dat;kiet;;
Quảng Ngãi;Xã Vạn Tường;Đất nền / Đất nền dự án;ban;2026-03;;;;;;;;dat;lon;;
Quảng Ngãi;Xã Vạn Tường;Đất nền / Đất nền dự án;ban;2026-03;;;;;;;;dat;nho;;
Quảng Ngãi;Xã Vạn Tường;Đất nền / Đất nền dự án;ban;2026-03;;;;;;;;dat;kiet;;
Quảng Ngãi;Xã Vạn Tường;Đất nền / Đất nền dự án;ban;2026-04;;;;;;;;dat;lon;;
Quảng Ngãi;Xã Vạn Tường;Đất nền / Đất nền dự án;ban;2026-04;;;;;;;;dat;nho;;
Quảng Ngãi;Xã Vạn Tường;Đất nền / Đất nền dự án;ban;2026-04;;;;;;;;dat;kiet;;
Quảng Ngãi;Xã Vạn Tường;Đất nền / Đất nền dự án;ban;2026-05;;;;;;;;dat;lon;;
Quảng Ngãi;Xã Vạn Tường;Đất nền / Đất nền dự án;ban;2026-05;;;;;;;;dat;nho;;
Quảng Ngãi;Xã Vạn Tường;Đất nền / Đất nền dự án;ban;2026-05;;;;;;;;dat;kiet;;
Quảng Ngãi;Xã Vạn Tường;Đất nền / Đất nền dự án;ban;2026-06;;;;;;;;dat;lon;;
Quảng Ngãi;Xã Vạn Tường;Đất nền / Đất nền dự án;ban;2026-06;;;;;;;;dat;nho;;
Quảng Ngãi;Xã Vạn Tường;Đất nền / Đất nền dự án;ban;2026-06;;;;;;;;dat;kiet;;
Quảng Ngãi;Xã Vạn Tường;Đất nền / Đất nền dự án;ban;2026-07;;;;;;;;dat;lon;;
Quảng Ngãi;Xã Vạn Tường;Đất nền / Đất nền dự án;ban;2026-07;;;;;;;;dat;nho;;
Quảng Ngãi;Xã Vạn Tường;Đất nền / Đất nền dự án;ban;2026-07;;;;;;;;dat;kiet;;
Quảng Ngãi;Xã Vạn Tường;Đất nền / Đất nền dự án;ban;2026-08;;;;;;;;dat;lon;;
Quảng Ngãi;Xã Vạn Tường;Đất nền / Đất nền dự án;ban;2026-08;;;;;;;;dat;nho;;
Quảng Ngãi;Xã Vạn Tường;Đất nền / Đất nền dự án;ban;2026-08;;;;;;;;dat;kiet;;
Quảng Ngãi;Xã Vạn Tường;Đất nền / Đất nền dự án;ban;2026-09;;;;;;;;dat;lon;;
Quảng Ngãi;Xã Vạn Tường;Đất nền / Đất nền dự án;ban;2026-09;;;;;;;;dat;nho;;
Quảng Ngãi;Xã Vạn Tường;Đất nền / Đất nền dự án;ban;2026-09;;;;;;;;dat;kiet;;
Quảng Ngãi;Phường Cẩm Thành;Nhà mặt phố;thue;2024-10;;;;;;;;san;lon;;
Quảng Ngãi;Phường Cẩm Thành;Nhà mặt phố;thue;2024-10;;;;;;;;san;nho;;
Quảng Ngãi;Phường Cẩm Thành;Nhà mặt phố;thue;2024-10;;;;;;;;san;kiet;;
Quảng Ngãi;Phường Cẩm Thành;Nhà mặt phố;thue;2024-11;;;;;;;;san;lon;;
Quảng Ngãi;Phường Cẩm Thành;Nhà mặt phố;thue;2024-11;;;;;;;;san;nho;;
Quảng Ngãi;Phường Cẩm Thành;Nhà mặt phố;thue;2024-11;;;;;;;;san;kiet;;
Quảng Ngãi;Phường Cẩm Thành;Nhà mặt phố;thue;2024-12;;;;;;;;san;lon;;
Quảng Ngãi;Phường Cẩm Thành;Nhà mặt phố;thue;2024-12;;;;;;;;san;nho;;
Quảng Ngãi;Phường Cẩm Thành;Nhà mặt phố;thue;2024-12;;;;;;;;san;kiet;;
Quảng Ngãi;Phường Cẩm Thành;Nhà mặt phố;thue;2025-01;;;;;;;;san;lon;;
Quảng Ngãi;Phường Cẩm Thành;Nhà mặt phố;thue;2025-01;;;;;;;;san;nho;;
Quảng Ngãi;Phường Cẩm Thành;Nhà mặt phố;thue;2025-01;;;;;;;;san;kiet;;
Quảng Ngãi;Phường Cẩm Thành;Nhà mặt phố;thue;2025-02;;;;;;;;san;lon;;
Quảng Ngãi;Phường Cẩm Thành;Nhà mặt phố;thue;2025-02;;;;;;;;san;nho;;
Quảng Ngãi;Phường Cẩm Thành;Nhà mặt phố;thue;2025-02;;;;;;;;san;kiet;;
Quảng Ngãi;Phường Cẩm Thành;Nhà mặt phố;thue;2025-03;;;;;;;;san;lon;;
Quảng Ngãi;Phường Cẩm Thành;Nhà mặt phố;thue;2025-03;;;;;;;;san;nho;;
Quảng Ngãi;Phường Cẩm Thành;Nhà mặt phố;thue;2025-03;;;;;;;;san;kiet;;
Quảng Ngãi;Phường Cẩm Thành;Nhà mặt phố;thue;2025-04;;;;;;;;san;lon;;
Quảng Ngãi;Phường Cẩm Thành;Nhà mặt phố;thue;2025-04;;;;;;;;san;nho;;
Quảng Ngãi;Phường Cẩm Thành;Nhà mặt phố;thue;2025-04;;;;;;;;san;kiet;;
Quảng Ngãi;Phường Cẩm Thành;Nhà mặt phố;thue;2025-05;;;;;;;;san;lon;;
Quảng Ngãi;Phường Cẩm Thành;Nhà mặt phố;thue;2025-05;;;;;;;;san;nho;;
Quảng Ngãi;Phường Cẩm Thành;Nhà mặt phố;thue;2025-05;;;;;;;;san;kiet;;
Quảng Ngãi;Phường Cẩm Thành;Nhà mặt phố;thue;2025-06;;;;;;;;san;lon;;
Quảng Ngãi;Phường Cẩm Thành;Nhà mặt phố;thue;2025-06;;;;;;;;san;nho;;
Quảng Ngãi;Phường Cẩm Thành;Nhà mặt phố;thue;2025-06;;;;;;;;san;kiet;;
Quảng Ngãi;Phường Cẩm Thành;Nhà mặt phố;thue;2025-07;;;;;;;;san;lon;;
Quảng Ngãi;Phường Cẩm Thành;Nhà mặt phố;thue;2025-07;;;;;;;;san;nho;;
Quảng Ngãi;Phường Cẩm Thành;Nhà mặt phố;thue;2025-07;;;;;;;;san;kiet;;
Quảng Ngãi;Phường Cẩm Thành;Nhà mặt phố;thue;2025-08;;;;;;;;san;lon;;
Quảng Ngãi;Phường Cẩm Thành;Nhà mặt phố;thue;2025-08;;;;;;;;san;nho;;
Quảng Ngãi;Phường Cẩm Thành;Nhà mặt phố;thue;2025-08;;;;;;;;san;kiet;;
Quảng Ngãi;Phường Cẩm Thành;Nhà mặt phố;thue;2025-09;;;;;;;;san;lon;;
Quảng Ngãi;Phường Cẩm Thành;Nhà mặt phố;thue;2025-09;;;;;;;;san;nho;;
Quảng Ngãi;Phường Cẩm Thành;Nhà mặt phố;thue;2025-09;;;;;;;;san;kiet;;
Quảng Ngãi;Phường Cẩm Thành;Nhà mặt phố;thue;2025-10;;;;;;;;san;lon;;
Quảng Ngãi;Phường Cẩm Thành;Nhà mặt phố;thue;2025-10;;;;;;;;san;nho;;
Quảng Ngãi;Phường Cẩm Thành;Nhà mặt phố;thue;2025-10;;;;;;;;san;kiet;;
Quảng Ngãi;Phường Cẩm Thành;Nhà mặt phố;thue;2025-11;;;;;;;;san;lon;;
Quảng Ngãi;Phường Cẩm Thành;Nhà mặt phố;thue;2025-11;;;;;;;;san;nho;;
Quảng Ngãi;Phường Cẩm Thành;Nhà mặt phố;thue;2025-11;;;;;;;;san;kiet;;
Quảng Ngãi;Phường Cẩm Thành;Nhà mặt phố;thue;2025-12;;;;;;;;san;lon;;
Quảng Ngãi;Phường Cẩm Thành;Nhà mặt phố;thue;2025-12;;;;;;;;san;nho;;
Quảng Ngãi;Phường Cẩm Thành;Nhà mặt phố;thue;2025-12;;;;;;;;san;kiet;;
Quảng Ngãi;Phường Cẩm Thành;Nhà mặt phố;thue;2026-01;;;;;;;;san;lon;;
Quảng Ngãi;Phường Cẩm Thành;Nhà mặt phố;thue;2026-01;;;;;;;;san;nho;;
Quảng Ngãi;Phường Cẩm Thành;Nhà mặt phố;thue;2026-01;;;;;;;;san;kiet;;
Quảng Ngãi;Phường Cẩm Thành;Nhà mặt phố;thue;2026-02;;;;;;;;san;lon;;
Quảng Ngãi;Phường Cẩm Thành;Nhà mặt phố;thue;2026-02;;;;;;;;san;nho;;
Quảng Ngãi;Phường Cẩm Thành;Nhà mặt phố;thue;2026-02;;;;;;;;san;kiet;;
Quảng Ngãi;Phường Cẩm Thành;Nhà mặt phố;thue;2026-03;;;;;;;;san;lon;;
Quảng Ngãi;Phường Cẩm Thành;Nhà mặt phố;thue;2026-03;;;;;;;;san;nho;;
Quảng Ngãi;Phường Cẩm Thành;Nhà mặt phố;thue;2026-03;;;;;;;;san;kiet;;
Quảng Ngãi;Phường Cẩm Thành;Nhà mặt phố;thue;2026-04;;;;;;;;san;lon;;
Quảng Ngãi;Phường Cẩm Thành;Nhà mặt phố;thue;2026-04;;;;;;;;san;nho;;
Quảng Ngãi;Phường Cẩm Thành;Nhà mặt phố;thue;2026-04;;;;;;;;san;kiet;;
Quảng Ngãi;Phường Cẩm Thành;Nhà mặt phố;thue;2026-05;;;;;;;;san;lon;;
Quảng Ngãi;Phường Cẩm Thành;Nhà mặt phố;thue;2026-05;;;;;;;;san;nho;;
Quảng Ngãi;Phường Cẩm Thành;Nhà mặt phố;thue;2026-05;;;;;;;;san;kiet;;
Quảng Ngãi;Phường Cẩm Thành;Nhà mặt phố;thue;2026-06;;;;;;;;san;lon;;
Quảng Ngãi;Phường Cẩm Thành;Nhà mặt phố;thue;2026-06;;;;;;;;san;nho;;
Quảng Ngãi;Phường Cẩm Thành;Nhà mặt phố;thue;2026-06;;;;;;;;san;kiet;;
Quảng Ngãi;Phường Cẩm Thành;Nhà mặt phố;thue;2026-07;;;;;;;;san;lon;;
Quảng Ngãi;Phường Cẩm Thành;Nhà mặt phố;thue;2026-07;;;;;;;;san;nho;;
Quảng Ngãi;Phường Cẩm Thành;Nhà mặt phố;thue;2026-07;;;;;;;;san;kiet;;
Quảng Ngãi;Phường Cẩm Thành;Nhà mặt phố;thue;2026-08;;;;;;;;san;lon;;
Quảng Ngãi;Phường Cẩm Thành;Nhà mặt phố;thue;2026-08;;;;;;;;san;nho;;
Quảng Ngãi;Phường Cẩm Thành;Nhà mặt phố;thue;2026-08;;;;;;;;san;kiet;;
Quảng Ngãi;Phường Cẩm Thành;Nhà mặt phố;thue;2026-09;;;;;;;;san;lon;;
Quảng Ngãi;Phường Cẩm Thành;Nhà mặt phố;thue;2026-09;;;;;;;;san;nho;;
Quảng Ngãi;Phường Cẩm Thành;Nhà mặt phố;thue;2026-09;;;;;;;;san;kiet;;
Quảng Ngãi;Phường Nghĩa Lộ;Nhà riêng;thue;2024-10;;;;;;;;san;lon;;
Quảng Ngãi;Phường Nghĩa Lộ;Nhà riêng;thue;2024-10;;;;;;;;san;nho;;
Quảng Ngãi;Phường Nghĩa Lộ;Nhà riêng;thue;2024-10;;;;;;;;san;kiet;;
Quảng Ngãi;Phường Nghĩa Lộ;Nhà riêng;thue;2024-11;;;;;;;;san;lon;;
Quảng Ngãi;Phường Nghĩa Lộ;Nhà riêng;thue;2024-11;;;;;;;;san;nho;;
Quảng Ngãi;Phường Nghĩa Lộ;Nhà riêng;thue;2024-11;;;;;;;;san;kiet;;
Quảng Ngãi;Phường Nghĩa Lộ;Nhà riêng;thue;2024-12;;;;;;;;san;lon;;
Quảng Ngãi;Phường Nghĩa Lộ;Nhà riêng;thue;2024-12;;;;;;;;san;nho;;
Quảng Ngãi;Phường Nghĩa Lộ;Nhà riêng;thue;2024-12;;;;;;;;san;kiet;;
Quảng Ngãi;Phường Nghĩa Lộ;Nhà riêng;thue;2025-01;;;;;;;;san;lon;;
Quảng Ngãi;Phường Nghĩa Lộ;Nhà riêng;thue;2025-01;;;;;;;;san;nho;;
Quảng Ngãi;Phường Nghĩa Lộ;Nhà riêng;thue;2025-01;;;;;;;;san;kiet;;
Quảng Ngãi;Phường Nghĩa Lộ;Nhà riêng;thue;2025-02;;;;;;;;san;lon;;
Quảng Ngãi;Phường Nghĩa Lộ;Nhà riêng;thue;2025-02;;;;;;;;san;nho;;
Quảng Ngãi;Phường Nghĩa Lộ;Nhà riêng;thue;2025-02;;;;;;;;san;kiet;;
Quảng Ngãi;Phường Nghĩa Lộ;Nhà riêng;thue;2025-03;;;;;;;;san;lon;;
Quảng Ngãi;Phường Nghĩa Lộ;Nhà riêng;thue;2025-03;;;;;;;;san;nho;;
Quảng Ngãi;Phường Nghĩa Lộ;Nhà riêng;thue;2025-03;;;;;;;;san;kiet;;
Quảng Ngãi;Phường Nghĩa Lộ;Nhà riêng;thue;2025-04;;;;;;;;san;lon;;
Quảng Ngãi;Phường Nghĩa Lộ;Nhà riêng;thue;2025-04;;;;;;;;san;nho;;
Quảng Ngãi;Phường Nghĩa Lộ;Nhà riêng;thue;2025-04;;;;;;;;san;kiet;;
Quảng Ngãi;Phường Nghĩa Lộ;Nhà riêng;thue;2025-05;;;;;;;;san;lon;;
Quảng Ngãi;Phường Nghĩa Lộ;Nhà riêng;thue;2025-05;;;;;;;;san;nho;;
Quảng Ngãi;Phường Nghĩa Lộ;Nhà riêng;thue;2025-05;;;;;;;;san;kiet;;
Quảng Ngãi;Phường Nghĩa Lộ;Nhà riêng;thue;2025-06;;;;;;;;san;lon;;
Quảng Ngãi;Phường Nghĩa Lộ;Nhà riêng;thue;2025-06;;;;;;;;san;nho;;
Quảng Ngãi;Phường Nghĩa Lộ;Nhà riêng;thue;2025-06;;;;;;;;san;kiet;;
Quảng Ngãi;Phường Nghĩa Lộ;Nhà riêng;thue;2025-07;;;;;;;;san;lon;;
Quảng Ngãi;Phường Nghĩa Lộ;Nhà riêng;thue;2025-07;;;;;;;;san;nho;;
Quảng Ngãi;Phường Nghĩa Lộ;Nhà riêng;thue;2025-07;;;;;;;;san;kiet;;
Quảng Ngãi;Phường Nghĩa Lộ;Nhà riêng;thue;2025-08;;;;;;;;san;lon;;
Quảng Ngãi;Phường Nghĩa Lộ;Nhà riêng;thue;2025-08;;;;;;;;san;nho;;
Quảng Ngãi;Phường Nghĩa Lộ;Nhà riêng;thue;2025-08;;;;;;;;san;kiet;;
Quảng Ngãi;Phường Nghĩa Lộ;Nhà riêng;thue;2025-09;;;;;;;;san;lon;;
Quảng Ngãi;Phường Nghĩa Lộ;Nhà riêng;thue;2025-09;;;;;;;;san;nho;;
Quảng Ngãi;Phường Nghĩa Lộ;Nhà riêng;thue;2025-09;;;;;;;;san;kiet;;
Quảng Ngãi;Phường Nghĩa Lộ;Nhà riêng;thue;2025-10;;;;;;;;san;lon;;
Quảng Ngãi;Phường Nghĩa Lộ;Nhà riêng;thue;2025-10;;;;;;;;san;nho;;
Quảng Ngãi;Phường Nghĩa Lộ;Nhà riêng;thue;2025-10;;;;;;;;san;kiet;;
Quảng Ngãi;Phường Nghĩa Lộ;Nhà riêng;thue;2025-11;;;;;;;;san;lon;;
Quảng Ngãi;Phường Nghĩa Lộ;Nhà riêng;thue;2025-11;;;;;;;;san;nho;;
Quảng Ngãi;Phường Nghĩa Lộ;Nhà riêng;thue;2025-11;;;;;;;;san;kiet;;
Quảng Ngãi;Phường Nghĩa Lộ;Nhà riêng;thue;2025-12;;;;;;;;san;lon;;
Quảng Ngãi;Phường Nghĩa Lộ;Nhà riêng;thue;2025-12;;;;;;;;san;nho;;
Quảng Ngãi;Phường Nghĩa Lộ;Nhà riêng;thue;2025-12;;;;;;;;san;kiet;;
Quảng Ngãi;Phường Nghĩa Lộ;Nhà riêng;thue;2026-01;;;;;;;;san;lon;;
Quảng Ngãi;Phường Nghĩa Lộ;Nhà riêng;thue;2026-01;;;;;;;;san;nho;;
Quảng Ngãi;Phường Nghĩa Lộ;Nhà riêng;thue;2026-01;;;;;;;;san;kiet;;
Quảng Ngãi;Phường Nghĩa Lộ;Nhà riêng;thue;2026-02;;;;;;;;san;lon;;
Quảng Ngãi;Phường Nghĩa Lộ;Nhà riêng;thue;2026-02;;;;;;;;san;nho;;
Quảng Ngãi;Phường Nghĩa Lộ;Nhà riêng;thue;2026-02;;;;;;;;san;kiet;;
Quảng Ngãi;Phường Nghĩa Lộ;Nhà riêng;thue;2026-03;;;;;;;;san;lon;;
Quảng Ngãi;Phường Nghĩa Lộ;Nhà riêng;thue;2026-03;;;;;;;;san;nho;;
Quảng Ngãi;Phường Nghĩa Lộ;Nhà riêng;thue;2026-03;;;;;;;;san;kiet;;
Quảng Ngãi;Phường Nghĩa Lộ;Nhà riêng;thue;2026-04;;;;;;;;san;lon;;
Quảng Ngãi;Phường Nghĩa Lộ;Nhà riêng;thue;2026-04;;;;;;;;san;nho;;
Quảng Ngãi;Phường Nghĩa Lộ;Nhà riêng;thue;2026-04;;;;;;;;san;kiet;;
Quảng Ngãi;Phường Nghĩa Lộ;Nhà riêng;thue;2026-05;;;;;;;;san;lon;;
Quảng Ngãi;Phường Nghĩa Lộ;Nhà riêng;thue;2026-05;;;;;;;;san;nho;;
Quảng Ngãi;Phường Nghĩa Lộ;Nhà riêng;thue;2026-05;;;;;;;;san;kiet;;
Quảng Ngãi;Phường Nghĩa Lộ;Nhà riêng;thue;2026-06;;;;;;;;san;lon;;
Quảng Ngãi;Phường Nghĩa Lộ;Nhà riêng;thue;2026-06;;;;;;;;san;nho;;
Quảng Ngãi;Phường Nghĩa Lộ;Nhà riêng;thue;2026-06;;;;;;;;san;kiet;;
Quảng Ngãi;Phường Nghĩa Lộ;Nhà riêng;thue;2026-07;;;;;;;;san;lon;;
Quảng Ngãi;Phường Nghĩa Lộ;Nhà riêng;thue;2026-07;;;;;;;;san;nho;;
Quảng Ngãi;Phường Nghĩa Lộ;Nhà riêng;thue;2026-07;;;;;;;;san;kiet;;
Quảng Ngãi;Phường Nghĩa Lộ;Nhà riêng;thue;2026-08;;;;;;;;san;lon;;
Quảng Ngãi;Phường Nghĩa Lộ;Nhà riêng;thue;2026-08;;;;;;;;san;nho;;
Quảng Ngãi;Phường Nghĩa Lộ;Nhà riêng;thue;2026-08;;;;;;;;san;kiet;;
Quảng Ngãi;Phường Nghĩa Lộ;Nhà riêng;thue;2026-09;;;;;;;;san;lon;;
Quảng Ngãi;Phường Nghĩa Lộ;Nhà riêng;thue;2026-09;;;;;;;;san;nho;;
Quảng Ngãi;Phường Nghĩa Lộ;Nhà riêng;thue;2026-09;;;;;;;;san;kiet;;
Quảng Ngãi;Xã An Phú;Thuê đất / Nhà xưởng / Kho bãi;thue;2024-10;;;;;;;;dat;lon;;
Quảng Ngãi;Xã An Phú;Thuê đất / Nhà xưởng / Kho bãi;thue;2024-10;;;;;;;;dat;nho;;
Quảng Ngãi;Xã An Phú;Thuê đất / Nhà xưởng / Kho bãi;thue;2024-10;;;;;;;;dat;kiet;;
Quảng Ngãi;Xã An Phú;Thuê đất / Nhà xưởng / Kho bãi;thue;2024-11;;;;;;;;dat;lon;;
Quảng Ngãi;Xã An Phú;Thuê đất / Nhà xưởng / Kho bãi;thue;2024-11;;;;;;;;dat;nho;;
Quảng Ngãi;Xã An Phú;Thuê đất / Nhà xưởng / Kho bãi;thue;2024-11;;;;;;;;dat;kiet;;
Quảng Ngãi;Xã An Phú;Thuê đất / Nhà xưởng / Kho bãi;thue;2024-12;;;;;;;;dat;lon;;
Quảng Ngãi;Xã An Phú;Thuê đất / Nhà xưởng / Kho bãi;thue;2024-12;;;;;;;;dat;nho;;
Quảng Ngãi;Xã An Phú;Thuê đất / Nhà xưởng / Kho bãi;thue;2024-12;;;;;;;;dat;kiet;;
Quảng Ngãi;Xã An Phú;Thuê đất / Nhà xưởng / Kho bãi;thue;2025-01;;;;;;;;dat;lon;;
Quảng Ngãi;Xã An Phú;Thuê đất / Nhà xưởng / Kho bãi;thue;2025-01;;;;;;;;dat;nho;;
Quảng Ngãi;Xã An Phú;Thuê đất / Nhà xưởng / Kho bãi;thue;2025-01;;;;;;;;dat;kiet;;
Quảng Ngãi;Xã An Phú;Thuê đất / Nhà xưởng / Kho bãi;thue;2025-02;;;;;;;;dat;lon;;
Quảng Ngãi;Xã An Phú;Thuê đất / Nhà xưởng / Kho bãi;thue;2025-02;;;;;;;;dat;nho;;
Quảng Ngãi;Xã An Phú;Thuê đất / Nhà xưởng / Kho bãi;thue;2025-02;;;;;;;;dat;kiet;;
Quảng Ngãi;Xã An Phú;Thuê đất / Nhà xưởng / Kho bãi;thue;2025-03;;;;;;;;dat;lon;;
Quảng Ngãi;Xã An Phú;Thuê đất / Nhà xưởng / Kho bãi;thue;2025-03;;;;;;;;dat;nho;;
Quảng Ngãi;Xã An Phú;Thuê đất / Nhà xưởng / Kho bãi;thue;2025-03;;;;;;;;dat;kiet;;
Quảng Ngãi;Xã An Phú;Thuê đất / Nhà xưởng / Kho bãi;thue;2025-04;;;;;;;;dat;lon;;
Quảng Ngãi;Xã An Phú;Thuê đất / Nhà xưởng / Kho bãi;thue;2025-04;;;;;;;;dat;nho;;
Quảng Ngãi;Xã An Phú;Thuê đất / Nhà xưởng / Kho bãi;thue;2025-04;;;;;;;;dat;kiet;;
Quảng Ngãi;Xã An Phú;Thuê đất / Nhà xưởng / Kho bãi;thue;2025-05;;;;;;;;dat;lon;;
Quảng Ngãi;Xã An Phú;Thuê đất / Nhà xưởng / Kho bãi;thue;2025-05;;;;;;;;dat;nho;;
Quảng Ngãi;Xã An Phú;Thuê đất / Nhà xưởng / Kho bãi;thue;2025-05;;;;;;;;dat;kiet;;
Quảng Ngãi;Xã An Phú;Thuê đất / Nhà xưởng / Kho bãi;thue;2025-06;;;;;;;;dat;lon;;
Quảng Ngãi;Xã An Phú;Thuê đất / Nhà xưởng / Kho bãi;thue;2025-06;;;;;;;;dat;nho;;
Quảng Ngãi;Xã An Phú;Thuê đất / Nhà xưởng / Kho bãi;thue;2025-06;;;;;;;;dat;kiet;;
Quảng Ngãi;Xã An Phú;Thuê đất / Nhà xưởng / Kho bãi;thue;2025-07;;;;;;;;dat;lon;;
Quảng Ngãi;Xã An Phú;Thuê đất / Nhà xưởng / Kho bãi;thue;2025-07;;;;;;;;dat;nho;;
Quảng Ngãi;Xã An Phú;Thuê đất / Nhà xưởng / Kho bãi;thue;2025-07;;;;;;;;dat;kiet;;
Quảng Ngãi;Xã An Phú;Thuê đất / Nhà xưởng / Kho bãi;thue;2025-08;;;;;;;;dat;lon;;
Quảng Ngãi;Xã An Phú;Thuê đất / Nhà xưởng / Kho bãi;thue;2025-08;;;;;;;;dat;nho;;
Quảng Ngãi;Xã An Phú;Thuê đất / Nhà xưởng / Kho bãi;thue;2025-08;;;;;;;;dat;kiet;;
Quảng Ngãi;Xã An Phú;Thuê đất / Nhà xưởng / Kho bãi;thue;2025-09;;;;;;;;dat;lon;;
Quảng Ngãi;Xã An Phú;Thuê đất / Nhà xưởng / Kho bãi;thue;2025-09;;;;;;;;dat;nho;;
Quảng Ngãi;Xã An Phú;Thuê đất / Nhà xưởng / Kho bãi;thue;2025-09;;;;;;;;dat;kiet;;
Quảng Ngãi;Xã An Phú;Thuê đất / Nhà xưởng / Kho bãi;thue;2025-10;;;;;;;;dat;lon;;
Quảng Ngãi;Xã An Phú;Thuê đất / Nhà xưởng / Kho bãi;thue;2025-10;;;;;;;;dat;nho;;
Quảng Ngãi;Xã An Phú;Thuê đất / Nhà xưởng / Kho bãi;thue;2025-10;;;;;;;;dat;kiet;;
Quảng Ngãi;Xã An Phú;Thuê đất / Nhà xưởng / Kho bãi;thue;2025-11;;;;;;;;dat;lon;;
Quảng Ngãi;Xã An Phú;Thuê đất / Nhà xưởng / Kho bãi;thue;2025-11;;;;;;;;dat;nho;;
Quảng Ngãi;Xã An Phú;Thuê đất / Nhà xưởng / Kho bãi;thue;2025-11;;;;;;;;dat;kiet;;
Quảng Ngãi;Xã An Phú;Thuê đất / Nhà xưởng / Kho bãi;thue;2025-12;;;;;;;;dat;lon;;
Quảng Ngãi;Xã An Phú;Thuê đất / Nhà xưởng / Kho bãi;thue;2025-12;;;;;;;;dat;nho;;
Quảng Ngãi;Xã An Phú;Thuê đất / Nhà xưởng / Kho bãi;thue;2025-12;;;;;;;;dat;kiet;;
Quảng Ngãi;Xã An Phú;Thuê đất / Nhà xưởng / Kho bãi;thue;2026-01;;;;;;;;dat;lon;;
Quảng Ngãi;Xã An Phú;Thuê đất / Nhà xưởng / Kho bãi;thue;2026-01;;;;;;;;dat;nho;;
Quảng Ngãi;Xã An Phú;Thuê đất / Nhà xưởng / Kho bãi;thue;2026-01;;;;;;;;dat;kiet;;
Quảng Ngãi;Xã An Phú;Thuê đất / Nhà xưởng / Kho bãi;thue;2026-02;;;;;;;;dat;lon;;
Quảng Ngãi;Xã An Phú;Thuê đất / Nhà xưởng / Kho bãi;thue;2026-02;;;;;;;;dat;nho;;
Quảng Ngãi;Xã An Phú;Thuê đất / Nhà xưởng / Kho bãi;thue;2026-02;;;;;;;;dat;kiet;;
Quảng Ngãi;Xã An Phú;Thuê đất / Nhà xưởng / Kho bãi;thue;2026-03;;;;;;;;dat;lon;;
Quảng Ngãi;Xã An Phú;Thuê đất / Nhà xưởng / Kho bãi;thue;2026-03;;;;;;;;dat;nho;;
Quảng Ngãi;Xã An Phú;Thuê đất / Nhà xưởng / Kho bãi;thue;2026-03;;;;;;;;dat;kiet;;
Quảng Ngãi;Xã An Phú;Thuê đất / Nhà xưởng / Kho bãi;thue;2026-04;;;;;;;;dat;lon;;
Quảng Ngãi;Xã An Phú;Thuê đất / Nhà xưởng / Kho bãi;thue;2026-04;;;;;;;;dat;nho;;
Quảng Ngãi;Xã An Phú;Thuê đất / Nhà xưởng / Kho bãi;thue;2026-04;;;;;;;;dat;kiet;;
Quảng Ngãi;Xã An Phú;Thuê đất / Nhà xưởng / Kho bãi;thue;2026-05;;;;;;;;dat;lon;;
Quảng Ngãi;Xã An Phú;Thuê đất / Nhà xưởng / Kho bãi;thue;2026-05;;;;;;;;dat;nho;;
Quảng Ngãi;Xã An Phú;Thuê đất / Nhà xưởng / Kho bãi;thue;2026-05;;;;;;;;dat;kiet;;
Quảng Ngãi;Xã An Phú;Thuê đất / Nhà xưởng / Kho bãi;thue;2026-06;;;;;;;;dat;lon;;
Quảng Ngãi;Xã An Phú;Thuê đất / Nhà xưởng / Kho bãi;thue;2026-06;;;;;;;;dat;nho;;
Quảng Ngãi;Xã An Phú;Thuê đất / Nhà xưởng / Kho bãi;thue;2026-06;;;;;;;;dat;kiet;;
Quảng Ngãi;Xã An Phú;Thuê đất / Nhà xưởng / Kho bãi;thue;2026-07;;;;;;;;dat;lon;;
Quảng Ngãi;Xã An Phú;Thuê đất / Nhà xưởng / Kho bãi;thue;2026-07;;;;;;;;dat;nho;;
Quảng Ngãi;Xã An Phú;Thuê đất / Nhà xưởng / Kho bãi;thue;2026-07;;;;;;;;dat;kiet;;
Quảng Ngãi;Xã An Phú;Thuê đất / Nhà xưởng / Kho bãi;thue;2026-08;;;;;;;;dat;lon;;
Quảng Ngãi;Xã An Phú;Thuê đất / Nhà xưởng / Kho bãi;thue;2026-08;;;;;;;;dat;nho;;
Quảng Ngãi;Xã An Phú;Thuê đất / Nhà xưởng / Kho bãi;thue;2026-08;;;;;;;;dat;kiet;;
Quảng Ngãi;Xã An Phú;Thuê đất / Nhà xưởng / Kho bãi;thue;2026-09;;;;;;;;dat;lon;;
Quảng Ngãi;Xã An Phú;Thuê đất / Nhà xưởng / Kho bãi;thue;2026-09;;;;;;;;dat;nho;;
Quảng Ngãi;Xã An Phú;Thuê đất / Nhà xưởng / Kho bãi;thue;2026-09;;;;;;;;dat;kiet;;
Quảng Trị;Xã Cửa Tùng;Đất nền / Đất nền dự án;ban;2024-10;;;;;;;;dat;lon;;
Quảng Trị;Xã Cửa Tùng;Đất nền / Đất nền dự án;ban;2024-10;;;;;;;;dat;nho;;
Quảng Trị;Xã Cửa Tùng;Đất nền / Đất nền dự án;ban;2024-10;;;;;;;;dat;kiet;;
Quảng Trị;Xã Cửa Tùng;Đất nền / Đất nền dự án;ban;2024-11;;;;;;;;dat;lon;;
Quảng Trị;Xã Cửa Tùng;Đất nền / Đất nền dự án;ban;2024-11;;;;;;;;dat;nho;;
Quảng Trị;Xã Cửa Tùng;Đất nền / Đất nền dự án;ban;2024-11;;;;;;;;dat;kiet;;
Quảng Trị;Xã Cửa Tùng;Đất nền / Đất nền dự án;ban;2024-12;;;;;;;;dat;lon;;
Quảng Trị;Xã Cửa Tùng;Đất nền / Đất nền dự án;ban;2024-12;;;;;;;;dat;nho;;
Quảng Trị;Xã Cửa Tùng;Đất nền / Đất nền dự án;ban;2024-12;;;;;;;;dat;kiet;;
Quảng Trị;Xã Cửa Tùng;Đất nền / Đất nền dự án;ban;2025-01;;;;;;;;dat;lon;;
Quảng Trị;Xã Cửa Tùng;Đất nền / Đất nền dự án;ban;2025-01;;;;;;;;dat;nho;;
Quảng Trị;Xã Cửa Tùng;Đất nền / Đất nền dự án;ban;2025-01;;;;;;;;dat;kiet;;
Quảng Trị;Xã Cửa Tùng;Đất nền / Đất nền dự án;ban;2025-02;;;;;;;;dat;lon;;
Quảng Trị;Xã Cửa Tùng;Đất nền / Đất nền dự án;ban;2025-02;;;;;;;;dat;nho;;
Quảng Trị;Xã Cửa Tùng;Đất nền / Đất nền dự án;ban;2025-02;;;;;;;;dat;kiet;;
Quảng Trị;Xã Cửa Tùng;Đất nền / Đất nền dự án;ban;2025-03;;;;;;;;dat;lon;;
Quảng Trị;Xã Cửa Tùng;Đất nền / Đất nền dự án;ban;2025-03;;;;;;;;dat;nho;;
Quảng Trị;Xã Cửa Tùng;Đất nền / Đất nền dự án;ban;2025-03;;;;;;;;dat;kiet;;
Quảng Trị;Xã Cửa Tùng;Đất nền / Đất nền dự án;ban;2025-04;;;;;;;;dat;lon;;
Quảng Trị;Xã Cửa Tùng;Đất nền / Đất nền dự án;ban;2025-04;;;;;;;;dat;nho;;
Quảng Trị;Xã Cửa Tùng;Đất nền / Đất nền dự án;ban;2025-04;;;;;;;;dat;kiet;;
Quảng Trị;Xã Cửa Tùng;Đất nền / Đất nền dự án;ban;2025-05;;;;;;;;dat;lon;;
Quảng Trị;Xã Cửa Tùng;Đất nền / Đất nền dự án;ban;2025-05;;;;;;;;dat;nho;;
Quảng Trị;Xã Cửa Tùng;Đất nền / Đất nền dự án;ban;2025-05;;;;;;;;dat;kiet;;
Quảng Trị;Xã Cửa Tùng;Đất nền / Đất nền dự án;ban;2025-06;;;;;;;;dat;lon;;
Quảng Trị;Xã Cửa Tùng;Đất nền / Đất nền dự án;ban;2025-06;;;;;;;;dat;nho;;
Quảng Trị;Xã Cửa Tùng;Đất nền / Đất nền dự án;ban;2025-06;;;;;;;;dat;kiet;;
Quảng Trị;Xã Cửa Tùng;Đất nền / Đất nền dự án;ban;2025-07;;;;;;;;dat;lon;;
Quảng Trị;Xã Cửa Tùng;Đất nền / Đất nền dự án;ban;2025-07;;;;;;;;dat;nho;;
Quảng Trị;Xã Cửa Tùng;Đất nền / Đất nền dự án;ban;2025-07;;;;;;;;dat;kiet;;
Quảng Trị;Xã Cửa Tùng;Đất nền / Đất nền dự án;ban;2025-08;;;;;;;;dat;lon;;
Quảng Trị;Xã Cửa Tùng;Đất nền / Đất nền dự án;ban;2025-08;;;;;;;;dat;nho;;
Quảng Trị;Xã Cửa Tùng;Đất nền / Đất nền dự án;ban;2025-08;;;;;;;;dat;kiet;;
Quảng Trị;Xã Cửa Tùng;Đất nền / Đất nền dự án;ban;2025-09;;;;;;;;dat;lon;;
Quảng Trị;Xã Cửa Tùng;Đất nền / Đất nền dự án;ban;2025-09;;;;;;;;dat;nho;;
Quảng Trị;Xã Cửa Tùng;Đất nền / Đất nền dự án;ban;2025-09;;;;;;;;dat;kiet;;
Quảng Trị;Xã Cửa Tùng;Đất nền / Đất nền dự án;ban;2025-10;;;;;;;;dat;lon;;
Quảng Trị;Xã Cửa Tùng;Đất nền / Đất nền dự án;ban;2025-10;;;;;;;;dat;nho;;
Quảng Trị;Xã Cửa Tùng;Đất nền / Đất nền dự án;ban;2025-10;;;;;;;;dat;kiet;;
Quảng Trị;Xã Cửa Tùng;Đất nền / Đất nền dự án;ban;2025-11;;;;;;;;dat;lon;;
Quảng Trị;Xã Cửa Tùng;Đất nền / Đất nền dự án;ban;2025-11;;;;;;;;dat;nho;;
Quảng Trị;Xã Cửa Tùng;Đất nền / Đất nền dự án;ban;2025-11;;;;;;;;dat;kiet;;
Quảng Trị;Xã Cửa Tùng;Đất nền / Đất nền dự án;ban;2025-12;;;;;;;;dat;lon;;
Quảng Trị;Xã Cửa Tùng;Đất nền / Đất nền dự án;ban;2025-12;;;;;;;;dat;nho;;
Quảng Trị;Xã Cửa Tùng;Đất nền / Đất nền dự án;ban;2025-12;;;;;;;;dat;kiet;;
Quảng Trị;Xã Cửa Tùng;Đất nền / Đất nền dự án;ban;2026-01;;;;;;;;dat;lon;;
Quảng Trị;Xã Cửa Tùng;Đất nền / Đất nền dự án;ban;2026-01;;;;;;;;dat;nho;;
Quảng Trị;Xã Cửa Tùng;Đất nền / Đất nền dự án;ban;2026-01;;;;;;;;dat;kiet;;
Quảng Trị;Xã Cửa Tùng;Đất nền / Đất nền dự án;ban;2026-02;;;;;;;;dat;lon;;
Quảng Trị;Xã Cửa Tùng;Đất nền / Đất nền dự án;ban;2026-02;;;;;;;;dat;nho;;
Quảng Trị;Xã Cửa Tùng;Đất nền / Đất nền dự án;ban;2026-02;;;;;;;;dat;kiet;;
Quảng Trị;Xã Cửa Tùng;Đất nền / Đất nền dự án;ban;2026-03;;;;;;;;dat;lon;;
Quảng Trị;Xã Cửa Tùng;Đất nền / Đất nền dự án;ban;2026-03;;;;;;;;dat;nho;;
Quảng Trị;Xã Cửa Tùng;Đất nền / Đất nền dự án;ban;2026-03;;;;;;;;dat;kiet;;
Quảng Trị;Xã Cửa Tùng;Đất nền / Đất nền dự án;ban;2026-04;;;;;;;;dat;lon;;
Quảng Trị;Xã Cửa Tùng;Đất nền / Đất nền dự án;ban;2026-04;;;;;;;;dat;nho;;
Quảng Trị;Xã Cửa Tùng;Đất nền / Đất nền dự án;ban;2026-04;;;;;;;;dat;kiet;;
Quảng Trị;Xã Cửa Tùng;Đất nền / Đất nền dự án;ban;2026-05;;;;;;;;dat;lon;;
Quảng Trị;Xã Cửa Tùng;Đất nền / Đất nền dự án;ban;2026-05;;;;;;;;dat;nho;;
Quảng Trị;Xã Cửa Tùng;Đất nền / Đất nền dự án;ban;2026-05;;;;;;;;dat;kiet;;
Quảng Trị;Xã Cửa Tùng;Đất nền / Đất nền dự án;ban;2026-06;;;;;;;;dat;lon;;
Quảng Trị;Xã Cửa Tùng;Đất nền / Đất nền dự án;ban;2026-06;;;;;;;;dat;nho;;
Quảng Trị;Xã Cửa Tùng;Đất nền / Đất nền dự án;ban;2026-06;;;;;;;;dat;kiet;;
Quảng Trị;Xã Cửa Tùng;Đất nền / Đất nền dự án;ban;2026-07;;;;;;;;dat;lon;;
Quảng Trị;Xã Cửa Tùng;Đất nền / Đất nền dự án;ban;2026-07;;;;;;;;dat;nho;;
Quảng Trị;Xã Cửa Tùng;Đất nền / Đất nền dự án;ban;2026-07;;;;;;;;dat;kiet;;
Quảng Trị;Xã Cửa Tùng;Đất nền / Đất nền dự án;ban;2026-08;;;;;;;;dat;lon;;
Quảng Trị;Xã Cửa Tùng;Đất nền / Đất nền dự án;ban;2026-08;;;;;;;;dat;nho;;
Quảng Trị;Xã Cửa Tùng;Đất nền / Đất nền dự án;ban;2026-08;;;;;;;;dat;kiet;;
Quảng Trị;Xã Cửa Tùng;Đất nền / Đất nền dự án;ban;2026-09;;;;;;;;dat;lon;;
Quảng Trị;Xã Cửa Tùng;Đất nền / Đất nền dự án;ban;2026-09;;;;;;;;dat;nho;;
Quảng Trị;Xã Cửa Tùng;Đất nền / Đất nền dự án;ban;2026-09;;;;;;;;dat;kiet;;
Quảng Trị;Phường Nam Đông Hà;Shophouse / Nhà phố thương mại;ban;2024-10;;;;;;;;san;lon;;
Quảng Trị;Phường Nam Đông Hà;Shophouse / Nhà phố thương mại;ban;2024-10;;;;;;;;san;nho;;
Quảng Trị;Phường Nam Đông Hà;Shophouse / Nhà phố thương mại;ban;2024-10;;;;;;;;san;kiet;;
Quảng Trị;Phường Nam Đông Hà;Shophouse / Nhà phố thương mại;ban;2024-11;;;;;;;;san;lon;;
Quảng Trị;Phường Nam Đông Hà;Shophouse / Nhà phố thương mại;ban;2024-11;;;;;;;;san;nho;;
Quảng Trị;Phường Nam Đông Hà;Shophouse / Nhà phố thương mại;ban;2024-11;;;;;;;;san;kiet;;
Quảng Trị;Phường Nam Đông Hà;Shophouse / Nhà phố thương mại;ban;2024-12;;;;;;;;san;lon;;
Quảng Trị;Phường Nam Đông Hà;Shophouse / Nhà phố thương mại;ban;2024-12;;;;;;;;san;nho;;
Quảng Trị;Phường Nam Đông Hà;Shophouse / Nhà phố thương mại;ban;2024-12;;;;;;;;san;kiet;;
Quảng Trị;Phường Nam Đông Hà;Shophouse / Nhà phố thương mại;ban;2025-01;;;;;;;;san;lon;;
Quảng Trị;Phường Nam Đông Hà;Shophouse / Nhà phố thương mại;ban;2025-01;;;;;;;;san;nho;;
Quảng Trị;Phường Nam Đông Hà;Shophouse / Nhà phố thương mại;ban;2025-01;;;;;;;;san;kiet;;
Quảng Trị;Phường Nam Đông Hà;Shophouse / Nhà phố thương mại;ban;2025-02;;;;;;;;san;lon;;
Quảng Trị;Phường Nam Đông Hà;Shophouse / Nhà phố thương mại;ban;2025-02;;;;;;;;san;nho;;
Quảng Trị;Phường Nam Đông Hà;Shophouse / Nhà phố thương mại;ban;2025-02;;;;;;;;san;kiet;;
Quảng Trị;Phường Nam Đông Hà;Shophouse / Nhà phố thương mại;ban;2025-03;;;;;;;;san;lon;;
Quảng Trị;Phường Nam Đông Hà;Shophouse / Nhà phố thương mại;ban;2025-03;;;;;;;;san;nho;;
Quảng Trị;Phường Nam Đông Hà;Shophouse / Nhà phố thương mại;ban;2025-03;;;;;;;;san;kiet;;
Quảng Trị;Phường Nam Đông Hà;Shophouse / Nhà phố thương mại;ban;2025-04;;;;;;;;san;lon;;
Quảng Trị;Phường Nam Đông Hà;Shophouse / Nhà phố thương mại;ban;2025-04;;;;;;;;san;nho;;
Quảng Trị;Phường Nam Đông Hà;Shophouse / Nhà phố thương mại;ban;2025-04;;;;;;;;san;kiet;;
Quảng Trị;Phường Nam Đông Hà;Shophouse / Nhà phố thương mại;ban;2025-05;;;;;;;;san;lon;;
Quảng Trị;Phường Nam Đông Hà;Shophouse / Nhà phố thương mại;ban;2025-05;;;;;;;;san;nho;;
Quảng Trị;Phường Nam Đông Hà;Shophouse / Nhà phố thương mại;ban;2025-05;;;;;;;;san;kiet;;
Quảng Trị;Phường Nam Đông Hà;Shophouse / Nhà phố thương mại;ban;2025-06;;;;;;;;san;lon;;
Quảng Trị;Phường Nam Đông Hà;Shophouse / Nhà phố thương mại;ban;2025-06;;;;;;;;san;nho;;
Quảng Trị;Phường Nam Đông Hà;Shophouse / Nhà phố thương mại;ban;2025-06;;;;;;;;san;kiet;;
Quảng Trị;Phường Nam Đông Hà;Shophouse / Nhà phố thương mại;ban;2025-07;;;;;;;;san;lon;;
Quảng Trị;Phường Nam Đông Hà;Shophouse / Nhà phố thương mại;ban;2025-07;;;;;;;;san;nho;;
Quảng Trị;Phường Nam Đông Hà;Shophouse / Nhà phố thương mại;ban;2025-07;;;;;;;;san;kiet;;
Quảng Trị;Phường Nam Đông Hà;Shophouse / Nhà phố thương mại;ban;2025-08;;;;;;;;san;lon;;
Quảng Trị;Phường Nam Đông Hà;Shophouse / Nhà phố thương mại;ban;2025-08;;;;;;;;san;nho;;
Quảng Trị;Phường Nam Đông Hà;Shophouse / Nhà phố thương mại;ban;2025-08;;;;;;;;san;kiet;;
Quảng Trị;Phường Nam Đông Hà;Shophouse / Nhà phố thương mại;ban;2025-09;;;;;;;;san;lon;;
Quảng Trị;Phường Nam Đông Hà;Shophouse / Nhà phố thương mại;ban;2025-09;;;;;;;;san;nho;;
Quảng Trị;Phường Nam Đông Hà;Shophouse / Nhà phố thương mại;ban;2025-09;;;;;;;;san;kiet;;
Quảng Trị;Phường Nam Đông Hà;Shophouse / Nhà phố thương mại;ban;2025-10;;;;;;;;san;lon;;
Quảng Trị;Phường Nam Đông Hà;Shophouse / Nhà phố thương mại;ban;2025-10;;;;;;;;san;nho;;
Quảng Trị;Phường Nam Đông Hà;Shophouse / Nhà phố thương mại;ban;2025-10;;;;;;;;san;kiet;;
Quảng Trị;Phường Nam Đông Hà;Shophouse / Nhà phố thương mại;ban;2025-11;;;;;;;;san;lon;;
Quảng Trị;Phường Nam Đông Hà;Shophouse / Nhà phố thương mại;ban;2025-11;;;;;;;;san;nho;;
Quảng Trị;Phường Nam Đông Hà;Shophouse / Nhà phố thương mại;ban;2025-11;;;;;;;;san;kiet;;
Quảng Trị;Phường Nam Đông Hà;Shophouse / Nhà phố thương mại;ban;2025-12;;;;;;;;san;lon;;
Quảng Trị;Phường Nam Đông Hà;Shophouse / Nhà phố thương mại;ban;2025-12;;;;;;;;san;nho;;
Quảng Trị;Phường Nam Đông Hà;Shophouse / Nhà phố thương mại;ban;2025-12;;;;;;;;san;kiet;;
Quảng Trị;Phường Nam Đông Hà;Shophouse / Nhà phố thương mại;ban;2026-01;;;;;;;;san;lon;;
Quảng Trị;Phường Nam Đông Hà;Shophouse / Nhà phố thương mại;ban;2026-01;;;;;;;;san;nho;;
Quảng Trị;Phường Nam Đông Hà;Shophouse / Nhà phố thương mại;ban;2026-01;;;;;;;;san;kiet;;
Quảng Trị;Phường Nam Đông Hà;Shophouse / Nhà phố thương mại;ban;2026-02;;;;;;;;san;lon;;
Quảng Trị;Phường Nam Đông Hà;Shophouse / Nhà phố thương mại;ban;2026-02;;;;;;;;san;nho;;
Quảng Trị;Phường Nam Đông Hà;Shophouse / Nhà phố thương mại;ban;2026-02;;;;;;;;san;kiet;;
Quảng Trị;Phường Nam Đông Hà;Shophouse / Nhà phố thương mại;ban;2026-03;;;;;;;;san;lon;;
Quảng Trị;Phường Nam Đông Hà;Shophouse / Nhà phố thương mại;ban;2026-03;;;;;;;;san;nho;;
Quảng Trị;Phường Nam Đông Hà;Shophouse / Nhà phố thương mại;ban;2026-03;;;;;;;;san;kiet;;
Quảng Trị;Phường Nam Đông Hà;Shophouse / Nhà phố thương mại;ban;2026-04;;;;;;;;san;lon;;
Quảng Trị;Phường Nam Đông Hà;Shophouse / Nhà phố thương mại;ban;2026-04;;;;;;;;san;nho;;
Quảng Trị;Phường Nam Đông Hà;Shophouse / Nhà phố thương mại;ban;2026-04;;;;;;;;san;kiet;;
Quảng Trị;Phường Nam Đông Hà;Shophouse / Nhà phố thương mại;ban;2026-05;;;;;;;;san;lon;;
Quảng Trị;Phường Nam Đông Hà;Shophouse / Nhà phố thương mại;ban;2026-05;;;;;;;;san;nho;;
Quảng Trị;Phường Nam Đông Hà;Shophouse / Nhà phố thương mại;ban;2026-05;;;;;;;;san;kiet;;
Quảng Trị;Phường Nam Đông Hà;Shophouse / Nhà phố thương mại;ban;2026-06;;;;;;;;san;lon;;
Quảng Trị;Phường Nam Đông Hà;Shophouse / Nhà phố thương mại;ban;2026-06;;;;;;;;san;nho;;
Quảng Trị;Phường Nam Đông Hà;Shophouse / Nhà phố thương mại;ban;2026-06;;;;;;;;san;kiet;;
Quảng Trị;Phường Nam Đông Hà;Shophouse / Nhà phố thương mại;ban;2026-07;;;;;;;;san;lon;;
Quảng Trị;Phường Nam Đông Hà;Shophouse / Nhà phố thương mại;ban;2026-07;;;;;;;;san;nho;;
Quảng Trị;Phường Nam Đông Hà;Shophouse / Nhà phố thương mại;ban;2026-07;;;;;;;;san;kiet;;
Quảng Trị;Phường Nam Đông Hà;Shophouse / Nhà phố thương mại;ban;2026-08;;;;;;;;san;lon;;
Quảng Trị;Phường Nam Đông Hà;Shophouse / Nhà phố thương mại;ban;2026-08;;;;;;;;san;nho;;
Quảng Trị;Phường Nam Đông Hà;Shophouse / Nhà phố thương mại;ban;2026-08;;;;;;;;san;kiet;;
Quảng Trị;Phường Nam Đông Hà;Shophouse / Nhà phố thương mại;ban;2026-09;;;;;;;;san;lon;;
Quảng Trị;Phường Nam Đông Hà;Shophouse / Nhà phố thương mại;ban;2026-09;;;;;;;;san;nho;;
Quảng Trị;Phường Nam Đông Hà;Shophouse / Nhà phố thương mại;ban;2026-09;;;;;;;;san;kiet;;
Quảng Trị;Xã Cửa Việt;Thuê đất / Nhà xưởng / Kho bãi;thue;2024-10;;;;;;;;dat;lon;;
Quảng Trị;Xã Cửa Việt;Thuê đất / Nhà xưởng / Kho bãi;thue;2024-10;;;;;;;;dat;nho;;
Quảng Trị;Xã Cửa Việt;Thuê đất / Nhà xưởng / Kho bãi;thue;2024-10;;;;;;;;dat;kiet;;
Quảng Trị;Xã Cửa Việt;Thuê đất / Nhà xưởng / Kho bãi;thue;2024-11;;;;;;;;dat;lon;;
Quảng Trị;Xã Cửa Việt;Thuê đất / Nhà xưởng / Kho bãi;thue;2024-11;;;;;;;;dat;nho;;
Quảng Trị;Xã Cửa Việt;Thuê đất / Nhà xưởng / Kho bãi;thue;2024-11;;;;;;;;dat;kiet;;
Quảng Trị;Xã Cửa Việt;Thuê đất / Nhà xưởng / Kho bãi;thue;2024-12;;;;;;;;dat;lon;;
Quảng Trị;Xã Cửa Việt;Thuê đất / Nhà xưởng / Kho bãi;thue;2024-12;;;;;;;;dat;nho;;
Quảng Trị;Xã Cửa Việt;Thuê đất / Nhà xưởng / Kho bãi;thue;2024-12;;;;;;;;dat;kiet;;
Quảng Trị;Xã Cửa Việt;Thuê đất / Nhà xưởng / Kho bãi;thue;2025-01;;;;;;;;dat;lon;;
Quảng Trị;Xã Cửa Việt;Thuê đất / Nhà xưởng / Kho bãi;thue;2025-01;;;;;;;;dat;nho;;
Quảng Trị;Xã Cửa Việt;Thuê đất / Nhà xưởng / Kho bãi;thue;2025-01;;;;;;;;dat;kiet;;
Quảng Trị;Xã Cửa Việt;Thuê đất / Nhà xưởng / Kho bãi;thue;2025-02;;;;;;;;dat;lon;;
Quảng Trị;Xã Cửa Việt;Thuê đất / Nhà xưởng / Kho bãi;thue;2025-02;;;;;;;;dat;nho;;
Quảng Trị;Xã Cửa Việt;Thuê đất / Nhà xưởng / Kho bãi;thue;2025-02;;;;;;;;dat;kiet;;
Quảng Trị;Xã Cửa Việt;Thuê đất / Nhà xưởng / Kho bãi;thue;2025-03;;;;;;;;dat;lon;;
Quảng Trị;Xã Cửa Việt;Thuê đất / Nhà xưởng / Kho bãi;thue;2025-03;;;;;;;;dat;nho;;
Quảng Trị;Xã Cửa Việt;Thuê đất / Nhà xưởng / Kho bãi;thue;2025-03;;;;;;;;dat;kiet;;
Quảng Trị;Xã Cửa Việt;Thuê đất / Nhà xưởng / Kho bãi;thue;2025-04;;;;;;;;dat;lon;;
Quảng Trị;Xã Cửa Việt;Thuê đất / Nhà xưởng / Kho bãi;thue;2025-04;;;;;;;;dat;nho;;
Quảng Trị;Xã Cửa Việt;Thuê đất / Nhà xưởng / Kho bãi;thue;2025-04;;;;;;;;dat;kiet;;
Quảng Trị;Xã Cửa Việt;Thuê đất / Nhà xưởng / Kho bãi;thue;2025-05;;;;;;;;dat;lon;;
Quảng Trị;Xã Cửa Việt;Thuê đất / Nhà xưởng / Kho bãi;thue;2025-05;;;;;;;;dat;nho;;
Quảng Trị;Xã Cửa Việt;Thuê đất / Nhà xưởng / Kho bãi;thue;2025-05;;;;;;;;dat;kiet;;
Quảng Trị;Xã Cửa Việt;Thuê đất / Nhà xưởng / Kho bãi;thue;2025-06;;;;;;;;dat;lon;;
Quảng Trị;Xã Cửa Việt;Thuê đất / Nhà xưởng / Kho bãi;thue;2025-06;;;;;;;;dat;nho;;
Quảng Trị;Xã Cửa Việt;Thuê đất / Nhà xưởng / Kho bãi;thue;2025-06;;;;;;;;dat;kiet;;
Quảng Trị;Xã Cửa Việt;Thuê đất / Nhà xưởng / Kho bãi;thue;2025-07;;;;;;;;dat;lon;;
Quảng Trị;Xã Cửa Việt;Thuê đất / Nhà xưởng / Kho bãi;thue;2025-07;;;;;;;;dat;nho;;
Quảng Trị;Xã Cửa Việt;Thuê đất / Nhà xưởng / Kho bãi;thue;2025-07;;;;;;;;dat;kiet;;
Quảng Trị;Xã Cửa Việt;Thuê đất / Nhà xưởng / Kho bãi;thue;2025-08;;;;;;;;dat;lon;;
Quảng Trị;Xã Cửa Việt;Thuê đất / Nhà xưởng / Kho bãi;thue;2025-08;;;;;;;;dat;nho;;
Quảng Trị;Xã Cửa Việt;Thuê đất / Nhà xưởng / Kho bãi;thue;2025-08;;;;;;;;dat;kiet;;
Quảng Trị;Xã Cửa Việt;Thuê đất / Nhà xưởng / Kho bãi;thue;2025-09;;;;;;;;dat;lon;;
Quảng Trị;Xã Cửa Việt;Thuê đất / Nhà xưởng / Kho bãi;thue;2025-09;;;;;;;;dat;nho;;
Quảng Trị;Xã Cửa Việt;Thuê đất / Nhà xưởng / Kho bãi;thue;2025-09;;;;;;;;dat;kiet;;
Quảng Trị;Xã Cửa Việt;Thuê đất / Nhà xưởng / Kho bãi;thue;2025-10;;;;;;;;dat;lon;;
Quảng Trị;Xã Cửa Việt;Thuê đất / Nhà xưởng / Kho bãi;thue;2025-10;;;;;;;;dat;nho;;
Quảng Trị;Xã Cửa Việt;Thuê đất / Nhà xưởng / Kho bãi;thue;2025-10;;;;;;;;dat;kiet;;
Quảng Trị;Xã Cửa Việt;Thuê đất / Nhà xưởng / Kho bãi;thue;2025-11;;;;;;;;dat;lon;;
Quảng Trị;Xã Cửa Việt;Thuê đất / Nhà xưởng / Kho bãi;thue;2025-11;;;;;;;;dat;nho;;
Quảng Trị;Xã Cửa Việt;Thuê đất / Nhà xưởng / Kho bãi;thue;2025-11;;;;;;;;dat;kiet;;
Quảng Trị;Xã Cửa Việt;Thuê đất / Nhà xưởng / Kho bãi;thue;2025-12;;;;;;;;dat;lon;;
Quảng Trị;Xã Cửa Việt;Thuê đất / Nhà xưởng / Kho bãi;thue;2025-12;;;;;;;;dat;nho;;
Quảng Trị;Xã Cửa Việt;Thuê đất / Nhà xưởng / Kho bãi;thue;2025-12;;;;;;;;dat;kiet;;
Quảng Trị;Xã Cửa Việt;Thuê đất / Nhà xưởng / Kho bãi;thue;2026-01;;;;;;;;dat;lon;;
Quảng Trị;Xã Cửa Việt;Thuê đất / Nhà xưởng / Kho bãi;thue;2026-01;;;;;;;;dat;nho;;
Quảng Trị;Xã Cửa Việt;Thuê đất / Nhà xưởng / Kho bãi;thue;2026-01;;;;;;;;dat;kiet;;
Quảng Trị;Xã Cửa Việt;Thuê đất / Nhà xưởng / Kho bãi;thue;2026-02;;;;;;;;dat;lon;;
Quảng Trị;Xã Cửa Việt;Thuê đất / Nhà xưởng / Kho bãi;thue;2026-02;;;;;;;;dat;nho;;
Quảng Trị;Xã Cửa Việt;Thuê đất / Nhà xưởng / Kho bãi;thue;2026-02;;;;;;;;dat;kiet;;
Quảng Trị;Xã Cửa Việt;Thuê đất / Nhà xưởng / Kho bãi;thue;2026-03;;;;;;;;dat;lon;;
Quảng Trị;Xã Cửa Việt;Thuê đất / Nhà xưởng / Kho bãi;thue;2026-03;;;;;;;;dat;nho;;
Quảng Trị;Xã Cửa Việt;Thuê đất / Nhà xưởng / Kho bãi;thue;2026-03;;;;;;;;dat;kiet;;
Quảng Trị;Xã Cửa Việt;Thuê đất / Nhà xưởng / Kho bãi;thue;2026-04;;;;;;;;dat;lon;;
Quảng Trị;Xã Cửa Việt;Thuê đất / Nhà xưởng / Kho bãi;thue;2026-04;;;;;;;;dat;nho;;
Quảng Trị;Xã Cửa Việt;Thuê đất / Nhà xưởng / Kho bãi;thue;2026-04;;;;;;;;dat;kiet;;
Quảng Trị;Xã Cửa Việt;Thuê đất / Nhà xưởng / Kho bãi;thue;2026-05;;;;;;;;dat;lon;;
Quảng Trị;Xã Cửa Việt;Thuê đất / Nhà xưởng / Kho bãi;thue;2026-05;;;;;;;;dat;nho;;
Quảng Trị;Xã Cửa Việt;Thuê đất / Nhà xưởng / Kho bãi;thue;2026-05;;;;;;;;dat;kiet;;
Quảng Trị;Xã Cửa Việt;Thuê đất / Nhà xưởng / Kho bãi;thue;2026-06;;;;;;;;dat;lon;;
Quảng Trị;Xã Cửa Việt;Thuê đất / Nhà xưởng / Kho bãi;thue;2026-06;;;;;;;;dat;nho;;
Quảng Trị;Xã Cửa Việt;Thuê đất / Nhà xưởng / Kho bãi;thue;2026-06;;;;;;;;dat;kiet;;
Quảng Trị;Xã Cửa Việt;Thuê đất / Nhà xưởng / Kho bãi;thue;2026-07;;;;;;;;dat;lon;;
Quảng Trị;Xã Cửa Việt;Thuê đất / Nhà xưởng / Kho bãi;thue;2026-07;;;;;;;;dat;nho;;
Quảng Trị;Xã Cửa Việt;Thuê đất / Nhà xưởng / Kho bãi;thue;2026-07;;;;;;;;dat;kiet;;
Quảng Trị;Xã Cửa Việt;Thuê đất / Nhà xưởng / Kho bãi;thue;2026-08;;;;;;;;dat;lon;;
Quảng Trị;Xã Cửa Việt;Thuê đất / Nhà xưởng / Kho bãi;thue;2026-08;;;;;;;;dat;nho;;
Quảng Trị;Xã Cửa Việt;Thuê đất / Nhà xưởng / Kho bãi;thue;2026-08;;;;;;;;dat;kiet;;
Quảng Trị;Xã Cửa Việt;Thuê đất / Nhà xưởng / Kho bãi;thue;2026-09;;;;;;;;dat;lon;;
Quảng Trị;Xã Cửa Việt;Thuê đất / Nhà xưởng / Kho bãi;thue;2026-09;;;;;;;;dat;nho;;
Quảng Trị;Xã Cửa Việt;Thuê đất / Nhà xưởng / Kho bãi;thue;2026-09;;;;;;;;dat;kiet;;
